Date,XOM,CVX,COP,SLB,GS,MS,JPM,BAC,KO,PEP,MCD,YUM,MSFT,GOOGL,META,AMZN,NEE,DUK,SO,AEP
2015-01-02,57.145538330078125,68.89832305908203,47.56376647949219,62.20848083496094,154.8726806640625,28.405534744262695,46.06678771972656,14.050795555114746,29.390262603759766,66.58293151855469,69.80445861816406,41.82003402709961,39.68174362182617,26.244783401489258,77.76708984375,15.425999641418457,19.752504348754883,52.45854949951172,30.44742774963379,40.75082015991211
2015-01-05,55.581932067871094,66.14435577392578,45.300140380859375,60.523826599121094,150.03707885742188,27.517629623413086,44.63664245605469,13.642613410949707,29.390262603759766,66.08235168457031,69.03353118896484,40.9703483581543,39.31684112548828,25.744714736938477,76.51805877685547,15.10949993133545,19.54329490661621,51.70334243774414,30.317920684814453,40.15104293823242
2015-01-06,55.28644561767578,66.11376190185547,43.429893493652344,59.34020233154297,147.001953125,26.725116729736328,43.479248046875,13.2344331741333,29.613445281982422,65.581787109375,69.1607437133789,40.46745681762695,38.73976516723633,25.109350204467773,75.48710632324219,14.76449966430664,19.619203567504883,52.55217361450195,30.681779861450195,40.3709602355957
2015-01-07,55.846649169921875,66.05870056152344,43.71975326538086,59.33295440673828,149.19265747070312,27.106689453125,43.545616149902344,13.297231674194336,29.983081817626953,67.49947357177734,70.36583709716797,41.808475494384766,39.23198699951172,25.035505294799805,75.48710632324219,14.920999526977539,19.798791885375977,52.720672607421875,31.020973205566406,40.944068908691406
2015-01-08,56.77619552612305,67.57030487060547,44.81014633178711,60.05183410644531,151.57456970214844,27.510295867919922,44.51869201660156,13.571972846984863,30.34575653076172,68.72621154785156,70.6278076171875,42.53678894042969,40.3861083984375,25.122730255126953,77.49942016601562,15.02299976348877,19.919126510620117,52.93289566040039,31.045642852783203,41.29726028442383
2015-01-09,56.69615173339844,66.22391510009766,44.80323791503906,58.977142333984375,149.2483673095703,27.062673568725586,43.74464797973633,13.328631401062012,30.010986328125,68.2608871459961,69.76702117919922,42.46163558959961,40.04664611816406,24.815954208374023,77.06327056884766,14.846500396728516,19.743247985839844,53.00778579711914,30.650936126708984,41.077354431152344
2015-01-12,55.60657501220703,64.79796600341797,43.52650451660156,56.67526626586914,147.43206787109375,26.688426971435547,43.36869430541992,13.093143463134766,29.738985061645508,67.97889709472656,69.61735534667969,42.14372634887695,39.54597473144531,24.63456153869629,76.05213165283203,14.570500373840332,19.69326400756836,53.05770492553711,30.657093048095703,41.0240364074707
2015-01-13,55.40341567993164,63.76983642578125,43.09172821044922,56.4792366027832,147.32054138183594,26.438926696777344,43.37605285644531,12.912601470947266,29.73200798034668,67.92951965332031,69.48261260986328,41.97032928466797,39.34228515625,24.869478225708008,75.78449249267578,14.737000465393066,19.77101707458496,53.344810485839844,30.63860511779785,41.23063278198242
2015-01-14,55.24335479736328,63.58622741699219,43.21595001220703,56.922183990478516,143.57643127441406,25.83722686767578,41.87956619262695,12.590770721435547,29.683195114135742,68.1551513671875,68.51704406738281,42.034263610839844,39.00285339355469,25.074159622192383,75.61597442626953,14.66349983215332,19.893205642700195,53.48212432861328,30.953134536743164,41.823726654052734
2015-01-15,54.76319885253906,62.83348083496094,42.380889892578125,55.644168853759766,142.19033813476562,25.374923706054688,40.53788757324219,11.931400299072266,29.557645797729492,68.1551513671875,68.39730072021484,41.53434753417969,38.59549331665039,24.97900390625,73.40538787841797,14.34749984741211,19.817304611206055,54.14995574951172,31.329326629638672,42.09029006958008
2015-01-16,56.0928840637207,64.33287811279297,43.53340530395508,59.0570182800293,141.18655395507812,25.602399826049805,41.23085021972656,12.072694778442383,29.662256240844727,68.59228515625,68.47962951660156,42.10401916503906,39.24047088623047,25.29867172241211,74.52555084228516,14.536999702453613,20.0357666015625,54.51819610595703,31.668514251708984,42.36351013183594
2015-01-20,56.07441329956055,65.1590576171875,43.609317779541016,58.43980026245117,139.9119415283203,25.499664306640625,41.06865310668945,11.978499412536621,30.10165786743164,68.74736022949219,67.96317291259766,41.359954833984375,39.367759704589844,25.272897720336914,75.5763168334961,14.472000122070312,20.167217254638672,54.73040771484375,31.859708786010742,42.336856842041016
2015-01-21,56.554588317871094,66.19332885742188,44.54100036621094,59.69601058959961,141.122802734375,25.4849910736084,41.20134735107422,12.096243858337402,30.241146087646484,68.66981506347656,67.6188735961914,41.56340789794922,38.96889877319336,25.79080581665039,76.07196807861328,14.862500190734863,20.344947814941406,55.34828186035156,32.075557708740234,42.74337387084961
2015-01-22,57.17018127441406,66.65845489501953,45.06549835205078,59.64519119262695,145.01834106445312,26.0720272064209,42.45457458496094,12.63001537322998,30.534061431884766,69.72736358642578,68.03052520751953,42.89458084106445,39.995723724365234,26.628875732421875,76.97405242919922,15.515999794006348,20.281997680664062,55.317073822021484,32.149559020996094,42.70339584350586
2015-01-23,55.9512939453125,65.39160919189453,44.61690902709961,59.54352569580078,143.7835235595703,25.793190002441406,41.78372573852539,12.347429275512695,30.206279754638672,69.46649169921875,67.03501892089844,43.08061981201172,40.03816223144531,26.859331130981445,77.15247344970703,15.619500160217285,20.26904296875,55.373268127441406,32.211238861083984,42.996612548828125
2015-01-26,56.48686981201172,66.63394165039062,45.42435836791992,60.763465881347656,143.72779846191406,25.763835906982422,41.85008239746094,12.441628456115723,29.990070343017578,69.57929229736328,67.8658676147461,43.15618896484375,39.893898010253906,26.60013198852539,76.82535552978516,15.482999801635742,20.319032669067383,55.26716995239258,32.211238861083984,43.029930114746094
2015-01-27,55.988224029541016,66.25453186035156,45.23112487792969,61.39521026611328,140.5970458984375,25.43362808227539,41.42988967895508,12.268935203552246,29.564617156982422,68.19039154052734,67.04251098632812,42.68532180786133,36.2023811340332,25.830453872680664,75.12032318115234,15.337499618530273,20.5911865234375,55.373268127441406,32.32842254638672,42.816680908203125
2015-01-28,54.14143753051758,63.46995162963867,43.18834686279297,58.635860443115234,137.8566436767578,24.85223960876465,40.36095428466797,11.931400299072266,29.236827850341797,67.4853744506836,66.45121002197266,42.37723159790039,34.95489501953125,25.396305084228516,75.5763168334961,15.195500373840332,20.350502014160156,54.83026885986328,32.17424011230469,42.23690414428711
2015-01-29,53.91368103027344,63.035430908203125,43.35396194458008,59.47093200683594,140.19866943359375,25.293798446655273,41.03917694091797,12.111940383911133,29.36236572265625,67.70393371582031,69.81192779541016,43.173614501953125,35.6507682800293,25.435956954956055,77.32099151611328,15.58899974822998,20.67263412475586,55.7727165222168,32.55660629272461,42.4634895324707
2015-01-30,53.81517791748047,62.74777603149414,43.46439743041992,59.826725006103516,137.34677124023438,24.881681442260742,40.08819580078125,11.8921537399292,28.71373748779297,66.11759185791016,69.1906967163086,42.016815185546875,34.28448486328125,26.64126968383789,75.24919128417969,17.726499557495117,20.2246150970459,54.387115478515625,31.28000259399414,41.8570556640625
2015-02-02,55.14487838745117,64.90814971923828,45.389869689941406,61.460540771484375,139.8004150390625,25.330595016479492,40.89173126220703,12.135491371154785,29.006671905517578,67.21039581298828,69.24308013916016,42.27842330932617,35.03127670288086,26.376115798950195,74.33719635009766,18.223499298095703,20.37827491760254,54.29974365234375,31.316991806030273,42.02365493774414
2015-02-03,56.78849792480469,67.03175354003906,46.74940490722656,63.23232650756836,143.58438110351562,25.786882400512695,41.81321716308594,12.473024368286133,29.034574508666992,67.82379913330078,70.2984390258789,42.78995895385742,35.302825927734375,26.430633544921875,74.7436294555664,18.177499771118164,20.409748077392578,54.16242980957031,31.329326629638672,41.823726654052734
2015-02-04,56.30218505859375,66.30960083007812,45.45886993408203,61.39521026611328,142.42129516601562,25.588167190551758,41.56258010864258,12.394527435302734,29.06943702697754,68.10578918457031,70.3957748413086,42.813209533691406,35.506507873535156,26.073801040649414,74.97162628173828,18.237499237060547,20.261642456054688,53.66313552856445,30.502925872802734,41.463863372802734
2015-02-05,56.856224060058594,66.89713287353516,46.6320915222168,62.39002227783203,144.00660705566406,25.705930709838867,41.85008239746094,12.535820960998535,29.14615821838379,68.11285400390625,70.61283111572266,43.714237213134766,36.02417755126953,26.25865936279297,74.95181274414062,18.694499969482422,20.31161880493164,54.12498092651367,30.657093048095703,41.61713790893555
2015-02-06,56.75081253051758,67.08069610595703,46.576881408691406,62.56428527832031,146.12562561035156,26.338817596435547,42.67572784423828,12.94400405883789,28.90902328491211,68.18333435058594,70.3508529663086,42.97597122192383,35.99021911621094,26.459381103515625,73.82173156738281,18.714000701904297,19.587730407714844,51.871864318847656,29.707361221313477,39.75539016723633
2015-02-09,56.78801345825195,67.58255767822266,46.8253288269043,62.681148529052734,145.16171264648438,26.2210750579834,42.624122619628906,12.834107398986816,28.755596160888672,67.6615982055664,69.40027618408203,42.49931335449219,35.94778060913086,26.231403350830078,73.7919921875,18.527999877929688,19.350744247436523,51.6159553527832,29.473012924194336,39.143775939941406
2015-02-10,56.44686508178711,67.42952728271484,46.921966552734375,62.2429313659668,147.02587890625,26.61111068725586,43.095924377441406,12.88904857635498,29.571603775024414,69.08577728271484,70.37330627441406,43.06317138671875,36.15145492553711,26.770620346069336,74.53546905517578,18.649999618530273,19.963563919067383,52.539695739746094,30.021888732910156,39.86293411254883
2015-02-11,56.19257354736328,67.30714416503906,46.84601974487305,61.88502883911133,149.4873809814453,26.765653610229492,43.02957534790039,12.841954231262207,29.550670623779297,70.78490447998047,70.51554870605469,43.01084899902344,35.964759826660156,26.66356658935547,75.8439712524414,18.756999969482422,19.450727462768555,51.572505950927734,29.57168197631836,39.170658111572266
2015-02-12,57.29039764404297,68.51227569580078,47.466922760009766,62.783390045166016,151.1842498779297,27.15569305419922,43.914215087890625,13.085297584533691,29.41118812561035,70.69325256347656,71.1741943359375,43.481712341308594,36.56727981567383,27.060546875,75.56642150878906,18.85849952697754,19.502565383911133,51.07473373413086,29.03230857849121,38.96902847290039
2015-02-13,57.91060256958008,69.69884490966797,48.750572204589844,64.5509033203125,150.56289672851562,27.06739044189453,43.9879264831543,13.03819751739502,29.285654067993164,69.88953399658203,71.59335327148438,43.41777420043945,37.22921371459961,27.315784454345703,75.0806655883789,19.09149932861328,19.18412208557129,50.306034088134766,28.608304977416992,38.86821746826172
2015-02-17,57.7121467590332,69.46400451660156,48.46454620361328,64.92340087890625,151.37542724609375,27.17041778564453,44.30490493774414,13.053895950317383,29.16010856628418,69.34664154052734,70.62030792236328,44.208343505859375,37.24631118774414,27.010986328125,74.94189453125,18.771499633789062,19.1470947265625,50.02250289916992,28.396299362182617,38.89509963989258
2015-02-18,56.44686508178711,68.25267791748047,47.25067138671875,64.08348083496094,150.29994201660156,26.765653610229492,43.766754150390625,12.794855117797852,29.104310989379883,70.03052520751953,70.7924575805664,44.46994400024414,37.20356750488281,26.894023895263672,76.04222869873047,18.668500900268555,19.71547508239746,51.01803970336914,29.206911087036133,39.735225677490234
2015-02-19,55.473114013671875,66.9610595703125,47.03439712524414,63.52838134765625,150.65049743652344,26.73621368408203,43.663551330566406,12.72420883178711,29.36933708190918,69.6004638671875,70.50056457519531,44.56877517700195,37.17793655395508,27.082353591918945,78.7286376953125,18.950000762939453,19.51923179626465,49.88386917114258,28.801607131958008,39.258033752441406
2015-02-20,55.77082824707031,67.1155776977539,47.006500244140625,62.72496032714844,152.56236267089844,27.037946701049805,44.08375549316406,12.85765552520752,29.271699905395508,69.84017181396484,70.50056457519531,45.068687438964844,37.48561096191406,26.851896286010742,79.20446014404297,19.183000564575195,19.55069923400879,49.59403610229492,28.77042579650879,39.466392517089844
2015-02-23,55.206417083740234,66.65826416015625,46.68558120727539,62.47663116455078,151.60647583007812,26.692058563232422,43.752017974853516,12.71635913848877,29.18799591064453,70.1151351928711,70.59037780761719,45.016361236572266,37.73346710205078,26.5148868560791,78.1536865234375,19.006999969482422,19.622907638549805,49.94057846069336,28.976192474365234,39.7150764465332
2015-02-24,55.460697174072266,66.72005462646484,46.804176330566406,62.308658599853516,153.12802124023438,27.037946701049805,44.835693359375,12.85765552520752,29.38328742980957,70.206787109375,71.09186553955078,45.26050567626953,37.682186126708984,26.695783615112305,77.76708984375,18.929500579833984,19.639568328857422,50.31232833862305,29.238073348999023,39.84275817871094
2015-02-25,55.57236862182617,67.10320281982422,47.11112976074219,62.235618591308594,152.72967529296875,26.927566528320312,45.071590423583984,12.94400405883789,29.327486038208008,70.15038299560547,73.84630584716797,45.89994430541992,37.59671401977539,27.12596893310547,78.86742401123047,19.26849937438965,19.354236602783203,49.78304672241211,28.633243560791016,39.0362434387207
2015-02-26,54.98313522338867,66.1638412475586,45.939109802246094,61.2714958190918,153.59274291992188,26.53751564025879,45.39595413208008,12.590770721435547,29.613445281982422,69.84722137451172,75.12981414794922,46.14992141723633,37.65656280517578,27.718711853027344,79.71002197265625,19.239999771118164,19.298294067382812,49.49951171875,28.533472061157227,38.58592224121094
2015-02-27,54.9149055480957,65.92900848388672,45.48564910888672,61.46870422363281,151.6668243408203,26.338817596435547,45.17479705810547,12.410223960876465,30.19929313659668,69.78377532958984,74.66925048828125,47.149749755859375,37.47705841064453,27.88424301147461,78.28255462646484,19.007999420166016,19.294559478759766,49.49323272705078,28.55219078063965,38.70018005371094
2015-03-02,54.60479736328125,65.44695281982422,44.92754364013672,61.804691314697266,153.2650909423828,26.66998291015625,45.5360107421875,12.567219734191895,30.129552841186523,69.79783630371094,75.49977111816406,47.55086135864258,37.50270080566406,28.49829864501953,79.0557632446289,19.283000946044922,18.93648910522461,48.554412841796875,27.978517532348633,37.73905563354492
2015-03-03,54.344295501708984,64.9896240234375,45.19264221191406,62.01649856567383,152.8495330810547,26.36090087890625,45.68344497680664,12.590770721435547,29.95519256591797,69.37483215332031,75.30345153808594,47.38227462768555,36.989898681640625,28.685142517089844,78.90705871582031,19.230499267578125,19.011085510253906,48.83791732788086,28.15311050415039,38.12889099121094
2015-03-04,54.07139205932617,64.9896240234375,44.822898864746094,62.18450164794922,151.57093811035156,25.82367515563965,45.80141067504883,12.472657203674316,29.641347885131836,69.10159301757812,75.68850708007812,46.5510139465332,36.801876068115234,28.662343978881836,80.19576263427734,19.13599967956543,18.90851402282715,48.566993713378906,27.953580856323242,38.028072357177734
2015-03-05,53.79848098754883,64.72389221191406,44.181068420410156,61.95074462890625,151.89862060546875,26.140121459960938,45.70556640625,12.598647117614746,29.571603775024414,69.00933074951172,74.82781219482422,46.80678939819336,36.8446159362793,28.81598472595215,80.50305938720703,19.39150047302246,19.046518325805664,48.882049560546875,28.072052001953125,38.3641242980957
2015-03-06,53.11006164550781,63.994632720947266,43.80436706542969,60.70182800292969,149.36532592773438,26.147470474243164,44.88728713989258,12.771876335144043,28.957847595214844,68.25699615478516,73.33291625976562,46.01622009277344,36.2036018371582,28.393232345581055,79.3134994506836,19.004499435424805,18.40684700012207,47.23122024536133,27.492151260375977,36.97284698486328
2015-03-09,52.81853103637695,64.24181365966797,43.2322998046875,60.15402603149414,150.18051147460938,26.250503540039062,45.33697509765625,12.732505798339844,28.8671932220459,68.16470336914062,73.77082061767578,46.178977966308594,36.622413635253906,28.452699661254883,78.74845886230469,18.92799949645996,18.449737548828125,47.10519790649414,27.442272186279297,37.08711242675781
2015-03-10,52.26034164428711,63.599124908447266,42.46490478515625,59.387123107910156,146.00901794433594,25.669126510620117,44.20170211791992,12.433284759521484,28.378971099853516,67.02202606201172,72.69872283935547,45.272151947021484,35.92158126831055,27.746471405029297,76.87493133544922,18.475500106811523,18.27444076538086,47.06739807128906,27.39238929748535,37.1408805847168
2015-03-11,52.111488342285156,63.98845672607422,42.7648811340332,59.3579216003418,147.1837158203125,25.720632553100586,44.40811538696289,12.685259819030762,27.96748161315918,66.4542007446289,71.694580078125,44.46994400024414,35.87885284423828,27.540294647216797,76.89472961425781,18.318500518798828,18.2725772857666,46.802757263183594,27.26144790649414,36.81155014038086
2015-03-12,52.235538482666016,63.29627227783203,42.80674362182617,59.11689376831055,151.794677734375,27.295520782470703,45.24113845825195,12.669510841369629,28.53006362915039,67.93048858642578,72.66852569580078,45.2488899230957,35.0583610534668,27.8118839263916,78.24288177490234,18.711999893188477,18.746267318725586,47.432838439941406,27.722867965698242,37.61809158325195
2015-03-13,52.0184440612793,62.80187225341797,43.0020751953125,58.737091064453125,151.30723571777344,26.750926971435547,44.968387603759766,12.669510841369629,28.065929412841797,66.94393157958984,72.7439956665039,45.057064056396484,35.36603927612305,27.4069766998291,77.3705825805664,18.52899932861328,18.76305389404297,47.01068878173828,27.404861450195312,37.174503326416016
2015-03-16,52.57046890258789,63.73509216308594,43.53228759765625,59.35062789916992,153.35301208496094,27.03058624267578,45.59498596191406,12.701008796691895,28.333154678344727,67.74596405029297,73.34803009033203,45.45233154296875,35.51988220214844,27.835180282592773,77.39039611816406,18.667499542236328,19.20317268371582,47.703792572021484,27.828876495361328,37.745784759521484
2015-03-17,52.148685455322266,63.75977325439453,43.26021194458008,58.77362823486328,152.2901153564453,26.89811897277832,45.41806411743164,12.669510841369629,28.487873077392578,66.80909729003906,72.6081314086914,45.26050567626953,35.639530181884766,27.635452270507812,78.66915893554688,18.59600067138672,19.260988235473633,47.30683135986328,27.635568618774414,37.571022033691406
2015-03-18,53.38295364379883,65.94134521484375,44.3973388671875,59.92762756347656,153.68865966796875,27.03058624267578,45.521270751953125,12.58289623260498,28.55115509033203,67.17105102539062,73.23477172851562,45.8883171081543,36.323265075683594,28.059192657470703,80.20568084716797,18.756999969482422,19.93609046936035,48.1385383605957,28.14687728881836,38.68000030517578
2015-03-19,52.35337448120117,64.73625946044922,43.78343200683594,59.168025970458984,151.8106689453125,26.574310302734375,45.11581802368164,12.291548728942871,28.143281936645508,66.78778839111328,72.46468353271484,45.77206039428711,36.143802642822266,27.935787200927734,82.02965545654297,18.66200065612793,19.671274185180664,47.89280700683594,27.847578048706055,38.343955993652344
2015-03-20,52.433990478515625,66.1452865600586,44.536865234375,60.16134262084961,154.33596801757812,26.861330032348633,45.521270751953125,12.472657203674316,28.586328506469727,67.66790008544922,73.27252197265625,46.04527282714844,36.648033142089844,27.999223709106445,83.07050323486328,18.92449951171875,19.76637840270996,48.30865478515625,28.04088020324707,38.78083801269531
2015-03-23,52.985992431640625,65.45929718017578,44.1113166809082,59.89108657836914,153.4009246826172,26.72149085998535,45.071590423583984,12.378167152404785,28.565229415893555,68.02989196777344,74.45784759521484,46.080142974853516,36.630950927734375,28.020042419433594,83.69502258300781,18.75550079345703,19.71976089477539,48.39057159423828,28.165576934814453,38.9488639831543
2015-03-24,52.42159652709961,64.3963394165039,43.636924743652344,59.781532287597656,152.85755920410156,26.66998291015625,44.570289611816406,12.291548728942871,28.459749221801758,68.03694915771484,75.01656341552734,46.60332489013672,36.66512680053711,28.623191833496094,84.56737518310547,18.704500198364258,19.551916122436523,47.92428207397461,27.760282516479492,38.478389739990234
2015-03-25,52.63247299194336,65.30481719970703,43.9857292175293,60.83329391479492,149.7169952392578,26.088605880737305,43.94369888305664,12.134068489074707,28.445676803588867,67.61111450195312,74.09545135498047,46.0103874206543,35.434410095214844,28.10082244873047,82.19817352294922,18.54800033569336,19.287092208862305,47.23122024536133,27.454740524291992,37.577762603759766
2015-03-26,52.29755401611328,65.04522705078125,44.11829376220703,60.73833084106445,149.62905883789062,26.21370506286621,43.89208984375,12.14194393157959,28.3753604888916,67.87371826171875,73.71798706054688,45.66160583496094,35.22074508666992,27.934301376342773,82.2873764038086,18.36750030517578,19.156545639038086,46.84687042236328,27.286392211914062,37.187931060791016
2015-03-27,51.838592529296875,64.44575500488281,43.90203094482422,60.84785842895508,150.2843017578125,26.368261337280273,43.89945983886719,12.055323600769043,28.18548011779785,68.100830078125,73.2045669555664,45.52210235595703,35.01563262939453,27.632476806640625,82.57486724853516,18.527999877929688,19.30947494506836,47.25641632080078,27.442272186279297,37.571022033691406
2015-03-30,53.11006164550781,66.06494140625,44.64850997924805,61.70245361328125,152.6497039794922,26.72149085998535,44.938899993896484,12.220686912536621,28.487873077392578,68.50540924072266,73.89913940429688,46.16154098510742,35.007083892822266,27.810401916503906,82.47571563720703,18.72949981689453,19.533266067504883,47.82350540161133,27.641807556152344,38.028072357177734
2015-03-31,52.71931076049805,64.87837982177734,43.43461227416992,60.94284439086914,150.21243286132812,26.265222549438477,44.65876388549805,12.118322372436523,28.516000747680664,67.86663055419922,73.56697845458984,45.76044464111328,34.750675201416016,27.491226196289062,81.50426483154297,18.604999542236328,19.404592514038086,48.37797164916992,27.610628128051758,37.8062629699707
2015-04-01,52.38438415527344,64.76097869873047,43.96482467651367,61.556358337402344,153.61666870117188,26.47127914428711,44.48808288574219,12.134068489074707,28.607419967651367,67.49044036865234,72.69872283935547,45.83020782470703,34.801971435546875,27.233020782470703,80.95905303955078,18.51300048828125,19.53699493408203,48.40946578979492,27.822633743286133,37.886932373046875
2015-04-02,52.28515625,65.06379699707031,44.07643508911133,61.63671112060547,153.0732879638672,26.53751564025879,44.911067962646484,12.236433029174805,28.607419967651367,67.91630554199219,72.35143280029297,46.38243865966797,34.4344482421875,26.827611923217773,80.85002136230469,18.612499237060547,19.535133361816406,48.497703552246094,27.835098266601562,37.947418212890625
2015-04-06,52.799930572509766,66.07732391357422,45.618194580078125,62.74689865112305,153.472900390625,26.4271240234375,44.873958587646484,12.212807655334473,28.951997756958008,68.47702026367188,72.69115447998047,46.34755325317383,35.5113410949707,26.958452224731445,81.72235107421875,18.851999282836914,19.682458877563477,49.297908782958984,28.00969123840332,38.377559661865234
2015-04-07,53.18449020385742,67.07848358154297,45.89726257324219,63.00983810424805,153.74456787109375,26.449199676513672,45.15595245361328,12.173436164855957,28.839475631713867,68.28536987304688,72.7439956665039,45.51048278808594,35.49423599243164,27.003551483154297,81.60340881347656,18.720500946044922,19.449344635009766,48.92615509033203,27.59815216064453,37.886932373046875
2015-04-08,52.13629150390625,65.9166259765625,45.21358108520508,62.90024948120117,153.8804168701172,26.68470001220703,45.304378509521484,12.291548728942871,28.755096435546875,68.15763092041016,73.12150573730469,45.75590133666992,35.40022659301758,27.200803756713867,81.56373596191406,19.059999465942383,19.40273094177246,48.70562744140625,27.64803695678711,37.62480163574219
2015-04-09,52.50222396850586,66.09584045410156,46.74138641357422,64.60203552246094,155.74237060546875,26.964353561401367,45.61604690551758,12.370292663574219,28.867612838745117,68.38472747802734,72.89502716064453,46.11820983886719,35.451515197753906,27.160165786743164,81.45470428466797,19.177000045776367,19.39712142944336,48.522891998291016,27.729095458984375,37.497100830078125
2015-04-10,53.066650390625,66.07112884521484,46.41348648071289,65.08409881591797,156.3417510986328,26.66998291015625,45.7867317199707,12.378167152404785,28.748065948486328,68.27828216552734,73.83877563476562,46.76101303100586,35.65663528442383,27.18593406677246,81.32583618164062,19.13249969482422,19.563112258911133,49.04585266113281,27.822633743286133,37.900360107421875
2015-04-13,52.930179595947266,65.81774139404297,46.28095626831055,64.2879867553711,156.29380798339844,26.714128494262695,46.061309814453125,12.441158294677734,28.621492385864258,67.802734375,73.56697845458984,47.17007064819336,35.690818786621094,27.190889358520508,82.2873764038086,19.118000030517578,19.348642349243164,48.661521911621094,27.560745239257812,37.416446685791016
2015-04-14,53.730281829833984,67.2638931274414,47.69016647338867,64.85767364501953,158.00393676757812,27.111547470092773,46.78114700317383,12.456908226013184,28.487873077392578,68.48410034179688,73.67267608642578,46.52725601196289,35.59680938720703,26.751789093017578,82.79293823242188,19.25550079345703,19.462404251098633,48.888343811035156,27.65427589416504,37.705467224121094
2015-04-15,54.62959671020508,68.23416900634766,48.41571044921875,67.19490051269531,160.70501708984375,27.51629638671875,47.64936828613281,12.315173149108887,28.410512924194336,68.58348846435547,72.81198120117188,46.51559066772461,36.1181526184082,26.81422996520996,81.989990234375,19.172500610351562,19.428831100463867,49.159271240234375,27.560745239257812,37.88019943237305
2015-04-16,54.41253662109375,68.07967376708984,48.143638610839844,67.1145248413086,159.99383544921875,27.49422836303711,47.35253143310547,12.433284759521484,28.55115509033203,68.45574188232422,72.20042419433594,46.451297760009766,36.03268051147461,26.937143325805664,81.5934829711914,19.302000045776367,19.350505828857422,48.71192932128906,27.504627227783203,37.537437438964844
2015-04-17,53.91634750366211,67.43074798583984,47.222774505615234,67.8230209350586,157.70826721191406,27.045299530029297,46.6327018737793,12.252181053161621,28.34018898010254,68.00148010253906,71.6341781616211,46.60324478149414,35.5711555480957,26.402877807617188,80.07679748535156,18.777999877929688,19.236738204956055,48.71192932128906,27.504627227783203,37.456783294677734
2015-04-20,54.108619689941406,68.15998077392578,47.86458206176758,67.53816986083984,158.30760192871094,27.199851989746094,46.929542541503906,12.260050773620605,28.593355178833008,68.49120330810547,72.61569213867188,47.38629150390625,36.67367935180664,26.987199783325195,82.36669158935547,19.475500106811523,19.488506317138672,49.531028747558594,27.909927368164062,38.061668395996094
2015-04-21,53.88532257080078,67.81391906738281,47.452980041503906,66.67632293701172,157.30067443847656,27.045299530029297,46.23939895629883,12.204937934875488,28.67774772644043,68.68994140625,71.62661743164062,47.24604415893555,36.44292449951172,26.90740394592285,82.89207458496094,19.55900001525879,19.283363342285156,49.19078063964844,27.697927474975586,37.61809158325195
2015-04-22,54.24505615234375,67.6717758178711,47.35529708862305,67.31177520751953,158.4833984375,27.37647247314453,46.70690155029297,12.393913269042969,29.050453186035156,69.0447998046875,73.86897277832031,49.110164642333984,36.74205780029297,27.217653274536133,83.89328002929688,19.489999771118164,19.26285171508789,49.335693359375,27.735332489013672,37.73234176635742
2015-04-23,54.294681549072266,67.9622573852539,47.62041473388672,67.9617919921875,159.2745361328125,27.508934020996094,46.603023529052734,12.35454273223877,28.797290802001953,67.94470977783203,73.23477172851562,49.127708435058594,37.04118728637695,27.628013610839844,81.69261932373047,19.499500274658203,19.447479248046875,49.688560485839844,27.866281509399414,38.24314498901367
2015-04-24,53.94115447998047,67.90042877197266,47.09718704223633,66.91002655029297,158.21966552734375,27.49422836303711,46.45460891723633,12.315173149108887,28.755096435546875,67.54722595214844,74.54845428466797,50.8983268737793,40.91282653808594,28.430898666381836,80.82027435302734,22.2549991607666,19.59107780456543,50.03510284423828,27.978517532348633,38.901832580566406
2015-04-27,53.965965270996094,67.79536437988281,46.783233642578125,67.4359130859375,157.04502868652344,27.26607894897461,46.26166534423828,12.252181053161621,28.712909698486328,67.06460571289062,72.81198120117188,50.611995697021484,41.04955291748047,28.05721092224121,81.19696807861328,21.92799949645996,19.361696243286133,49.37980270385742,27.635568618774414,38.78754806518555
2015-04-28,54.45596694946289,68.6729507446289,47.25761032104492,67.67695617675781,157.82015991210938,27.369531631469727,46.57333755493164,12.32304859161377,28.670705795288086,67.01490783691406,73.1064453125,50.74641036987305,42.01533126831055,27.970481872558594,79.97767639160156,21.465499877929688,19.413911819458008,49.75785827636719,27.847578048706055,39.0362434387207
2015-04-29,54.49937438964844,69.04994201660156,47.48088836669922,68.86015319824219,158.67520141601562,27.702051162719727,47.19669723510742,12.58289623260498,28.47380828857422,66.98650360107422,73.24986267089844,50.40163040161133,41.929874420166016,27.82278823852539,79.7695083618164,21.4685001373291,19.152820587158203,49.41761779785156,27.84134292602539,38.84132766723633
2015-04-30,54.189239501953125,68.63585662841797,47.38319778442383,69.10116577148438,156.96511840820312,27.569034576416016,46.94437026977539,12.5435209274292,28.52303123474121,67.51174926757812,72.89502716064453,50.23216247558594,41.5709114074707,27.19733238220215,78.08428955078125,21.089000701904297,18.822729110717773,48.8757438659668,27.623106002807617,38.22298812866211
2015-05-01,55.107181549072266,67.38749694824219,47.0483512878418,67.92527770996094,157.85206604003906,27.71682357788086,47.20412063598633,12.685259819030762,28.7691593170166,67.82402801513672,73.83877563476562,53.70329284667969,41.588008880615234,27.315784454345703,78.30237579345703,21.14349937438965,18.999900817871094,49.08366012573242,27.947341918945312,38.33050537109375
2015-05-04,55.268428802490234,66.94252014160156,46.75532531738281,67.9106674194336,159.26658630371094,28.01238250732422,48.027835845947266,12.945107460021973,28.8043212890625,68.100830078125,72.57791137695312,53.18320846557617,41.22903823852539,27.399049758911133,78.12393951416016,21.152000427246094,19.164011001586914,49.12146759033203,28.047103881835938,38.552310943603516
2015-05-05,54.95832443237305,66.74478149414062,46.88092041015625,67.22409057617188,157.66036987304688,27.6724910736084,47.79035568237305,12.874239921569824,28.656635284423828,67.72467803955078,72.57791137695312,52.587154388427734,40.682064056396484,26.913354873657227,76.88482666015625,21.059499740600586,18.677263259887695,48.04401397705078,27.604389190673828,37.571022033691406
2015-05-06,54.697845458984375,66.7138671875,46.90184020996094,67.39209747314453,156.82923889160156,27.37691307067871,47.43415451049805,12.826993942260742,28.593355178833008,67.76725769042969,72.77423095703125,52.131351470947266,39.55389404296875,26.51885414123535,77.42012786865234,20.954999923706055,18.654882431030273,48.14485168457031,27.485925674438477,37.292842864990234
2015-05-07,54.331871032714844,66.47904205322266,46.47630310058594,65.902099609375,157.74021911621094,27.738996505737305,47.86456298828125,12.787623405456543,28.621492385864258,67.53304290771484,73.06865692138672,52.668975830078125,39.91285705566406,26.86379051208496,77.74725341796875,21.3439998626709,18.761188507080078,48.39688491821289,27.579448699951172,37.49638748168945
2015-05-08,55.19401931762695,67.14646911621094,46.8599853515625,67.50896453857422,160.2255401611328,27.997610092163086,48.599246978759766,12.952980995178223,28.818378448486328,68.5267105102539,74.16342163085938,52.52288055419922,40.81025695800781,27.206254959106445,77.82655334472656,21.684499740600586,18.874950408935547,48.58589553833008,27.529573440551758,37.86281967163086
2015-05-11,54.26846694946289,66.34925079345703,45.54146194458008,67.02689361572266,161.20838928222656,28.263626098632812,48.56955337524414,12.984477996826172,28.79025650024414,68.38472747802734,73.61985778808594,52.441062927246094,40.485477447509766,27.04914665222168,77.33090209960938,21.642499923706055,18.651147842407227,48.24564743041992,27.180383682250977,37.61173629760742
2015-05-12,54.4185791015625,66.47283935546875,45.62518310546875,67.53816986083984,160.24949645996094,27.871994018554688,48.50276184082031,12.93723201751709,28.614463806152344,68.27828216552734,73.95198822021484,52.82088851928711,40.468387603759766,26.699748992919922,76.78571319580078,21.551000595092773,18.63250732421875,48.075538635253906,27.105552673339844,37.286041259765625
2015-05-13,54.13091278076172,66.55938720703125,45.618194580078125,67.56739044189453,160.96875,27.916322708129883,48.62150192260742,12.968724250793457,28.867612838745117,68.42730712890625,73.49903106689453,52.5345573425293,40.707706451416016,26.737417221069336,77.75716400146484,21.3435001373291,18.68659019470215,47.39742660522461,27.049436569213867,36.8314208984375
2015-05-14,54.38731002807617,67.02285766601562,45.63912582397461,67.31906127929688,161.91969299316406,28.182340621948242,49.014808654785156,13.008099555969238,29.184062957763672,69.55583953857422,73.77082061767578,52.60468673706055,41.6392822265625,27.218647003173828,80.66166687011719,21.61400032043457,18.850706100463867,48.06598663330078,27.26602554321289,37.3878288269043
2015-05-15,54.62492752075195,67.4285659790039,45.87632751464844,67.2971420288086,162.19937133789062,27.968046188354492,48.88866424560547,12.874239921569824,29.1981258392334,69.71199035644531,74.01998138427734,54.90709686279297,41.28032302856445,27.084335327148438,79.71994018554688,21.299999237060547,19.04837989807129,48.486209869384766,27.607011795043945,37.72709655761719
2015-05-18,54.31226348876953,66.56724548339844,46.07167434692383,67.74267578125,163.5499267578125,28.32274055480957,49.28936004638672,13.000227928161621,29.05748176574707,69.5913314819336,74.00485229492188,54.69087600708008,41.032466888427734,27.093259811401367,80.17591857910156,21.261999130249023,19.078222274780273,48.40981674194336,27.562803268432617,37.91709518432617
2015-05-19,54.39979934692383,65.5498275756836,45.429847717285156,66.14313507080078,164.14126586914062,28.588764190673828,49.727230072021484,13.20495319366455,29.050453186035156,69.52033996582031,76.01316833496094,55.11160659790039,40.92925262451172,27.222610473632812,79.92810821533203,21.085500717163086,19.117389678955078,48.51168441772461,27.575435638427734,37.86281967163086
2015-05-20,54.487342834472656,65.6933822631836,45.70500183105469,66.28191375732422,163.88552856445312,28.32274055480957,49.33391571044922,13.1813325881958,29.078575134277344,69.3358154296875,75.58282470703125,55.444705963134766,40.92925262451172,27.382688522338867,79.84881591796875,21.19300079345703,19.119253158569336,48.734527587890625,27.575435638427734,37.944236755371094
2015-05-21,54.53739547729492,65.84320831298828,46.269432067871094,67.21678161621094,163.7816925048828,28.10845184326172,49.460060119628906,13.173453330993652,28.994197845458984,68.9880142211914,74.95616149902344,54.60321807861328,40.79160690307617,27.595802307128906,79.77942657470703,21.581499099731445,19.05211639404297,48.49258041381836,27.392314910888672,37.869598388671875
2015-05-22,54.10589599609375,65.46868133544922,45.93785095214844,67.20948791503906,166.0592041015625,28.204513549804688,49.32648468017578,13.189202308654785,28.98012351989746,68.32086944580078,74.73721313476562,53.4929084777832,40.34429168701172,27.482309341430664,79.83888244628906,21.381500244140625,19.06517219543457,48.42255401611328,27.297584533691406,37.761024475097656
2015-05-26,53.37423324584961,64.47003173828125,45.04178237915039,66.27458953857422,164.92442321777344,27.923725128173828,48.777339935302734,12.992352485656738,28.825420379638672,67.9872817993164,74.33707427978516,53.4929084777832,40.0776252746582,27.119029998779297,78.63941955566406,21.273500442504883,18.841379165649414,48.237876892089844,27.3418025970459,37.54389190673828
2015-05-27,53.22414016723633,64.357666015625,45.027679443359375,66.46451568603516,167.06602478027344,28.53702163696289,49.32648468017578,13.1813325881958,28.916828155517578,68.40602111816406,74.4880599975586,53.75004196166992,40.95505905151367,27.46892738342285,79.84881591796875,21.570999145507812,18.948495864868164,48.524417877197266,27.613332748413086,38.03923034667969
2015-05-28,53.22414016723633,64.4388427734375,45.05590057373047,66.20886993408203,167.1221923828125,28.61831283569336,49.12611770629883,13.126213073730469,28.93089485168457,68.888671875,73.47518157958984,53.644866943359375,40.81740951538086,27.465456008911133,79.4522933959961,21.328500747680664,19.21910858154297,48.358856201171875,27.474409103393555,38.06637954711914
2015-05-29,53.28041458129883,64.28902435302734,44.92890548706055,66.29650115966797,165.28648376464844,28.226680755615234,48.814449310302734,12.992352485656738,28.8043212890625,68.44153594970703,73.05632019042969,52.65727996826172,40.30988311767578,27.02635383605957,78.50064849853516,21.46150016784668,19.232261657714844,48.21879196166992,27.588062286376953,38.19529724121094
2015-06-01,53.236637115478516,64.05805969238281,44.879512786865234,66.57560729980469,166.58511352539062,28.507474899291992,49.03707504272461,13.031719207763672,28.79025650024414,68.11502075195312,73.27717590332031,52.75078582763672,40.628177642822266,27.219139099121094,79.59107208251953,21.54599952697754,19.45589256286621,48.390708923339844,27.575435638427734,38.00530242919922
2015-06-02,53.24289321899414,64.02689361572266,45.204063415527344,67.19988250732422,165.4788360595703,28.46312713623047,48.99253845214844,13.165583610534668,28.825420379638672,68.17182159423828,73.33047485351562,52.51702880859375,40.36149215698242,27.454059600830078,79.73975372314453,21.54949951171875,19.209712982177734,47.785823822021484,27.32916259765625,37.43531799316406
2015-06-03,53.124080657958984,63.77098846435547,45.01356506347656,67.09703063964844,166.9698944091797,28.82520294189453,49.49715042114258,13.370923042297363,28.74102210998535,68.13819122314453,73.50565338134766,53.49876022338867,40.30128860473633,27.520469665527344,81.72235107421875,21.829500198364258,18.833866119384766,47.24460220336914,27.228137969970703,36.89927291870117
2015-06-04,52.66758346557617,63.28413009643555,44.44913864135742,66.14962005615234,167.43478393554688,28.596134185791016,49.22259521484375,13.252459526062012,28.54413414001465,67.30882263183594,73.34571075439453,52.89685821533203,39.87977981567383,27.342050552368164,81.33575439453125,21.538999557495117,18.862051010131836,47.250972747802734,27.26602554321289,36.838199615478516
2015-06-05,52.705101013183594,63.40895080566406,44.477359771728516,66.22308349609375,168.701416015625,29.032093048095703,50.031463623046875,13.576263427734375,28.199554443359375,66.52949523925781,72.75933074951172,53.054649353027344,39.690528869628906,27.235002517700195,81.42497253417969,21.34749984741211,18.561372756958008,46.38501739501953,26.937673568725586,36.26142501831055
2015-06-08,53.06154251098633,62.678688049316406,44.75252151489258,65.63552856445312,168.1722869873047,28.88431739807129,49.63816833496094,13.489388465881348,28.241735458374023,66.37933349609375,72.59176635742188,52.88518524169922,39.337852478027344,26.935157775878906,79.96775817871094,21.174999237060547,18.4392147064209,46.130348205566406,26.899784088134766,36.27500915527344
2015-06-09,52.892696380615234,62.678688049316406,44.491458892822266,65.99540710449219,167.55506896972656,28.913877487182617,49.85336685180664,13.671043395996094,28.269865036010742,66.54379272460938,72.14246368408203,52.93775939941406,39.269004821777344,26.869741439819336,79.96775817871094,21.27400016784668,18.452375411987305,45.926597595214844,26.798742294311523,36.27500915527344
2015-06-10,53.28668975830078,63.55875778198242,45.168792724609375,67.29534149169922,170.8497772216797,29.475444793701172,50.65481185913086,13.892173767089844,28.361291885375977,66.98709869384766,72.57655334472656,53.527992248535156,40.09482955932617,27.387149810791016,81.4448013305664,21.53849983215332,18.627151489257812,45.875667572021484,26.735595703125,36.56678771972656
2015-06-11,53.21160125732422,63.1155891418457,45.175838470458984,66.59028625488281,171.4990692138672,29.460662841796875,50.84776306152344,13.813202857971191,28.432186126708984,67.27307891845703,72.79737854003906,53.37018966674805,39.94860076904297,27.260278701782227,81.11766815185547,21.648500442504883,18.730501174926758,46.39140701293945,26.893468856811523,36.85177993774414
2015-06-12,52.542510986328125,62.335391998291016,44.8089714050293,66.20838928222656,170.7936553955078,29.2685546875,50.64738464355469,13.813202857971191,28.332927703857422,67.0228271484375,72.3937759399414,53.241634368896484,39.54429244995117,27.13290786743164,80.82027435302734,21.496000289916992,18.649694442749023,46.181278228759766,26.710346221923828,36.593936920166016
2015-06-15,52.354888916015625,61.97338104248047,44.639644622802734,65.67959594726562,169.75149536132812,29.209442138671875,50.45445251464844,13.797404289245605,28.07058334350586,66.23633575439453,71.81499481201172,53.10723876953125,39.12278366088867,26.9113712310791,80.00740814208984,21.183500289916992,18.627151489257812,46.16218185424805,26.577749252319336,36.403934478759766
2015-06-16,52.95522689819336,62.44150924682617,44.75252151489258,65.87055206298828,171.1944122314453,29.36461639404297,50.736454010009766,13.860586166381836,28.418012619018555,66.88699340820312,72.06631469726562,53.65656661987305,39.42386245727539,27.00404930114746,80.35436248779297,21.363000869750977,18.704193115234375,46.206756591796875,26.824005126953125,36.45822525024414
2015-06-17,52.98652648925781,62.26673889160156,44.51263427734375,65.85585021972656,170.68939208984375,29.246389389038086,50.56576156616211,13.718425750732422,28.55272102355957,67.2444839477539,72.51563262939453,53.35266876220703,39.54429244995117,27.089792251586914,81.07801055908203,21.390499114990234,18.92406463623047,46.53148651123047,26.956623077392578,36.68213653564453
2015-06-18,53.455528259277344,62.57256317138672,44.39975357055664,65.09207153320312,172.02813720703125,29.40155792236328,51.04069519042969,13.72632122039795,28.822162628173828,68.08818817138672,73.23912048339844,54.15909957885742,40.189453125,27.564579010009766,82.1882553100586,21.969499588012695,19.21723175048828,47.46109390258789,27.35442352294922,37.20462417602539
2015-06-19,53.28668975830078,62.0857048034668,43.99053192138672,63.61587142944336,170.89781188964844,29.091215133666992,50.521236419677734,13.560471534729004,28.644899368286133,67.82361602783203,73.17057037353516,53.91950225830078,39.6561164855957,27.6309871673584,81.791748046875,21.746000289916992,18.97292137145996,46.60789489746094,26.981874465942383,36.96034240722656
2015-06-22,53.26166534423828,62.5975456237793,44.152801513671875,63.87290954589844,173.55926513671875,29.445892333984375,51.17427444458008,13.797404289245605,28.701622009277344,68.35271453857422,73.772216796875,54.00716018676758,39.7679557800293,27.7380428314209,84.0023193359375,21.81450080871582,18.935344696044922,46.52510070800781,26.842945098876953,36.80427932739258
2015-06-23,53.199119567871094,62.47271728515625,44.56908416748047,64.62940216064453,175.07427978515625,29.71190643310547,51.7605094909668,13.955358505249023,28.630718231201172,68.35271453857422,74.00828552246094,53.77927780151367,39.4926643371582,27.92190933227539,87.11497497558594,22.29949951171875,18.659095764160156,45.7037467956543,26.552492141723633,36.1935920715332
2015-06-24,52.95522689819336,61.96087646484375,44.32919692993164,64.2695083618164,171.8918914794922,29.29073143005371,51.21881103515625,13.813202857971191,28.49598503112793,68.13106536865234,73.59703063964844,53.47539520263672,39.26041030883789,27.683027267456055,88.08647155761719,22.04199981689453,18.516267776489258,45.16253662109375,26.331483840942383,35.935733795166016
2015-06-25,52.48622512817383,61.380409240722656,43.89881134033203,63.6525764465332,170.6012725830078,28.980377197265625,50.94423294067383,13.718425750732422,28.37546157836914,67.8021469116211,72.94970703125,53.3994255065918,39.269004821777344,27.652301788330078,87.2141342163086,22.0049991607666,18.41478729248047,45.00334548950195,26.27464485168457,35.70503234863281
2015-06-26,52.44245529174805,61.54269790649414,43.8705940246582,63.6525764465332,170.8817901611328,29.187267303466797,51.1668701171875,13.750017166137695,28.361291885375977,67.859375,74.09207916259766,54.19999313354492,38.933528900146484,27.409950256347656,87.24386596679688,21.905000686645508,18.5482120513916,45.20711135864258,26.45145034790039,35.90180587768555
2015-06-29,51.79207229614258,60.35054016113281,43.04511642456055,62.91084289550781,166.4568328857422,28.30796241760254,49.868202209472656,13.339334487915039,27.93585968017578,66.98709869384766,72.68317413330078,52.36508560180664,38.167930603027344,26.82463836669922,85.0531005859375,21.493000030517578,18.44861602783203,45.111610412597656,26.495656967163086,35.827171325683594
2015-06-30,52.02971267700195,60.213218688964844,43.32733154296875,63.300079345703125,167.37071228027344,28.662643432617188,50.283782958984375,13.442004203796387,27.815330505371094,66.73682403564453,72.40141296386719,52.639747619628906,37.97869110107422,26.764671325683594,85.02336883544922,21.704500198364258,18.422306060791016,44.965145111083984,26.457765579223633,35.9425163269043
2015-07-01,51.510650634765625,59.97603225708008,42.353675842285156,61.91202163696289,168.29254150390625,29.083824157714844,50.843971252441406,13.599961280822754,28.006771087646484,67.58050537109375,72.92688751220703,53.58057403564453,38.23676681518555,26.92624282836914,86.15343475341797,21.86949920654297,18.49747657775879,45.2580451965332,26.634571075439453,36.15966033935547
2015-07-02,51.992191314697266,59.83872985839844,42.69939041137695,61.69901657104492,167.69935607910156,28.817808151245117,50.43316650390625,13.449897766113281,27.999679565429688,67.68059539794922,73.23912048339844,53.49876022338867,38.19374465942383,27.126462936401367,86.5301284790039,21.885499954223633,18.833866119384766,46.181278228759766,27.082901000976562,36.7974853515625
2015-07-06,51.610713958740234,59.15214538574219,41.6693000793457,61.31711959838867,166.7694091796875,28.706966400146484,50.29125213623047,13.378820419311523,27.95003890991211,67.49472045898438,72.84309387207031,52.9845085144043,38.18516159057617,27.04121971130371,86.78787231445312,21.802000045776367,18.87895965576172,46.38501739501953,27.228137969970703,37.00105667114258
2015-07-07,51.823333740234375,59.46420669555664,42.0855827331543,61.83855056762695,166.90576171875,28.53702163696289,49.895381927490234,13.181379318237305,28.53853988647461,68.9247055053711,73.62752532958984,52.528724670410156,38.10771560668945,27.25977897644043,86.46073913574219,21.836000442504883,19.333742141723633,47.92589569091797,27.947986602783203,38.05279541015625
2015-07-08,51.2605094909668,58.39690399169922,41.175418853759766,60.89848709106445,163.57904052734375,27.923725128173828,48.8720703125,12.833874702453613,28.262025833129883,68.35986328125,72.98780059814453,50.910037994384766,38.05610275268555,26.846940994262695,84.90440368652344,21.485000610351562,19.15898323059082,47.62028503417969,27.91010284423828,38.01886749267578
2015-07-09,51.02912902832031,58.53422546386719,41.394134521484375,61.361209869384766,164.18019104003906,28.152782440185547,49.379974365234375,13.015523910522461,28.3045654296875,67.63055419921875,73.4828109741211,51.418399810791016,38.29697799682617,26.99314308166504,85.13240051269531,21.719499588012695,19.01427459716797,47.161834716796875,27.322858810424805,37.672813415527344
2015-07-10,51.41686248779297,58.92743682861328,41.718685150146484,61.66231155395508,166.08807373046875,28.551803588867188,50.08211135864258,13.189275741577148,28.637805938720703,68.31696319580078,74.36622619628906,53.095550537109375,38.3743896484375,27.56110954284668,87.18437957763672,22.175500869750977,19.1007137298584,47.35285186767578,27.379684448242188,37.69996643066406
2015-07-13,51.54191589355469,59.04603576660156,41.577579498291016,61.9046516418457,168.4368133544922,29.05426788330078,50.858909606933594,13.442004203796387,28.829259872436523,69.5110092163086,74.96022033691406,53.241634368896484,39.174400329589844,28.33524513244629,89.31565856933594,22.778499603271484,19.162731170654297,47.340118408203125,27.404943466186523,37.550689697265625
2015-07-14,51.97343063354492,59.63897705078125,42.000892639160156,62.63906478881836,170.0721893310547,29.342430114746094,51.568504333496094,13.528876304626465,29.190847396850586,69.44664001464844,75.22677612304688,53.75589370727539,39.24320602416992,28.952272415161133,88.89933013916016,23.278499603271484,19.16649055480957,46.989933013916016,27.284971237182617,37.44889450073242
2015-07-15,51.754547119140625,58.82133102416992,41.217769622802734,61.419925689697266,170.71340942382812,29.33505630493164,51.68054962158203,13.963254928588867,29.162494659423828,68.88892364501953,75.4476318359375,52.17102813720703,39.3636589050293,28.941368103027344,88.9786376953125,23.059499740600586,19.313072204589844,47.1300048828125,27.386005401611328,37.78137969970703
2015-07-16,51.84836196899414,58.97114562988281,40.88615036010742,61.610877990722656,169.2865753173828,29.490230560302734,51.9569206237793,14.176498413085938,29.410661697387695,69.28218078613281,74.52613067626953,51.80123519897461,40.13785171508789,29.824541091918945,90.05914306640625,23.77400016784668,19.62502670288086,47.633018493652344,27.771181106567383,38.2427864074707
2015-07-17,51.66074752807617,58.140987396240234,40.35699462890625,61.47871017456055,170.31268310546875,29.704513549804688,51.69546890258789,14.294967651367188,29.24757957458496,69.19640350341797,74.2519760131836,51.58403396606445,40.103431701660156,34.67354202270508,94.14325714111328,24.15049934387207,19.478443145751953,46.843467712402344,27.474409103393555,37.808536529541016
2015-07-20,51.12919616699219,58.00991439819336,39.912506103515625,61.339149475097656,170.25657653808594,29.586280822753906,51.73283004760742,14.310763359069824,29.33974838256836,69.57533264160156,74.24435424804688,51.730796813964844,40.36149215698242,34.33751678466797,97.05768585205078,24.405000686645508,19.384477615356445,46.65247344970703,27.35442352294922,37.68637466430664
2015-07-21,51.066654205322266,58.609127044677734,39.85606384277344,61.91202163696289,169.54306030273438,29.615848541259766,51.613319396972656,14.279168128967285,29.205034255981445,69.30364990234375,74.11488342285156,52.0184326171875,40.67116928100586,34.46192169189453,97.53350067138672,24.399999618530273,19.192794799804688,46.111244201660156,27.284971237182617,37.24532699584961
2015-07-22,51.14794158935547,58.36570739746094,39.39041519165039,62.61705780029297,170.94593811035156,29.955745697021484,52.34531784057617,14.571385383605957,28.999418258666992,69.47523498535156,74.31291198730469,52.42344284057617,39.174400329589844,34.44953155517578,96.19525146484375,24.41349983215332,19.318716049194336,46.07941818237305,27.310213088989258,37.46245574951172
2015-07-23,50.741477966308594,58.00991439819336,38.63963317871094,63.175209045410156,169.18240356445312,29.51239776611328,52.016666412353516,14.358141899108887,28.956871032714844,69.26074981689453,73.93975830078125,51.548831939697266,39.66472244262695,33.43998336791992,94.60917663574219,24.108999252319336,19.18152618408203,45.56367492675781,27.139732360839844,37.041770935058594
2015-07-24,49.99105453491211,56.54935836791992,37.24534606933594,60.88380813598633,166.21633911132812,29.26115608215332,51.471405029296875,14.137008666992188,28.673259735107422,68.76742553710938,73.18579864501953,50.897274017333984,39.51848220825195,32.45075225830078,96.10604858398438,26.47100067138672,19.220985412597656,45.646446228027344,27.076587677001953,37.048545837402344
2015-07-27,49.56581115722656,55.638092041015625,36.21572494506836,60.04657745361328,164.3485870361328,29.002540588378906,50.799171447753906,13.955358505249023,28.744157791137695,68.3956069946289,73.1401138305664,50.468788146972656,39.010963439941406,32.62421417236328,93.35022735595703,26.570499420166016,19.45026206970215,46.48054122924805,27.430204391479492,37.822086334228516
2015-07-28,51.57945251464844,57.67288589477539,37.35260009765625,60.59004592895508,165.32652282714844,29.002540588378906,50.829036712646484,14.12121295928955,28.75124740600586,68.71735382080078,74.1225357055664,51.03815841674805,39.002342224121094,32.6931037902832,94.46049499511719,26.30150032043457,19.561132431030273,46.56330871582031,27.493356704711914,37.92387008666992
2015-07-29,51.992191314697266,58.20342254638672,37.82450866699219,61.610877990722656,165.80752563476562,29.143470764160156,51.493812561035156,14.342345237731934,28.779617309570312,69.01763153076172,74.79269409179688,51.51948165893555,39.81956100463867,32.78082275390625,96.14569854736328,26.450000762939453,19.65509033203125,46.55057144165039,27.512296676635742,37.957801818847656
2015-07-30,51.910892486572266,58.06608581542969,37.231040954589844,61.339149475097656,166.0961151123047,29.15089225769043,51.568504333496094,14.318655014038086,28.758350372314453,69.08914947509766,75.52379608154297,51.666221618652344,40.327091217041016,32.93594741821289,94.38117218017578,26.83799934387207,19.711471557617188,46.76706314086914,28.02376937866211,38.215641021728516
2015-07-31,49.534542083740234,55.226131439208984,35.994056701660156,60.82505798339844,164.38870239257812,28.80968475341797,51.18756103515625,14.12121295928955,29.127037048339844,68.88892364501953,76.04924774169922,51.51361083984375,40.17225646972656,32.5860481262207,93.191650390625,26.8075008392334,19.769731521606445,47.25733947753906,28.244773864746094,38.385284423828125
2015-08-03,48.815372467041016,53.42855453491211,35.54360580444336,60.28159713745117,164.08399963378906,28.750337600708008,51.18756103515625,14.03433609008789,29.453187942504883,69.67544555664062,75.71417236328125,51.548831939697266,40.26689147949219,32.943878173828125,93.32049560546875,26.75149917602539,20.241418838500977,47.728515625,28.3900089263916,38.717777252197266
2015-08-04,48.25881576538086,53.18513107299805,35.65800857543945,60.421119689941406,164.4688720703125,28.869028091430664,51.13528823852539,14.058030128479004,29.67299461364746,69.93283081054688,75.50094604492188,51.7660026550293,40.89484786987305,32.77339172363281,93.24119567871094,26.594999313354492,20.021547317504883,47.066322326660156,28.049026489257812,38.26313781738281
2015-08-05,48.25881576538086,52.448604583740234,35.121734619140625,60.59004592895508,164.89370727539062,28.92836570739746,51.33696365356445,14.113317489624023,29.864431381225586,70.91951751708984,76.00357818603516,52.264957427978516,40.92925262451172,33.36861038208008,95.60047912597656,26.850500106811523,19.912551879882812,47.10453796386719,28.16899299621582,38.4395751953125
2015-08-06,48.83414077758789,53.17264175415039,35.95116424560547,61.39055252075195,164.4047088623047,28.876441955566406,50.97841262817383,14.06592845916748,29.72263526916504,70.89092254638672,75.66085052490234,51.51948165893555,40.103431701660156,33.21299362182617,94.2919692993164,26.472999572753906,19.873088836669922,47.01538848876953,28.453155517578125,38.53546905517578
2015-08-07,48.04617691040039,52.27383804321289,34.92154312133789,60.406436920166016,163.0819854736328,28.6168270111084,50.829036712646484,14.018543243408203,29.616273880004883,70.85515594482422,75.33338928222656,51.425575256347656,40.2066650390625,32.92752456665039,93.47911071777344,26.131000518798828,20.10799789428711,47.8494987487793,28.74993324279785,38.88478088378906
2015-08-10,49.24685287475586,53.60956954956055,35.89396667480469,62.014835357666016,165.11016845703125,28.987703323364258,51.45644760131836,14.247578620910645,29.55246353149414,70.8479995727539,75.69133758544922,51.548831939697266,40.71418762207031,32.86557388305664,93.3304214477539,26.200000762939453,20.019668579101562,47.633018493652344,28.705724716186523,38.84368133544922
2015-08-11,48.912322998046875,53.54090118408203,36.03696060180664,61.9560661315918,161.6871795654297,28.12727165222168,50.96348571777344,14.050135612487793,29.410661697387695,70.51195526123047,75.24962615966797,49.036537170410156,39.92279052734375,34.21164321899414,92.8050308227539,26.37299919128418,20.038463592529297,47.93864059448242,28.989879608154297,38.9395751953125
2015-08-12,49.732906341552734,54.17130661010742,36.852081298828125,62.301246643066406,161.23033142089844,27.867656707763672,50.22401809692383,13.836892127990723,29.25467872619629,70.34038543701172,74.84600067138672,47.35776901245117,40.2066650390625,34.269622802734375,93.37007141113281,26.295499801635742,20.3710880279541,48.64356231689453,29.406633377075195,39.43275833129883
2015-08-13,49.644535064697266,53.58458709716797,35.82246017456055,61.757774353027344,160.9176483154297,28.001174926757812,50.45556640625,13.915870666503906,29.14122200012207,70.63350677490234,75.67609405517578,49.189151763916016,40.19804382324219,34.02381134033203,92.61668395996094,26.482999801635742,20.46881103515625,48.65644073486328,29.49161148071289,39.41904830932617
2015-08-14,49.461483001708984,53.67197799682617,35.586490631103516,61.58885955810547,161.94371032714844,28.22369384765625,50.70952224731445,13.97905445098877,29.24757957458496,70.9481201171875,75.5999526977539,49.0659065246582,40.43032455444336,34.16554641723633,93.59805297851562,26.576000213623047,20.49135971069336,49.16501998901367,29.6002254486084,39.86427688598633
2015-08-17,49.720252990722656,52.60383224487305,35.43635940551758,61.324462890625,162.38461303710938,28.290454864501953,50.843971252441406,14.03433609008789,29.318479537963867,71.3985366821289,76.65850830078125,49.91114807128906,40.70558166503906,34.40046691894531,93.1123275756836,26.76099967956543,20.583450317382812,49.261592864990234,29.5810604095459,39.967010498046875
2015-08-18,49.17112350463867,52.736572265625,35.40060043334961,61.06740188598633,161.27032470703125,28.0530948638916,50.948551177978516,13.97115421295166,29.283029556274414,71.33421325683594,76.73466491699219,49.423954010009766,40.93073654174805,34.13383102416992,94.34152221679688,26.750999450683594,20.57969093322754,49.08134460449219,29.43412208557129,39.91221618652344
2015-08-19,48.11699295043945,51.13753128051758,34.092105865478516,59.24605178833008,161.08596801757812,27.771228790283203,50.4929313659668,13.789505958557129,28.914329528808594,70.77654266357422,76.99361419677734,50.533348083496094,40.35922622680664,34.396995544433594,94.48030853271484,26.645999908447266,20.49700164794922,49.70579528808594,29.58745574951172,40.27524948120117
2015-08-20,47.069190979003906,50.0820426940918,33.60590362548828,58.342689514160156,157.71914672851562,26.829208374023438,49.25299835205078,13.205074310302734,28.75124740600586,70.05436706542969,75.9731216430664,48.02692413330078,39.53663635253906,33.675392150878906,89.77165985107422,25.788999557495117,20.342899322509766,49.42252731323242,29.6193904876709,39.980716705322266
2015-08-21,45.529048919677734,47.88257598876953,32.45471954345703,56.917911529541016,150.49655151367188,25.3753662109375,47.505165100097656,12.715408325195312,28.028043746948242,68.81744384765625,73.97020721435547,46.782535552978516,37.29397201538086,31.91847038269043,85.31084442138672,24.723499298095703,20.100475311279297,49.383914947509766,29.261606216430664,39.2409782409668
2015-08-24,43.37662124633789,45.582000732421875,30.695772171020508,54.251976013183594,143.85910034179688,23.9289493560791,45.0029411315918,12.075687408447266,27.2126522064209,65.65721893310547,70.72594451904297,45.309207916259766,36.09037399291992,30.633859634399414,81.37539672851562,23.168500900268555,19.363813400268555,46.634986877441406,27.843259811401367,37.55597686767578
2015-08-25,43.370323181152344,44.254730224609375,30.166650772094727,53.2604866027832,142.86514282226562,23.558074951171875,44.74897003173828,12.051997184753418,26.93614387512207,64.09139251708984,69.46178436279297,44.669395446777344,35.04266357421875,30.354341506958008,82.2774658203125,23.318500518798828,18.88836669921875,45.19938278198242,27.153236389160156,36.31621551513672
2015-08-26,45.76261901855469,46.19505310058594,31.038984298706055,51.47582244873047,147.81915283203125,24.700380325317383,46.989784240722656,12.683815956115723,27.460811614990234,66.12910461425781,72.46234130859375,46.770790100097656,36.98224639892578,32.69707489013672,86.43101501464844,25.03849983215332,19.251968383789062,46.184349060058594,27.8624210357666,36.99431228637695
2015-08-27,47.245941162109375,49.07080078125,32.79792785644531,54.23727035522461,151.67495727539062,25.442121505737305,48.16248321533203,12.98393440246582,27.84369468688965,66.92274475097656,74.1225357055664,48.29106903076172,38.01265335083008,33.10445785522461,88.94889068603516,25.918500900268555,19.365596771240234,46.68648147583008,28.054092407226562,37.61076354980469
2015-08-28,47.38479232788086,50.83415603637695,33.477203369140625,55.86034393310547,151.02337646484375,25.256689071655273,47.90105438232422,12.92075252532959,27.9713134765625,66.87268829345703,73.9458236694336,48.02692413330078,38.03864288330078,32.69458770751953,90.2177505493164,25.90049934387207,19.282262802124023,46.602821350097656,27.945484161376953,37.60393524169922
2015-08-31,47.49212646484375,51.188087463378906,35.1431770324707,57.198455810546875,151.70712280273438,25.553382873535156,47.87864685058594,12.904956817626953,27.8791446685791,66.44368743896484,73.00082397460938,46.823612213134766,37.683624267578125,32.10630798339844,88.65150451660156,25.644500732421875,18.636491775512695,45.650028228759766,27.734630584716797,37.18610763549805
2015-09-01,45.49748992919922,49.41841125488281,34.14215850830078,55.75684356689453,146.49472045898438,24.566856384277344,45.899261474609375,12.304719924926758,27.474998474121094,65.29972076416016,71.81001281738281,46.43033981323242,36.21160888671875,31.201332092285156,86.47065734863281,24.82699966430664,18.05699920654297,44.452598571777344,27.095733642578125,36.295658111572266
2015-09-02,46.22338104248047,49.33625030517578,34.456764221191406,55.74945831298828,148.41720581054688,25.063831329345703,46.73583221435547,12.558267593383789,27.581357955932617,66.02963256835938,73.78448486328125,47.117103576660156,37.54509353637695,31.962085723876953,89.10751342773438,25.52750015258789,17.998289108276367,44.523414611816406,27.166015625,36.30935287475586
2015-09-03,46.576866149902344,49.4626579284668,34.449615478515625,56.37783432006836,148.8595733642578,25.071258544921875,46.8179931640625,12.629575729370117,27.765708923339844,66.3826904296875,73.76142883300781,47.08776092529297,37.66630554199219,31.572538375854492,87.38265228271484,25.236000061035156,18.022912979125977,44.60064697265625,27.20435905456543,36.54224395751953
2015-09-04,45.73735809326172,48.457725524902344,33.748905181884766,55.44633865356445,145.09507751464844,24.6187801361084,45.936607360839844,12.39980411529541,27.311922073364258,65.5108413696289,72.8702163696289,46.307071685791016,36.89566421508789,31.171592712402344,87.49168395996094,24.950000762939453,17.918750762939453,43.94401168823242,26.821008682250977,35.98743438720703
2015-09-08,46.393798828125,48.56517028808594,34.64982604980469,55.84556198120117,149.51914978027344,25.41986846923828,47.17652893066406,12.80388355255127,27.581357955932617,66.55560302734375,74.35298156738281,47.99170684814453,38.00401306152344,31.911039352416992,88.7506332397461,25.87700080871582,18.386520385742188,44.652164459228516,27.281023025512695,37.04227066040039
2015-09-09,45.446998596191406,47.3516845703125,34.213661193847656,55.00278091430664,149.35824584960938,25.034162521362305,46.44451904296875,12.597883224487305,27.155933380126953,65.44596862792969,73.31582641601562,47.55735397338867,37.29397201538086,31.887744903564453,89.65270233154297,25.844499588012695,18.04753875732422,43.91183090209961,27.127683639526367,36.555946350097656
2015-09-10,45.77520751953125,47.819366455078125,34.62837600708008,54.75880432128906,149.5432891845703,25.123172760009766,46.80303955078125,12.708808898925781,27.24102020263672,65.61168670654297,73.17757415771484,46.899906158447266,37.48447036743164,32.26787567138672,91.17930603027344,26.11199951171875,18.05699920654297,43.609249114990234,27.02545738220215,36.56964874267578
2015-09-11,45.88253402709961,47.901546478271484,33.863311767578125,54.48527526855469,149.0285186767578,25.212186813354492,46.72836685180664,12.708808898925781,27.269622802734375,66.01518249511719,74.83700561523438,47.798004150390625,37.648983001708984,32.47701644897461,91.24869537353516,26.472000122070312,18.151683807373047,43.995513916015625,27.287399291992188,36.83677291870117
2015-09-14,45.75627899169922,47.8889045715332,33.44143295288086,53.849491119384766,147.95867919921875,25.078670501708984,46.59391403198242,12.645421028137207,27.248167037963867,65.7125473022461,74.49897766113281,47.51625442504883,37.268001556396484,32.336761474609375,91.50643157958984,26.069000244140625,18.204715728759766,43.97621536254883,27.23629379272461,36.768280029296875
2015-09-15,45.98981475830078,48.77372360229492,33.80610275268555,54.40394973754883,150.78204345703125,25.64981460571289,47.49022674560547,12.922733306884766,27.53423500061035,66.33222198486328,75.43626403808594,48.37913131713867,38.08193588256836,32.96122741699219,92.09130859375,26.118499755859375,18.22365379333496,44.156455993652344,27.23629379272461,36.884727478027344
2015-09-16,46.89876937866211,49.9429931640625,35.372013092041016,56.30390930175781,151.7392578125,25.679489135742188,47.90851593017578,12.938578605651855,27.99910545349121,67.05996704101562,75.82038879394531,48.76066589355469,38.35901641845703,32.983524322509766,92.63651275634766,26.36949920654297,18.466053009033203,44.53628921508789,27.41518211364746,37.41898727416992
2015-09-17,46.99978256225586,50.189491271972656,35.84391784667969,55.66813278198242,149.97769165039062,25.256689071655273,46.79558181762695,12.566190719604492,28.16358757019043,67.27616882324219,75.16735076904297,48.70195388793945,38.31571960449219,33.28832244873047,93.51875305175781,26.943500518798828,18.691408157348633,45.00624465942383,27.77936553955078,38.268333435058594
2015-09-18,45.876216888427734,49.13399887084961,34.578330993652344,53.627708435058594,145.54551696777344,24.50010108947754,45.5183219909668,12.328496932983398,27.87752342224121,67.04557037353516,74.56043243408203,47.04668426513672,37.648983001708984,32.755550384521484,93.57823181152344,27.01300048828125,18.42439079284668,44.710113525390625,27.747411727905273,38.00120162963867
2015-09-21,46.32438278198242,49.3552131652832,34.857181549072266,53.87166976928711,147.48411560058594,24.730045318603516,45.899261474609375,12.439417839050293,28.02770233154297,67.5211181640625,75.21343231201172,47.211029052734375,38.19449996948242,33.05588150024414,94.71822357177734,27.41950035095215,18.56831169128418,45.09639358520508,27.964651107788086,38.08338928222656
2015-09-22,45.914085388183594,48.82429504394531,34.76423263549805,53.64987564086914,144.56422424316406,24.062471389770508,45.49592208862305,12.33641529083252,27.741640090942383,66.55560302734375,74.6756820678711,46.54774475097656,38.01265335083008,32.37294387817383,92.1507568359375,26.920000076293945,18.378936767578125,44.516971588134766,27.47907829284668,37.480628967285156
2015-09-23,45.636356353759766,48.110107421875,34.22083282470703,53.18413162231445,144.31478881835938,23.973459243774414,45.29423904418945,12.4552640914917,27.72018051147461,66.57720947265625,74.81395721435547,46.324684143066406,37.986690521240234,32.37740707397461,93.15198516845703,26.803499221801758,18.36568260192871,44.47835159301758,27.44074821472168,37.68610763549805
2015-09-24,45.90776824951172,48.59675598144531,34.14931869506836,53.73859405517578,142.30384826660156,23.71384620666504,44.980533599853516,12.320568084716797,27.99910545349121,66.62765502929688,74.74483489990234,45.972496032714844,38.021324157714844,32.45768737792969,93.58814239501953,26.6875,18.46795082092285,45.27019500732422,27.77936553955078,37.987491607666016
2015-09-25,46.22338104248047,49.108707427978516,33.74174880981445,53.89385986328125,144.6526641845703,23.877031326293945,45.91419219970703,12.589962005615234,28.335233688354492,67.34820556640625,74.9753189086914,46.136844635009766,38.047298431396484,31.72617530822754,91.96241760253906,26.212499618530273,18.674365997314453,45.52126693725586,28.194656372070312,38.35052490234375
2015-09-28,45.825721740722656,47.8889045715332,32.783626556396484,51.28416061401367,139.1748504638672,23.061105728149414,44.8012580871582,12.257185935974121,28.270870208740234,66.62765502929688,73.7229995727539,44.610694885253906,37.48447036743164,30.93816375732422,88.43341827392578,25.202999114990234,18.47361946105957,45.35387420654297,28.16908836364746,38.26148986816406
2015-09-29,46.059261322021484,48.19226837158203,33.29844665527344,51.08456802368164,138.24169921875,23.001758575439453,44.69668197631836,12.162103652954102,28.363845825195312,67.03837585449219,74.89080810546875,44.6987419128418,37.614341735839844,30.85688591003418,85.91551208496094,24.803499221801758,18.329700469970703,45.534141540527344,28.296865463256836,38.44643020629883
2015-09-30,46.93033981323242,49.85451889038086,34.29231643676758,50.98845672607422,139.77001953125,23.365217208862305,45.54073715209961,12.344343185424805,28.692819595336914,67.94624328613281,75.69747161865234,46.92928695678711,38.32439422607422,31.63796043395996,89.11742401123047,25.594499588012695,18.47361946105957,46.31311798095703,28.55881690979004,38.94643020629883
2015-10-01,46.747276306152344,49.513214111328125,34.43532180786133,50.012596130371094,141.58790588378906,23.365217208862305,45.876853942871094,12.320568084716797,28.463966369628906,67.62199401855469,75.88953399658203,46.88232421875,38.6274528503418,31.81786346435547,90.15826416015625,26.035999298095703,18.28424835205078,45.49550247192383,28.232973098754883,38.45326232910156
2015-10-02,47.89608383178711,51.54203414916992,36.60183334350586,51.98650360107422,142.38429260253906,23.313295364379883,45.74896240234375,12.18587589263916,28.885915756225586,67.84535217285156,76.66548156738281,47.89781188964844,39.45871353149414,32.56077575683594,91.26852416992188,26.62700080871582,18.66110610961914,46.325984954833984,28.552427291870117,38.57655715942383
2015-10-05,48.48310470581055,53.10946273803711,37.8817024230957,53.295013427734375,145.35243225097656,23.951202392578125,46.659271240234375,12.431496620178223,29.329328536987305,69.03422546386719,77.72569274902344,48.74892807006836,40.376548767089844,33.288818359375,93.191650390625,27.18400001525879,19.073945999145508,47.04701232910156,28.878265380859375,39.35741424560547
2015-10-06,49.16481399536133,54.98027420043945,39.4261589050293,54.6627082824707,145.04681396484375,24.00312614440918,46.681846618652344,12.431496620178223,29.29357147216797,69.94210052490234,78.2865219116211,48.96610641479492,40.4804573059082,33.28683853149414,91.9921646118164,26.874000549316406,18.909191131591797,47.053443908691406,28.616321563720703,38.782047271728516
2015-10-07,49.9916877746582,55.69447326660156,39.519100189208984,55.70510482788086,146.5832061767578,24.42593002319336,46.74202346801758,12.479034423828125,29.69406509399414,70.98687744140625,78.18666076660156,39.744598388671875,40.52375793457031,33.20555877685547,91.59564971923828,27.097000122070312,18.924345016479492,46.78306198120117,28.59714698791504,38.384769439697266
2015-10-08,50.515594482421875,56.82578659057617,40.24127197265625,56.658775329589844,145.65011596679688,24.470434188842773,46.74202346801758,12.479034423828125,30.023048400878906,71.31110382080078,79.09320068359375,39.59785842895508,41.086578369140625,33.05687713623047,91.6650390625,26.658000946044922,19.098567962646484,46.9954948425293,28.8463191986084,38.953285217285156
2015-10-09,50.02957534790039,56.61091232299805,40.11257553100586,56.451778411865234,144.13787841796875,24.270156860351562,46.591556549072266,12.344343185424805,30.051647186279297,71.67139434814453,78.94725036621094,41.235557556152344,40.79219055175781,33.26701736450195,92.4283447265625,26.989999771118164,19.136445999145508,46.51912307739258,28.724943161010742,38.86424255371094
2015-10-12,50.05482482910156,56.086307525634766,39.519100189208984,55.40198516845703,144.9744110107422,24.329505920410156,46.43357467651367,12.296798706054688,30.037349700927734,71.43359375,79.31600952148438,41.58185577392578,40.696922302246094,33.524234771728516,93.43944549560547,27.50950050354004,19.212194442749023,46.8796272277832,29.140226364135742,39.4259033203125
2015-10-13,49.966453552246094,55.85879898071289,39.35465621948242,55.18022155761719,145.56961059570312,24.188566207885742,46.30568313598633,12.296798706054688,29.787050247192383,70.5545654296875,79.4235610961914,41.077056884765625,40.601680755615234,33.858272552490234,93.30067443847656,27.44499969482422,19.172426223754883,46.692935943603516,29.114662170410156,39.487545013427734
2015-10-14,50.59768295288086,56.73100662231445,39.65494918823242,55.453739166259766,144.39524841308594,24.136642456054688,45.132049560546875,12.391880989074707,29.80849266052246,70.24474334716797,78.99333953857422,40.521644592285156,40.419830322265625,33.72148895263672,93.25110626220703,27.241500854492188,19.113718032836914,46.57061767578125,29.082719802856445,39.83002471923828
2015-10-15,51.430850982666016,57.33774185180664,40.02455520629883,56.30390930175781,148.77915954589844,24.930316925048828,46.56145477294922,12.827656745910645,29.980144500732422,70.81395721435547,79.63867950439453,40.92934799194336,40.7055778503418,34.34645080566406,95.12464141845703,28.121999740600586,19.54360008239746,47.30451965332031,29.274381637573242,40.2204475402832
2015-10-16,52.06205749511719,57.697998046875,40.02455520629883,55.084102630615234,148.95611572265625,25.182512283325195,46.96772384643555,12.77219295501709,30.051647186279297,71.83710479736328,80.52986907958984,42.636940002441406,41.1385383605957,34.46043014526367,96.69090270996094,28.538000106811523,19.630714416503906,47.37532424926758,29.52996063232422,40.09715270996094
2015-10-19,51.12156295776367,56.901634216308594,38.908531188964844,54.81057357788086,149.40655517578125,23.973459243774414,46.80974197387695,12.788037300109863,30.03019142150879,72.1829833984375,80.27633666992188,42.37105178833008,41.233787536621094,34.68989562988281,97.61280059814453,28.657499313354492,19.65154266357422,47.3688850402832,29.363840103149414,40.131404876708984
2015-10-20,51.02056884765625,56.876365661621094,38.799835205078125,55.85295104980469,149.22154235839844,23.921531677246094,47.03542709350586,12.835579872131348,30.2447452545166,72.24781036376953,79.7769546508789,43.15100860595703,41.36367416381836,33.7011604309082,96.15562438964844,28.04400062561035,19.683738708496094,47.44614028930664,29.370223999023438,40.179344177246094
2015-10-21,50.62921142578125,56.4592170715332,38.386756896972656,55.91209030151367,144.54808044433594,23.350383758544922,46.689353942871094,12.597883224487305,30.173236846923828,72.23339080810547,78.77822875976562,43.46416091918945,40.87010955810547,33.294769287109375,96.2646484375,27.78849983215332,19.73297691345215,47.549156188964844,29.440505981445312,40.371131896972656
2015-10-22,52.32084655761719,57.90657424926758,39.55350875854492,57.85643005371094,147.65296936035156,23.995710372924805,47.539493560791016,12.80388355255127,30.92416763305664,74.27250671386719,85.17790985107422,42.94419860839844,41.58879470825195,33.75766372680664,98.80236053466797,28.195499420166016,20.01893424987793,48.321678161621094,29.708839416503906,40.5286750793457
2015-10-23,52.37766647338867,57.666404724121094,39.57525634765625,57.922950744628906,149.21348571777344,24.195985794067383,48.051063537597656,13.089119911193848,30.602346420288086,73.80416870117188,86.49931335449219,43.06827163696289,45.779720306396484,35.650386810302734,101.30043029785156,29.951499938964844,19.801149368286133,47.47190475463867,29.26800537109375,39.3711051940918
2015-10-26,51.266746520996094,56.105289459228516,38.37226867675781,57.03581237792969,150.42813110351562,24.144058227539062,48.073638916015625,13.081198692321777,30.459306716918945,73.8834228515625,86.18433380126953,43.83049011230469,46.974639892578125,36.234703063964844,102.86666107177734,30.430500030517578,19.666696548461914,46.51265335083008,29.15937614440918,39.60397720336914
2015-10-27,51.18467712402344,55.429012298583984,37.45915603637695,56.88795852661133,149.86508178710938,23.906700134277344,47.8780403137207,12.994040489196777,30.473604202270508,74.171630859375,85.76946258544922,43.23372268676758,46.48974609375,36.318946838378906,102.79727172851562,30.550500869750977,19.714038848876953,46.61567306518555,29.172168731689453,39.50125503540039
2015-10-28,51.935813903808594,56.749961853027344,38.654876708984375,58.499576568603516,153.8950653076172,24.920204162597656,49.2773551940918,13.691283226013184,30.559425354003906,74.02751922607422,86.7682113647461,43.11555862426758,46.740848541259766,36.52214050292969,103.29291534423828,30.854999542236328,19.496259689331055,46.06203842163086,28.961334228515625,39.09027099609375
2015-10-29,51.904266357421875,56.81315994262695,38.85780334472656,58.17429733276367,152.74476623535156,24.994722366333008,49.05918884277344,13.540746688842773,30.602346420288086,74.07075500488281,86.52236938476562,42.84375,46.204002380371094,36.9151611328125,103.96700286865234,31.327499389648438,19.274682998657227,46.07490539550781,28.718547821044922,38.5012092590332
2015-10-30,52.226165771484375,57.43886184692383,38.662132263183594,57.782474517822266,150.82225036621094,24.569944381713867,48.33695602416992,13.295124053955078,30.28765106201172,73.6312255859375,86.23809051513672,41.89836120605469,45.580562591552734,36.545440673828125,101.08233642578125,31.295000076293945,19.441333770751953,46.010536193847656,28.81437873840332,38.80259323120117
2015-11-02,53.829429626464844,60.01754379272461,39.81439208984375,58.72139358520508,152.57589721679688,24.950010299682617,49.30746078491211,13.516975402832031,30.208995819091797,73.06201171875,86.13053894042969,42.44194793701172,46.10009765625,37.05839920043945,102.4106674194336,31.417499542236328,19.359909057617188,46.46762466430664,28.89743995666504,38.966983795166016
2015-11-03,54.82044219970703,62.027408599853516,41.11159133911133,60.26648712158203,153.38821411132812,24.808412551879883,49.488014221191406,13.612052917480469,30.151775360107422,72.71613311767578,86.10750579833984,42.66648483276367,46.888065338134766,37.11192321777344,101.6870346069336,31.265499114990234,19.37505531311035,46.5062370300293,29.0316162109375,38.87108612060547
2015-11-04,54.27129364013672,61.161502838134766,40.828956604003906,59.37195587158203,154.16049194335938,24.89039421081543,49.540672302246094,13.477356910705566,30.01589584350586,72.49998474121094,86.35334014892578,42.270599365234375,47.10452651977539,37.43356704711914,103.03518676757812,32.04750061035156,19.54738998413086,46.306671142578125,29.261606216430664,38.84368133544922
2015-11-05,53.53277587890625,59.7584228515625,40.78547668457031,58.25563049316406,154.45811462402344,25.248096466064453,49.98453903198242,13.715054512023926,30.273361206054688,72.4927978515625,86.6990737915039,42.052001953125,47.08722686767578,37.69921875,107.81324005126953,32.782501220703125,19.335285186767578,45.99764633178711,29.152999877929688,38.6930046081543
2015-11-06,53.31816101074219,59.429752349853516,40.415889739990234,58.44783401489258,160.2093963623047,26.38828468322754,51.50425338745117,14.222135543823242,30.008745193481445,71.85150909423828,87.05245971679688,42.093353271484375,47.55479431152344,37.745304107666016,106.16767883300781,32.96849822998047,18.717920303344727,43.62212371826172,27.849641799926758,37.33013153076172
2015-11-09,52.1784553527832,58.34899139404297,39.59699249267578,57.59767150878906,158.27093505859375,26.164722442626953,50.69925308227539,14.008211135864258,29.708362579345703,71.24626159667969,86.76054382324219,40.76981735229492,46.896705627441406,37.406803131103516,105.56298065185547,32.77450180053711,18.73117446899414,43.757328033447266,28.12437629699707,37.65528869628906
2015-11-10,52.433135986328125,58.92414474487305,39.604244232177734,58.23344039916992,159.115478515625,26.2615966796875,50.91742706298828,14.14291000366211,29.872859954833984,71.2102279663086,86.98333740234375,40.627994537353516,46.3338737487793,37.579769134521484,106.97061920166016,32.98400115966797,18.748218536376953,43.90394592285156,28.392711639404297,38.11878967285156
2015-11-11,51.96833801269531,58.26681137084961,38.72736740112305,57.390663146972656,158.77764892578125,26.097646713256836,50.669158935546875,14.063673973083496,30.065942764282227,71.64257049560547,87.46733856201172,40.43891906738281,46.45512771606445,37.926204681396484,108.06106567382812,33.662498474121094,18.88457679748535,44.464412689208984,28.769662857055664,38.43703842163086
2015-11-12,50.56119918823242,56.79420471191406,37.66206359863281,56.62919616699219,155.0613250732422,25.50892448425293,49.65353012084961,13.762593269348145,29.736989974975586,70.8788070678711,86.13053894042969,39.65896987915039,46.169368743896484,37.4940299987793,107.07967376708984,33.279998779296875,19.075841903686523,43.8518180847168,28.383581161499023,38.27099609375
2015-11-13,49.72711944580078,56.048397064208984,37.56060791015625,56.28913497924805,153.14694213867188,25.285358428955078,49.32250213623047,13.627897262573242,29.59394073486328,70.64102172851562,84.4864501953125,41.047508239746094,45.75373840332031,36.67826843261719,103.04509735107422,32.11750030517578,19.019027709960938,43.59114456176758,28.42238426208496,38.09113693237305
2015-11-16,51.509910583496094,58.505027770996094,39.401302337646484,57.90816116333008,154.57069396972656,25.37478256225586,50.037208557128906,13.810132026672363,30.008745193481445,71.73623657226562,85.3238525390625,40.6634521484375,46.559017181396484,37.19121551513672,103.13433074951172,32.390499114990234,19.339078903198242,44.138545989990234,28.93326759338379,38.88669967651367
2015-11-17,50.91139221191406,58.23634719848633,39.06071853637695,56.73271942138672,153.29177856445312,25.0319881439209,49.75132369995117,13.802210807800293,29.801340103149414,71.2102279663086,85.23168182373047,41.32522201538086,46.17546081542969,36.971168518066406,104.21482849121094,32.165000915527344,19.079633712768555,42.90036392211914,28.51938247680664,38.08420181274414
2015-11-18,51.408023834228516,58.99125671386719,39.48102951049805,58.07080078125,155.77732849121094,25.52383041381836,50.74440002441406,14.13498592376709,30.237594604492188,72.24781036376953,86.45321655273438,42.0224609375,46.942588806152344,37.666500091552734,106.83184814453125,33.176998138427734,18.880786895751953,43.79316329956055,28.7457275390625,38.3332633972168
2015-11-19,51.127891540527344,58.10837936401367,38.81432342529297,57.60505676269531,155.27053833007812,25.46420669555664,50.90238952636719,14.016136169433594,30.831199645996094,72.72337341308594,87.04479217529297,42.35332107543945,47.02103805541992,37.66303634643555,105.33499145507812,33.063499450683594,19.125083923339844,44.63384246826172,29.217815399169922,38.96280288696289
2015-11-20,50.803157806396484,56.94404602050781,38.35777282714844,57.03581237792969,154.0157012939453,25.270448684692383,50.81209182739258,13.984441757202148,30.344881057739258,72.12531280517578,87.51344299316406,42.991477966308594,47.23896789550781,38.5085334777832,106.38575744628906,33.42250061035156,19.130760192871094,45.031368255615234,29.256614685058594,39.11500549316406
2015-11-23,51.11515426635742,57.583797454833984,38.611412048339844,57.08755874633789,152.1817169189453,25.06924057006836,50.31556701660156,13.84182357788086,30.723915100097656,72.66570281982422,87.94364929199219,42.95010757446289,47.23896789550781,38.49366760253906,106.01897430419922,33.949501037597656,19.030391693115234,44.3210334777832,29.0496826171875,38.734500885009766
2015-11-24,52.13388442993164,58.44105529785156,40.08976745605469,57.79726028442383,151.76341247558594,25.0319881439209,50.24034118652344,13.84182357788086,31.009998321533203,72.50720977783203,87.79769134521484,42.76694869995117,47.291263580322266,38.143272399902344,104.81951904296875,33.557498931884766,18.971235275268555,44.36664962768555,28.978538513183594,38.59613800048828
2015-11-25,51.732757568359375,58.133995056152344,39.408573150634766,57.316741943359375,152.14955139160156,25.046886444091797,50.300533294677734,13.818052291870117,31.009998321533203,72.41353607177734,87.88988494873047,42.8910026550293,46.803104400634766,38.12493896484375,104.49240112304688,33.766998291015625,18.870088577270508,44.132057189941406,28.829795837402344,38.471614837646484
2015-11-27,51.72001647949219,57.81411361694336,38.7563591003418,57.16887664794922,153.21133422851562,25.173564910888672,50.53374481201172,13.849749565124512,31.096473693847656,72.58643341064453,88.44738006591797,43.109642028808594,47.0123176574707,38.259246826171875,104.53204345703125,33.66299819946289,18.96360206604004,43.99518966674805,28.829795837402344,38.699913024902344
2015-11-30,51.99380111694336,58.4218635559082,39.16941833496094,57.40699005126953,153.37269592285156,25.56108283996582,50.16510772705078,13.810132026672363,30.714521408081055,72.16854095458984,88.39318084716797,42.84375,47.37845993041992,37.80725860595703,103.33258056640625,33.2400016784668,19.057104110717773,44.158119201660156,28.803930282592773,38.748348236083984
2015-12-01,52.140235900878906,59.16399002075195,39.57525634765625,58.165958404541016,155.83445739746094,26.283954620361328,50.864768981933594,14.111207962036133,30.909086227416992,72.81700897216797,88.61770629882812,44.00776672363281,48.136837005615234,38.84504699707031,106.18751525878906,33.952999114990234,19.19260025024414,44.35361099243164,29.217815399169922,39.246456146240234
2015-12-02,50.65034866333008,57.737327575683594,38.0823860168457,56.40990447998047,153.56642150878906,26.00076675415039,50.15005874633789,13.999978065490723,30.82262420654297,72.18070220947266,88.052490234375,44.285465240478516,48.12813186645508,38.5506706237793,105.14664459228516,33.800498962402344,18.700237274169922,43.095863342285156,28.590518951416016,38.27789306640625
2015-12-03,49.92448043823242,56.84169387817383,37.401180267333984,55.665809631347656,149.48231506347656,25.672870635986328,49.503055572509766,13.745720863342285,30.599205017089844,71.89772033691406,87.79695892333984,43.21010208129883,47.24768829345703,38.072410583496094,103.47136688232422,33.3125,18.40062713623047,43.16103744506836,28.571121215820312,37.84207534790039
2015-12-04,50.21101379394531,57.391876220703125,37.0968017578125,55.59141159057617,153.34854125976562,26.321210861206055,51.075416564941406,14.142995834350586,31.197362899780273,73.32708740234375,89.97274017333984,44.98861312866211,48.73835372924805,38.61805725097656,105.25568389892578,33.63199996948242,18.728866577148438,43.688899993896484,28.99147605895996,38.6307373046875
2015-12-07,48.89940643310547,55.8372802734375,35.502506256103516,54.17017364501953,149.71640014648438,25.844274520874023,50.40586471557617,13.936412811279297,31.132503509521484,73.04413604736328,90.14307403564453,45.148136138916016,48.651161193847656,38.3098030090332,104.69066619873047,33.49150085449219,18.810928344726562,44.64035415649414,29.28249168395996,38.91438293457031
2015-12-08,47.5177116394043,55.299896240234375,35.0024528503418,53.202850341796875,147.6420135498047,25.382246017456055,49.62342071533203,13.658320426940918,30.99557113647461,72.68136596679688,90.22823333740234,44.66362762451172,48.63372802734375,38.41635513305664,105.56298065185547,33.86650085449219,18.957870483398438,44.60124969482422,29.29541778564453,38.65841293334961
2015-12-09,48.15443420410156,56.041996002197266,35.12566375732422,53.664180755615234,145.85824584960938,24.868038177490234,49.24726867675781,13.586812019348145,30.74333953857422,71.92675018310547,90.26696014404297,43.6059684753418,47.92764663696289,37.792381286621094,103.68943786621094,33.239498138427734,18.847190856933594,44.7120475769043,29.191953659057617,38.91438293457031
2015-12-10,48.19263458251953,57.12958526611328,35.66917419433594,53.1879768371582,146.98828125,24.905288696289062,49.36012268066406,13.666264533996582,30.81540298461914,71.75984954833984,90.74703216552734,43.24553680419922,48.18043899536133,37.667991638183594,104.5023193359375,33.11600112915039,18.625822067260742,43.94304275512695,28.771596908569336,37.96659851074219
2015-12-11,47.33308410644531,55.299896240234375,34.87925720214844,51.95277786254883,142.50865173339844,23.906700134277344,48.2015380859375,13.292828559875488,30.462291717529297,70.94722747802734,89.87982940673828,42.12880325317383,47.125633239746094,37.19121551513672,101.23103332519531,32.00749969482422,18.589555740356445,44.210235595703125,28.713401794433594,37.7452278137207
2015-12-14,48.40911865234375,57.14876937866211,35.893821716308594,52.101585388183594,142.3794403076172,23.757652282714844,48.35200500488281,13.348443984985352,30.59201431274414,71.07057189941406,90.01919555664062,42.33559799194336,48.06710433959961,37.79188919067383,103.74893188476562,32.89550018310547,18.698331832885742,44.60775375366211,29.069080352783203,37.73139190673828
2015-12-15,50.57394790649414,59.34310531616211,36.640262603759766,53.45582962036133,146.90753173828125,24.473066329956055,49.728755950927734,13.841065406799316,31.038808822631836,72.11538696289062,90.53797149658203,42.9028434753418,48.119407653808594,37.67047119140625,103.63988494873047,32.93199920654297,18.839555740356445,44.86193084716797,29.36655616760254,38.769100189208984
2015-12-16,50.395668029785156,59.77815246582031,35.763370513916016,52.994503021240234,150.2975616455078,25.046886444091797,50.80458068847656,14.103266716003418,31.59372901916504,73.34161376953125,91.2425537109375,43.452335357666016,48.93011474609375,38.488216400146484,105.86036682128906,33.78850173950195,19.78038787841797,45.6374397277832,29.961523056030273,39.44015884399414
2015-12-17,49.63796615600586,57.92286682128906,34.263275146484375,51.49142074584961,147.39186096191406,24.130264282226562,49.86417007446289,13.745720863342285,31.341503143310547,72.70311737060547,90.97930145263672,42.660579681396484,48.5552864074707,38.1531867980957,105.29534912109375,33.532501220703125,19.734590530395508,45.943702697753906,30.077924728393555,39.72380065917969
2015-12-18,49.20500183105469,57.45584487915039,33.28495788574219,50.1074104309082,141.64498901367188,23.317974090576172,48.44981002807617,13.316662788391113,30.62804412841797,71.03429412841797,90.32890319824219,42.44785690307617,47.18667221069336,37.509891510009766,103.13433074951172,33.207000732421875,19.486492156982422,45.35719299316406,29.877458572387695,38.93513870239258
2015-12-21,49.19227981567383,57.091182708740234,32.68345260620117,50.561302185058594,143.46913146972656,23.60860824584961,49.30746078491211,13.483519554138184,30.829816818237305,71.55669403076172,91.12641143798828,43.36962890625,47.79688262939453,37.70566177368164,103.85795593261719,33.22549819946289,19.52275848388672,45.494056701660156,29.896854400634766,39.12192916870117
2015-12-22,49.44060516357422,57.750125885009766,33.538597106933594,51.70719528198242,145.32554626464844,24.01102638244629,49.412784576416016,13.570917129516602,31.197362899780273,72.41288757324219,91.14967346191406,43.133262634277344,48.25018310546875,38.01937484741211,104.5915298461914,33.157501220703125,19.6391658782959,46.23698043823242,30.03913116455078,39.578521728515625
2015-12-23,51.0578498840332,60.01485061645508,35.531497955322266,52.83823013305664,147.666259765625,24.29421615600586,50.20272445678711,13.77750015258789,31.471206665039062,73.0223617553711,91.98587799072266,43.795047760009766,48.65989303588867,38.087764739990234,103.71917724609375,33.185001373291016,19.84336280822754,46.921234130859375,30.45948028564453,40.29800033569336
2015-12-24,50.51026153564453,58.88887405395508,35.212615966796875,52.48106384277344,147.27882385253906,24.204792022705078,50.104923248291016,13.721881866455078,31.37752342224121,72.94981384277344,91.80777740478516,43.72414016723633,48.52912139892578,37.955440521240234,104.10579681396484,33.13949966430664,19.833816528320312,46.94731140136719,30.45948028564453,40.40177536010742
2015-12-28,50.134620666503906,57.80769348144531,34.19805908203125,52.399208068847656,146.59274291992188,23.973766326904297,49.93940353393555,13.610650062561035,31.341503143310547,73.0513916015625,91.94715881347656,43.62959671020508,48.773223876953125,38.76823425292969,105.00787353515625,33.7599983215332,19.845273971557617,46.86912155151367,30.4659366607666,40.54013442993164
2015-12-29,50.40203094482422,58.3770751953125,34.61838150024414,52.46619415283203,148.13441467285156,24.25695037841797,50.45851516723633,13.729828834533691,31.500043869018555,73.6100845336914,92.96923828125,43.86595153808594,49.29623031616211,39.34908676147461,106.3262939453125,34.69850158691406,19.971229553222656,47.162376403808594,30.562946319580078,40.74077606201172
2015-12-30,49.73348617553711,57.634979248046875,33.77049255371094,51.81883239746094,146.90753173828125,24.018482208251953,50.09739303588867,13.547083854675293,31.399150848388672,73.39242553710938,92.47368621826172,43.61188507080078,49.087032318115234,39.16769790649414,105.29534912109375,34.45349884033203,20.020843505859375,47.04507064819336,30.569416046142578,40.7476806640625
2015-12-31,49.63159942626953,57.551815032958984,33.8357048034668,51.90067672729492,145.4708251953125,23.705486297607422,49.676090240478516,13.372284889221191,30.959537506103516,72.49994659423828,91.47486877441406,43.162811279296875,48.36350631713867,38.558589935302734,103.74893188476562,33.794498443603516,19.826187133789062,46.523719787597656,30.25899314880371,40.31184005737305
2016-01-04,49.31960678100586,56.84169387817383,33.97340393066406,51.476539611816406,142.9767608642578,23.459564208984375,48.1840705871582,13.054463386535645,30.555965423583984,71.66553497314453,91.04125213623047,42.66648483276367,47.77070617675781,37.63825607299805,101.33016967773438,31.84950065612793,19.76511573791504,46.39338302612305,30.414203643798828,40.35334777832031
2016-01-05,49.739845275878906,57.327903747558594,34.35023498535156,51.71465301513672,140.51499938964844,23.310518264770508,48.267391204833984,13.054463386535645,30.6640682220459,72.15892791748047,92.29560852050781,42.56013488769531,47.988651275634766,37.7418327331543,101.8357162475586,31.68950080871582,19.95787239074707,46.72573471069336,30.62761688232422,40.68540954589844
2016-01-06,49.32600021362305,55.063194274902344,32.864627838134766,50.375282287597656,137.08465576171875,22.729249954223633,47.57060623168945,12.77637004852295,30.498323440551758,72.18070220947266,91.67616271972656,42.258792877197266,47.11691665649414,37.63280487060547,102.07363891601562,31.63249969482422,19.892974853515625,46.83000183105469,30.63409996032715,40.83760452270508
2016-01-07,48.536460876464844,53.11196517944336,31.929786682128906,49.25170135498047,132.87139892578125,21.59651756286621,45.64687728881836,12.315528869628906,29.993864059448242,70.79485321044922,89.55459594726562,40.81707000732422,45.478084564208984,36.72435760498047,97.0676040649414,30.39699935913086,19.980770111083984,46.39989471435547,30.37541389465332,40.367183685302734
2016-01-08,47.555931091308594,52.54258346557617,31.371776580810547,48.42574691772461,132.322509765625,21.149375915527344,44.62442398071289,12.077163696289062,29.914575576782227,70.53361511230469,89.41524505615234,40.26166534423828,45.61753463745117,36.22428894042969,96.48273468017578,30.352500915527344,20.07046127319336,46.295631408691406,30.149070739746094,40.30492401123047
2016-01-11,46.919219970703125,51.67250061035156,29.799192428588867,48.23973083496094,133.76730346679688,21.20899772644043,44.55625915527344,12.164563179016113,29.965042114257812,70.70048522949219,90.35212707519531,40.190757751464844,45.59139633178711,36.331336975097656,96.66117858886719,30.886999130249023,20.148706436157227,46.81046676635742,30.291330337524414,40.65774154663086
2016-01-12,47.88064956665039,52.55537414550781,29.168718338012695,48.17277145385742,133.75119018554688,21.20899772644043,44.65471267700195,12.164563179016113,30.35418128967285,70.83112335205078,90.93286895751953,41.10660171508789,46.00982666015625,36.939453125,98.50496673583984,30.894500732421875,20.11054229736328,46.44552230834961,30.03913116455078,40.24264907836914
2016-01-13,48.16716766357422,52.03078842163086,28.26285743713379,47.58493423461914,128.32717895507812,20.038997650146484,43.42776870727539,11.838799476623535,30.159608840942383,70.01848602294922,89.13648986816406,41.05900955200195,45.01606369018555,35.66227340698242,94.60917663574219,29.090499877929688,19.965499877929688,46.72573471069336,30.265472412109375,40.0904655456543
2016-01-14,50.376556396484375,54.679325103759766,29.893404006958008,48.12811279296875,130.2643280029297,20.232757568359375,44.0791015625,11.910309791564941,30.181232452392578,69.51779174804688,90.29792785644531,41.64193344116211,46.29750442504883,36.24808120727539,97.51367950439453,29.649999618530273,20.16969871520996,47.162376403808594,30.485336303710938,40.91371154785156
2016-01-15,49.39603042602539,53.52779006958008,28.523752212524414,46.88547134399414,125.59907531738281,19.353397369384766,43.20054626464844,11.48919677734375,29.90738296508789,68.15371704101562,89.18294525146484,39.90510177612305,44.44942855834961,35.21226501464844,94.14325714111328,28.509000778198242,20.087636947631836,46.9734001159668,30.504749298095703,40.602394104003906
2016-01-19,48.64470672607422,52.145931243896484,26.3786678314209,46.74409866333008,126.57569122314453,19.56951141357422,43.17782974243164,11.314396858215332,30.21006202697754,69.48878479003906,90.97930145263672,40.904354095458984,44.07459259033203,35.63798904418945,94.43074798583984,28.724000930786133,20.57427406311035,47.67719268798828,31.002704620361328,41.2111930847168
2016-01-20,46.59449768066406,50.527374267578125,25.18292999267578,45.43449401855469,124.09778594970703,18.809389114379883,42.04177474975586,10.877391815185547,29.820898056030273,68.03762817382812,89.64752960205078,40.44042205810547,44.27509307861328,35.61222457885742,93.52867126464844,28.588499069213867,20.09716796875,46.543270111083984,30.498281478881836,40.06970977783203
2016-01-21,47.180274963378906,51.85165786743164,26.748254776000977,45.72468566894531,122.40278625488281,18.466577529907227,41.8448600769043,10.615193367004395,29.82810401916504,68.5455322265625,91.2425537109375,41.01737976074219,44.004859924316406,36.01415252685547,93.34033966064453,28.750999450683594,20.0456485748291,46.328216552734375,30.271928787231445,39.87598419189453
2016-01-22,48.75295639038086,53.44462966918945,27.29902458190918,48.51502227783203,126.60799407958984,19.085115432739258,43.13238525390625,10.774104118347168,30.31093978881836,69.54682922363281,91.67616271972656,41.02926254272461,45.582679748535156,36.945396423339844,97.08743286132812,29.819000244140625,20.34335708618164,47.03854751586914,30.621150970458984,40.491703033447266
2016-01-25,47.10386276245117,51.749305725097656,24.78435516357422,47.101261138916016,121.9749984741211,18.615631103515625,42.15538024902344,10.29737377166748,30.383010864257812,69.61215209960938,92.29560852050781,40.083553314208984,45.146827697753906,36.35860061645508,96.16551971435547,29.826499938964844,20.309003829956055,46.79091262817383,30.64702033996582,39.95209884643555
2016-01-26,48.83570861816406,53.815673828125,25.617740631103516,48.611778259277344,124.66276550292969,18.99568748474121,43.2308464050293,10.57546329498291,30.325361251831055,69.88785552978516,93.24797821044922,41.558650970458984,45.478084564208984,36.36702346801758,96.49263763427734,30.0625,20.335723876953125,47.06461715698242,30.769899368286133,40.26340103149414
2016-01-27,47.93793869018555,53.28467559814453,26.24097442626953,48.775489807128906,124.07355499267578,19.01817512512207,43.20054626464844,10.615193367004395,30.332563400268555,69.61215209960938,93.58868408203125,41.27909851074219,44.64994812011719,35.56364822387695,93.62779998779297,29.167499542236328,20.3681697845459,47.188446044921875,30.808696746826172,40.25650405883789
2016-01-28,49.02035903930664,54.96721649169922,27.55266571044922,51.72209548950195,126.76942443847656,18.86825180053711,43.38232421875,10.750269889831543,30.678482055664062,70.70777130126953,94.75785827636719,41.87984085083008,45.3822021484375,37.08615493774414,108.16020202636719,31.767499923706055,20.667783737182617,47.87921142578125,31.222579956054688,41.128173828125
2016-01-29,49.56792068481445,55.319095611572266,28.32084083557129,53.775814056396484,130.4015350341797,19.400495529174805,45.06370162963867,11.234941482543945,30.930723190307617,72.05008697509766,95.84183502197266,43.04563522338867,48.02351760864258,37.732913970947266,111.23320007324219,29.350000381469727,21.31854820251465,49.071800231933594,31.6364688873291,42.17972946166992
2016-02-01,48.57465744018555,54.56418991088867,27.972980499267578,53.1730842590332,128.8599090576172,19.273054122924805,44.57896423339844,11.09192180633545,30.988372802734375,71.85417175292969,96.4844970703125,43.4798583984375,47.692264556884766,38.199771881103516,114.08811950683594,28.74049949645996,21.560909271240234,50.17966079711914,32.270240783691406,42.747005462646484
2016-02-02,47.49225997924805,51.97319412231445,26.516355514526367,51.223548889160156,122.44314575195312,18.365995407104492,43.19297790527344,10.51190185546875,30.584789276123047,71.25920867919922,95.97349548339844,43.015907287597656,46.20161819458008,38.70232391357422,113.6123046875,27.604999542236328,21.73838996887207,50.01675033569336,32.09563064575195,42.89228439331055
2016-02-03,49.96906661987305,54.135555267333984,27.99471664428711,52.70429992675781,123.23418426513672,18.231067657470703,43.48078155517578,10.352992057800293,30.78658103942871,71.62926483154297,94.0532455444336,43.093238830566406,45.469356536865234,37.13968276977539,111.70903015136719,26.553499221801758,21.898700714111328,51.19629669189453,31.371315002441406,43.79856491088867
2016-02-04,50.8286247253418,54.24433517456055,25.595998764038086,52.48851013183594,126.30935668945312,18.74831199645996,44.23058319091797,10.527791976928711,30.64965057373047,70.66424560546875,93.42609405517578,43.00995635986328,45.329891204833984,36.18068313598633,109.52815246582031,26.812999725341797,21.66396141052246,51.20933151245117,31.31311798095703,43.092918395996094
2016-02-05,50.987796783447266,53.022377014160156,23.842260360717773,51.20122146606445,126.29315185546875,18.253557205200195,43.73829650878906,10.289427757263184,30.584789276123047,70.61344146728516,89.35328674316406,41.493221282958984,43.725894927978516,34.878719329833984,103.16405487060547,25.10650062561035,21.681137084960938,51.50908660888672,31.183774948120117,43.47341537475586
2016-02-08,51.67546081542969,55.01200485229492,24.951030731201172,51.92300033569336,120.46562957763672,16.994169235229492,42.82186508178711,9.74913215637207,30.736135482788086,70.75856018066406,89.85655975341797,40.10733413696289,43.072105407714844,34.89854431152344,98.88166046142578,24.405000686645508,21.788000106811523,51.593849182128906,31.571802139282227,43.619998931884766
2016-02-09,51.4505729675293,53.0479850769043,24.33504867553711,50.44968795776367,119.65847778320312,17.18907356262207,42.56436538696289,9.693513870239258,31.204566955566406,71.30998992919922,90.59989166259766,39.53633117675781,42.958778381347656,34.74292755126953,98.6734848022461,24.103500366210938,22.01319694519043,51.43741989135742,31.817543029785156,43.53623962402344
2016-02-10,50.98155975341797,53.12474822998047,23.436433792114258,50.39760208129883,118.8352279663086,17.016658782958984,42.049354553222656,9.518714904785156,30.6640682220459,70.83112335205078,91.01026153564453,39.70883560180664,43.33362579345703,35.031864166259766,100.12078094482422,24.52400016784668,21.705942153930664,51.44728469848633,31.824012756347656,43.90620422363281
2016-02-11,51.14216613769531,53.09275817871094,23.283050537109375,51.21611785888672,113.55652618408203,16.25953483581543,40.19377899169922,8.867177963256836,30.563182830810547,70.30867767333984,90.38311004638672,38.804725646972656,43.316184997558594,35.0075798034668,101.0228500366211,25.19099998474121,21.354806900024414,50.577980041503906,31.42054557800293,42.79632568359375
2016-02-12,52.06095886230469,54.653751373291016,24.028005599975586,52.700199127197266,117.94730377197266,17.30901336669922,43.54137420654297,9.494876861572266,31.067644119262695,71.4623794555664,91.31224822998047,40.05380630493164,44.022300720214844,35.033851623535156,101.12200164794922,25.354000091552734,21.310909271240234,50.20917892456055,31.32901382446289,42.30073165893555
2016-02-16,52.183013916015625,54.945274353027344,23.92574691772461,53.779541015625,120.28001403808594,17.78129005432129,44.19271469116211,9.733237266540527,31.24781036376953,71.54219818115234,92.28009033203125,41.3504638671875,44.856380462646484,35.566619873046875,100.72547149658203,26.05500030517578,21.4406795501709,50.24211883544922,31.446704864501953,42.64276123046875
2016-02-17,52.68415832519531,57.21281051635742,24.765640258789062,54.66399002075195,121.8297348022461,18.163597106933594,44.51081848144531,9.97955322265625,31.341503143310547,72.23148345947266,91.86201477050781,42.3497314453125,46.02408218383789,36.27682876586914,104.28421783447266,26.704999923706055,21.26511573791504,49.721858978271484,31.276687622070312,42.649742126464844
2016-02-18,52.973270416259766,56.18918991088867,24.612268447875977,54.47661209106445,119.23876190185547,17.96119499206543,43.78373336791992,9.725295066833496,31.4279727935791,72.28227233886719,90.72380065917969,42.248619079589844,45.82215881347656,35.560176849365234,102.56928253173828,26.25,21.818538665771484,50.18943405151367,31.95674705505371,43.59208679199219
2016-02-19,53.00540542602539,56.04017639160156,24.006084442138672,54.619041442871094,118.57693481445312,17.991186141967773,43.79130554199219,9.637898445129395,31.54328155517578,72.25325012207031,90.22823333740234,41.94526290893555,45.4973030090332,35.78815460205078,103.65969848632812,26.7450008392334,21.898700714111328,49.09619903564453,31.76058006286621,43.215145111083984
2016-02-22,52.934715270996094,57.5432014465332,25.160022735595703,55.74332809448242,120.09431457519531,18.39598274230957,44.35934829711914,9.963662147521973,31.66579246520996,72.46368408203125,91.11091613769531,42.801788330078125,46.226036071777344,36.13210678100586,106.22715759277344,27.975000381469727,22.079988479614258,49.287193298339844,32.10715103149414,43.87129211425781
2016-02-23,52.18943786621094,55.010074615478516,24.042613983154297,54.02690124511719,116.96265411376953,17.773786544799805,42.50377655029297,9.661730766296387,31.48563003540039,72.22422790527344,90.51473999023438,42.53411102294922,44.935394287109375,35.549278259277344,104.54196166992188,27.64699935913086,22.160144805908203,49.26743698120117,32.10715103149414,43.80847930908203
2016-02-24,52.37574768066406,55.24330520629883,24.07182502746582,54.124332427978516,117.48726654052734,17.773786544799805,42.5189208984375,9.637898445129395,31.644166946411133,72.3258056640625,90.63862609863281,42.516265869140625,45.09343719482422,35.72818374633789,105.94960021972656,27.70199966430664,22.30434799194336,49.35964584350586,32.0286865234375,43.98298263549805
2016-02-25,52.690589904785156,55.26272964477539,24.144853591918945,54.22926712036133,119.65847778320312,18.46345329284668,43.17782974243164,9.788863182067871,31.824325561523438,73.04413604736328,91.6529541015625,42.20698165893555,45.74314498901367,36.13557815551758,107.12922668457031,27.75749969482422,22.273582458496094,50.34089279174805,32.27716827392578,44.59725570678711
2016-02-26,52.523529052734375,54.64726638793945,24.919010162353516,54.319217681884766,121.27275848388672,18.86075782775879,43.57925033569336,10.090787887573242,31.089258193969727,71.36805725097656,91.32528686523438,42.480594635009766,45.04075622558594,35.92445755004883,106.98054504394531,27.761499404907227,21.635215759277344,48.753753662109375,31.512096405029297,42.908016204833984
2016-02-29,51.49554443359375,54.05772018432617,24.707218170166016,53.75706100463867,121.21601867675781,18.51593017578125,42.64009094238281,9.947772026062012,31.082050323486328,70.97621154785156,91.42671203613281,43.105125427246094,44.67200469970703,35.54580307006836,105.98925018310547,27.625999450683594,21.692903518676758,48.918399810791016,31.50555419921875,43.103458404541016
2016-03-01,52.2215690612793,55.80046844482422,25.16732406616211,55.47350311279297,125.36652374267578,19.557912826538086,44.83647537231445,10.480118751525879,31.48563003540039,71.89772033691406,92.72176361083984,45.317787170410156,46.164588928222656,36.7823486328125,108.864013671875,28.95199966430664,21.65060043334961,48.30591583251953,31.054359436035156,43.089508056640625
2016-03-02,53.1338996887207,56.454811096191406,26.649911880493164,55.7733268737793,125.00176239013672,19.57291030883789,45.26061248779297,10.695466041564941,31.54328155517578,71.85608673095703,92.43309783935547,44.853843688964844,46.48942947387695,36.64902877807617,108.99286651611328,29.010499954223633,21.604450225830078,48.490325927734375,31.374774932861328,43.20119094848633
2016-03-03,52.94113540649414,56.707489013671875,28.16168975830078,56.10313034057617,125.91780853271484,19.595396041870117,45.41207504272461,10.76724624633789,31.68021011352539,72.46258544921875,91.03660583496094,45.436737060546875,45.96263122558594,36.257991790771484,108.62609100341797,28.874500274658203,21.462173461914062,48.95132827758789,31.512096405029297,43.11742401123047
2016-03-04,52.8704833984375,56.96663284301758,30.03134536743164,56.0881233215332,127.1418685913086,19.587902069091797,45.48024368286133,10.799150466918945,31.78829002380371,73.07646179199219,91.41889190673828,46.424110412597656,45.68169403076172,36.190093994140625,107.44644927978516,28.756999969482422,21.975549697875977,49.504520416259766,31.79981231689453,43.578121185302734
2016-03-07,54.264678955078125,58.74176788330078,30.23585319519043,57.08502197265625,125.93402862548828,19.557912826538086,45.396942138671875,10.791173934936523,31.716238021850586,72.52838897705078,91.3954849243164,46.424110412597656,44.80370330810547,35.326751708984375,104.80960083007812,28.139999389648438,22.006322860717773,50.21576690673828,31.708269119262695,44.14352798461914
2016-03-08,53.088932037353516,57.491390228271484,28.20551300048828,54.491600036621094,122.89411163330078,18.74831199645996,44.51838302612305,10.416314125061035,31.939638137817383,72.88644409179688,92.38627624511719,45.60924530029297,45.34805679321289,35.36292266845703,105.00787353515625,28.01300048828125,22.198598861694336,50.88751220703125,32.13985824584961,44.40180206298828
2016-03-09,52.94113540649414,60.13465881347656,28.519554138183594,54.52906799316406,121.52410125732422,18.448461532592773,44.77589416503906,10.480120658874512,32.29277038574219,73.22257232666016,93.33807373046875,45.383216857910156,46.392860412597656,35.95170593261719,106.5741195678711,27.973499298095703,22.354347229003906,51.04556655883789,32.407955169677734,44.88344192504883
2016-03-10,52.79979705810547,60.860286712646484,28.50494956970215,54.85137939453125,122.42391204833984,18.478443145751953,44.38962936401367,10.583802223205566,32.5954475402832,73.64643096923828,93.60333251953125,45.65682601928711,45.699249267578125,36.2867431640625,106.38575744628906,27.946500778198242,22.2447452545166,50.880943298339844,32.61067199707031,44.7647819519043
2016-03-11,52.80622863769531,61.27492141723633,29.5931453704834,56.21552276611328,124.79097747802734,19.490446090698242,44.94252395629883,10.998539924621582,32.827842712402344,74.03374481201172,94.82819366455078,46.25756072998047,46.59480667114258,36.91615295410156,108.45757293701172,28.480499267578125,22.26974105834961,51.21022415161133,32.55836868286133,44.83458709716797
2016-03-14,52.94757843017578,61.06759262084961,29.220680236816406,55.046268463134766,124.42617797851562,19.42298126220703,44.77589416503906,10.878907203674316,32.89320755004883,73.55144500732422,95.88138580322266,46.1267204284668,46.68259048461914,37.18229675292969,108.93339538574219,28.668500900268555,22.273582458496094,51.18387985229492,32.662986755371094,44.82760238647461
2016-03-15,53.210994720458984,61.0740852355957,29.089221954345703,54.88887023925781,123.2426528930664,19.063161849975586,44.83647537231445,10.823076248168945,32.85689163208008,73.91683197021484,96.29486083984375,46.53116989135742,47.051353454589844,37.19865036010742,109.70661163330078,28.85099983215332,22.22744369506836,51.401180267333984,32.911468505859375,44.96023178100586
2016-03-16,53.24312210083008,61.8061408996582,30.579099655151367,54.97880935668945,122.03477478027344,18.86075782775879,44.62442398071289,10.615705490112305,32.718902587890625,73.6829833984375,96.36510467529297,46.78098678588867,47.7186279296875,37.5351676940918,111.20345306396484,28.713499069213867,22.51970100402832,51.9939079284668,33.140342712402344,45.462799072265625
2016-03-17,54.03339767456055,62.77149963378906,31.41168212890625,55.870758056640625,123.95600128173828,19.378000259399414,44.495670318603516,10.687487602233887,33.24184036254883,74.44297790527344,96.08423614501953,46.86426544189453,47.99079895019531,37.590675354003906,110.05355834960938,27.972000122070312,22.752363204956055,52.67882537841797,33.23189163208008,45.672218322753906
2016-03-18,54.09763717651367,63.28978729248047,31.41898536682129,55.10622787475586,127.7579574584961,19.700347900390625,45.8059196472168,10.998539924621582,33.11836242675781,74.01911163330078,96.80197143554688,46.578758239746094,46.96354675292969,37.43852233886719,110.47981262207031,27.604000091552734,22.78504180908203,52.46807098388672,33.192657470703125,45.2254753112793
2016-03-21,53.7249870300293,62.47994613647461,31.097640991210938,56.13309860229492,126.69599151611328,19.445470809936523,45.7907829284668,11.038420677185059,33.16919708251953,74.20183563232422,96.59132385253906,47.244937896728516,47.288414001464844,37.77305603027344,110.87633514404297,27.698999404907227,22.606225967407227,52.3692626953125,33.00956726074219,45.23246383666992
2016-03-22,54.046234130859375,61.870941162109375,30.61560821533203,55.17369079589844,125.00176239013672,19.370508193969727,45.624149322509766,10.974614143371582,33.04572296142578,73.63912200927734,96.59915924072266,46.977256774902344,47.4727783203125,37.66848373413086,111.27285766601562,28.02400016784668,22.50432014465332,51.94780731201172,32.872230529785156,45.211509704589844
2016-03-23,53.80851745605469,60.633522033691406,29.103818893432617,54.686485290527344,124.90442657470703,18.94321632385254,45.396942138671875,10.862956047058105,33.01667404174805,73.66836547851562,96.88780212402344,47.911109924316406,47.384979248046875,37.545074462890625,111.56033325195312,28.48150062561035,22.629297256469727,52.560279846191406,33.13379669189453,45.427913665771484
2016-03-24,53.95627212524414,61.449832916259766,29.24258041381836,54.40165710449219,124.02894592285156,18.688339233398438,45.04853439331055,10.910807609558105,33.10383224487305,73.5733642578125,96.1856689453125,47.197349548339844,47.59569549560547,37.410274505615234,112.0658950805664,29.147499084472656,22.781192779541016,52.52076721191406,33.284210205078125,45.41395568847656
2016-03-28,54.11049270629883,61.339691162109375,28.97966766357422,54.56654357910156,124.70989227294922,18.53091812133789,44.98795700073242,10.862956047058105,33.26361083984375,73.7926025390625,96.0920181274414,47.46500778198242,47.00745391845703,37.33296203613281,112.70030212402344,28.993499755859375,22.60814666748047,52.342933654785156,33.07494354248047,45.37206268310547
2016-03-29,54.309661865234375,61.75434112548828,28.935850143432617,54.71647262573242,125.67464447021484,18.57589340209961,44.707725524902344,10.703439712524414,33.757476806640625,74.07759857177734,96.71614837646484,47.923011779785156,48.034690856933594,37.95791244506836,115.12899017333984,29.69300079345703,22.883108139038086,52.975189208984375,33.480384826660156,46.091041564941406
2016-03-30,54.30324172973633,61.70899200439453,29.27179527282715,55.7733268737793,126.86621856689453,18.793289184570312,45.222740173339844,10.751293182373047,33.83010482788086,75.04222106933594,98.16725158691406,48.922264099121094,48.33320999145508,38.07933807373047,113.70152282714844,29.934499740600586,22.78504180908203,52.9159049987793,33.486915588378906,46.08405685424805
2016-03-31,53.70570755004883,61.8061408996582,29.41057014465332,55.27861404418945,127.25537109375,18.74831199645996,44.851627349853516,10.783196449279785,33.69212341308594,74.88874053955078,98.05022430419922,48.68435287475586,48.491249084472656,37.80973434448242,113.10673522949219,29.68199920654297,22.754281997680664,53.13322067260742,33.82695770263672,46.349308013916016
2016-04-01,53.30095291137695,61.06759262084961,29.052705764770508,54.05686950683594,129.55755615234375,19.138124465942383,45.34392547607422,10.81509780883789,34.011680603027344,75.8387451171875,99.09564208984375,48.934165954589844,48.789764404296875,38.145263671875,115.04969024658203,29.924999237060547,22.825424194335938,53.42959213256836,33.80733108520508,46.77511215209961
2016-04-04,53.42945098876953,60.52987289428711,28.556074142456055,54.44664001464844,127.89578247070312,18.770801544189453,45.16843032836914,10.775222778320312,34.05525588989258,75.86796569824219,99.52473449707031,48.714088439941406,48.6668586730957,37.919761657714844,111.57024383544922,29.659500122070312,22.827346801757812,53.40321731567383,33.6961555480957,46.474945068359375
2016-04-05,52.81907272338867,60.0374870300293,28.512256622314453,54.461631774902344,125.93402862548828,18.276042938232422,44.52753448486328,10.519999504089355,33.79378890991211,75.34181213378906,99.37648010253906,48.517799377441406,47.903011322021484,37.59513854980469,111.24311828613281,29.30699920654297,22.371646881103516,52.619537353515625,33.120731353759766,45.651275634765625
2016-04-06,53.52583694458008,61.443363189697266,29.76112174987793,54.836395263671875,125.80426025390625,18.3060302734375,44.87087631225586,10.583802223205566,33.92453384399414,75.9410400390625,99.4857177734375,48.708133697509766,48.39466857910156,38.06596374511719,112.72013092041016,30.104000091552734,22.440860748291016,52.26392364501953,32.93109130859375,45.81182861328125
2016-04-07,52.921878814697266,61.41096496582031,29.43977165222168,53.97442626953125,121.929443359375,17.78129005432129,43.734031677246094,10.248823165893555,33.67033386230469,75.70719909667969,99.96943664550781,48.33935546875,47.81520080566406,37.67195129394531,112.6507568359375,29.571500778198242,22.340879440307617,52.21781921386719,33.13379669189453,45.7210807800293
2016-04-08,53.461570739746094,62.40868377685547,30.111690521240234,55.35357666015625,121.82405090332031,17.803781509399414,44.05448532104492,10.272747993469238,34.04073715209961,76.7886962890625,99.8289794921875,48.975791931152344,47.78007888793945,37.63973617553711,109.66694641113281,29.729999542236328,22.460098266601562,52.533931732177734,33.17303466796875,46.07707595825195
2016-04-11,53.532230377197266,61.7025146484375,30.082475662231445,55.376060485839844,123.3804702758789,18.073646545410156,44.40545654296875,10.344532012939453,33.72843933105469,76.2187271118164,99.51691436767578,48.65462112426758,47.683494567871094,37.54408645629883,108.04121398925781,29.796499252319336,22.348581314086914,52.31660461425781,33.003021240234375,45.846717834472656
2016-04-12,54.194007873535156,63.173160552978516,31.74764060974121,56.89012908935547,125.09092712402344,18.42597007751465,45.22947692871094,10.583802223205566,33.88095474243164,76.66449737548828,99.55593872070312,48.80331039428711,47.982017517089844,37.88011169433594,109.64713287353516,30.15850067138672,22.506244659423828,52.83027648925781,33.19918441772461,46.28648376464844
2016-04-13,54.50241470336914,63.2314567565918,31.827972412109375,57.991966247558594,129.58187866210938,19.400495529174805,47.144569396972656,10.998539924621582,33.437923431396484,76.08718872070312,98.99423217773438,49.138267517089844,48.59661102294922,38.25627517700195,109.5479965209961,30.740999221801758,22.396642684936523,52.44173812866211,32.93109130859375,45.92350387573242
2016-04-14,54.88789367675781,63.477657318115234,32.295387268066406,57.83457565307617,130.44113159179688,19.617889404296875,47.75493621826172,11.277693748474121,33.28540802001953,75.38565826416016,99.4779281616211,49.287818908691406,48.605384826660156,38.428749084472656,109.8751220703125,31.037500381469727,22.33319091796875,52.32318878173828,32.98994445800781,45.783897399902344
2016-04-15,54.59235763549805,62.991737365722656,31.915607452392578,57.15995788574219,128.50376892089844,19.31053924560547,47.20559310913086,11.166029930114746,33.48150634765625,75.83139038085938,99.68856811523438,48.952850341796875,48.86000442504883,38.65721893310547,108.6855697631836,31.29450035095215,22.579309463500977,52.685394287109375,33.140342712402344,46.10499954223633
2016-04-18,55.112754821777344,63.94411849975586,32.865047454833984,58.05191421508789,128.90902709960938,19.28805160522461,47.51078796386719,11.301623344421387,33.56865310668945,75.79488372802734,100.52333068847656,49.41342544555664,49.571170806884766,39.037841796875,109.48851013183594,31.767499923706055,22.644678115844727,52.94883728027344,33.290748596191406,46.23761749267578
2016-04-19,55.38905334472656,65.11026000976562,34.36954879760742,59.69340896606445,131.8517303466797,19.835283279418945,48.31190872192383,11.52493667602539,33.84465026855469,76.23334503173828,100.5311508178711,49.12630844116211,49.50971984863281,38.47136688232422,111.31249237060547,31.395000457763672,22.7081356048584,52.54710006713867,33.349586486816406,45.958412170410156
2016-04-20,55.76810836791992,65.88121032714844,34.38414764404297,60.787715911865234,135.36181640625,20.54743003845215,49.01385498046875,11.907774925231934,32.22504425048828,74.85950469970703,100.28929901123047,49.365577697753906,48.80731964111328,38.405452728271484,111.44137573242188,31.649499893188477,22.21013641357422,51.49997329711914,32.545284271240234,44.46461868286133
2016-04-21,55.76167678833008,65.69332122802734,33.763343811035156,60.165618896484375,134.01614379882812,20.43498992919922,48.525543212890625,11.883846282958984,31.709373474121094,73.7999038696289,98.13607025146484,48.86910629272461,48.974151611328125,38.65721893310547,112.45248413085938,31.549999237060547,21.710208892822266,50.27503967285156,32.002532958984375,43.4594612121582
2016-04-22,56.23712158203125,66.08856201171875,34.77851486206055,59.910789489746094,135.1753692626953,20.764827728271484,48.8078498840332,12.05134105682373,32.3485107421875,74.52337646484375,97.9098129272461,48.56404113769531,45.46217727661133,36.56427764892578,109.5975570678711,31.024999618530273,22.0044002532959,50.716285705566406,32.2117805480957,43.794517517089844
2016-04-25,56.1086311340332,65.76461791992188,33.792564392089844,59.04132843017578,133.8297119140625,20.63738250732422,48.525543212890625,11.931700706481934,32.47196960449219,75.1225814819336,99.43889617919922,48.66572952270508,45.75192642211914,36.78432846069336,109.14156341552734,31.309999465942383,22.010164260864258,50.55164337158203,32.21833419799805,43.843387603759766
2016-04-26,56.30137252807617,66.26994323730469,35.114471435546875,59.363624572753906,134.437744140625,20.652374267578125,48.77732467651367,12.03538703918457,32.34123992919922,74.9764175415039,99.63394165039062,49.072479248046875,45.16367721557617,35.94972610473633,107.81324005126953,30.8439998626709,22.212051391601562,50.6767692565918,32.172542572021484,43.90620422363281
2016-04-27,56.83464050292969,67.28058624267578,35.13637924194336,60.41297912597656,135.31321716308594,20.7503662109375,48.9146614074707,11.979558944702148,32.45018005371094,74.99834442138672,100.09422302246094,48.743492126464844,44.72468185424805,35.75594711303711,107.94209289550781,30.328500747680664,22.475475311279297,51.40777587890625,32.3948860168457,44.625160217285156
2016-04-28,56.558380126953125,66.34120178222656,34.81503677368164,59.79834747314453,133.18121337890625,20.524242401123047,48.525543212890625,11.796116828918457,32.41386413574219,75.24681854248047,99.79777526855469,48.115421295166016,43.81156921386719,34.94314956665039,115.71385192871094,30.100000381469727,22.394723892211914,51.59218215942383,32.662986755371094,44.01789474487305
2016-04-29,56.79607391357422,66.19869232177734,34.902687072753906,60.21807861328125,133.03524780273438,20.39610481262207,48.220359802246094,11.612672805786133,32.53733444213867,75.23948669433594,98.68215942382812,47.58905792236328,43.78522872924805,35.08291244506836,116.55646514892578,32.97949981689453,22.60814666748047,51.881954193115234,32.76105880737305,44.325016021728516
2016-05-02,57.265079498291016,66.93074035644531,34.21616744995117,59.513519287109375,134.7133026123047,20.546857833862305,48.67051315307617,11.780163764953613,32.66807174682617,75.58296966552734,100.0162353515625,48.432456970214844,44.434940338134766,35.40654373168945,117.53782653808594,34.192501068115234,22.700441360473633,51.9873161315918,32.96377944946289,44.92531967163086
2016-05-03,56.609779357910156,65.6415023803711,32.9234733581543,57.88703536987305,132.24888610839844,20.267972946166992,47.732051849365234,11.453157424926758,32.56639099121094,75.67797088623047,100.17224884033203,47.68476486206055,43.70621871948242,35.11066818237305,116.40775299072266,33.566001892089844,22.769662857055664,51.921470642089844,33.02263259887695,45.02305603027344
2016-05-04,56.500545501708984,65.16858673095703,31.703805923461914,56.762718200683594,129.76028442382812,19.80820083618164,46.97669219970703,11.269719123840332,32.66807174682617,76.01411437988281,100.89781188964844,48.24103546142578,43.78522872924805,35.25587844848633,117.03226470947266,33.54499816894531,22.969635009765625,52.69856643676758,33.58500289916992,45.6442985534668
2016-05-05,56.56478500366211,65.70630645751953,31.5577449798584,56.515357971191406,129.322509765625,19.725282669067383,46.724918365478516,11.205911636352539,32.72616195678711,76.1529541015625,100.85881042480469,48.35469055175781,43.84669494628906,35.42141342163086,116.78443908691406,32.954498291015625,22.85234260559082,52.80393981933594,33.101112365722656,45.47676467895508
2016-05-06,56.86677169799805,65.99136352539062,31.22909927368164,56.30550003051758,128.77127075195312,19.785581588745117,46.99958801269531,11.253766059875488,32.915000915527344,76.70104217529297,101.87299346923828,48.426483154296875,44.24178695678711,35.940303802490234,118.44982147216797,33.6974983215332,22.78312110900879,52.27709197998047,32.36219787597656,45.45564270019531
2016-05-09,56.90529251098633,65.01307678222656,30.418426513671875,54.544063568115234,127.68498992919922,19.67252540588379,46.702022552490234,11.15805721282959,32.85689163208008,76.93489074707031,102.06804656982422,48.97677230834961,43.96083068847656,36.136070251464844,118.20199584960938,33.98749923706055,22.86003303527832,52.72491455078125,32.571434020996094,45.96962356567383
2016-05-10,57.81766128540039,65.60911560058594,31.309417724609375,55.660888671875,130.85458374023438,20.072002410888672,47.335296630859375,11.405304908752441,33.22731018066406,77.87755584716797,102.66877746582031,49.586891174316406,44.79491424560547,36.64407730102539,119.45103454589844,35.153499603271484,22.996557235717773,52.72491455078125,32.787227630615234,45.800655364990234
2016-05-11,57.53904724121094,65.52486419677734,31.90100860595703,55.3235969543457,129.23329162597656,19.868492126464844,47.15981674194336,11.325547218322754,33.01667404174805,77.25640106201172,100.74956512451172,48.264984130859375,44.82124710083008,36.20645523071289,118.47954559326172,35.6614990234375,23.01386070251465,53.00811767578125,32.904937744140625,45.913307189941406
2016-05-12,58.09623718261719,66.1598129272461,31.93752098083496,55.53346633911133,128.13894653320312,19.77050018310547,47.129302978515625,11.277693748474121,33.28540802001953,77.53410339355469,101.51412963867188,48.79134750366211,45.22512435913086,36.08353805541992,119.23295593261719,35.89649963378906,23.294584274291992,53.39663314819336,33.169437408447266,46.230133056640625
2016-05-13,57.4418830871582,65.26576232910156,31.41898536682129,54.289207458496094,125.92586517333984,19.51422882080078,46.69441223144531,11.070320129394531,32.936790466308594,76.13103485107422,100.50772094726562,48.03169631958008,44.847599029541016,35.9229621887207,118.76703643798828,35.49599838256836,23.2195987701416,53.19248962402344,32.99089431762695,46.194942474365234
2016-05-16,58.03145217895508,66.26994323730469,32.193153381347656,55.46601486206055,125.95832061767578,19.755434036254883,47.04536819458008,11.110203742980957,33.13288116455078,76.094482421875,101.13966369628906,48.59993362426758,45.506103515625,36.194061279296875,117.63697052001953,35.53300094604492,23.35803985595703,53.343963623046875,33.023956298828125,46.42023468017578
2016-05-17,58.00551986694336,65.96221160888672,31.974056243896484,56.12559127807617,125.36652374267578,19.71774673461914,47.04536819458008,11.174007415771484,32.50102233886719,74.8083724975586,99.61836242675781,48.43844985961914,44.657325744628906,35.6930046081543,116.32844543457031,34.76350021362305,23.03116226196289,52.362728118896484,32.45528030395508,45.42045211791992
2016-05-18,57.888919830322266,65.51046752929688,31.8344783782959,54.84389877319336,129.65489196777344,20.531774520874023,48.861244201660156,11.716358184814453,32.304931640625,73.74143981933594,98.46372985839844,47.95393371582031,44.92255401611328,35.77180099487305,116.62583923339844,34.872501373291016,22.6927490234375,50.955223083496094,31.767549514770508,44.568511962890625
2016-05-19,58.381317138671875,65.37296295166016,31.849164962768555,55.61589813232422,125.40708923339844,20.056926727294922,48.36532211303711,11.5887451171875,32.1887321472168,74.0483627319336,97.74598693847656,47.89411163330078,44.489341735839844,35.45114517211914,115.79315948486328,34.92599868774414,22.76774024963379,51.22142028808594,32.184146881103516,44.95574951171875
2016-05-20,58.14158630371094,65.33369445800781,32.01075744628906,56.185577392578125,125.25304412841797,20.177522659301758,48.456878662109375,11.580774307250977,31.920000076293945,73.1495132446289,95.61615753173828,47.612998962402344,44.75457763671875,35.76832962036133,116.32844543457031,35.13999938964844,22.944639205932617,51.24138259887695,32.170921325683594,44.92053985595703
2016-05-23,58.050880432128906,65.06525421142578,32.01811599731445,56.22305679321289,126.01502227783203,20.22274398803711,48.41872024536133,11.54089069366455,31.934528350830078,73.38337707519531,95.81120300292969,47.84027099609375,44.23293685913086,35.547298431396484,114.9604721069336,34.837501525878906,22.68697738647461,50.67573165893555,31.80060577392578,44.32207107543945
2016-05-24,58.09623718261719,65.59558868408203,31.922626495361328,56.68026351928711,127.74984741210938,20.659915924072266,49.24274444580078,11.70838451385498,32.22504425048828,73.87299346923828,96.70056915283203,49.12630844116211,45.612178802490234,36.329368591308594,116.67540740966797,35.209999084472656,23.052316665649414,51.2347412109375,32.0452766418457,44.80085372924805
2016-05-25,58.47848892211914,66.63002014160156,32.9803352355957,58.39673614501953,130.71676635742188,20.93879508972168,49.990474700927734,11.899802207946777,32.232295989990234,73.87299346923828,96.16224670410156,49.407447814941406,46.08076858520508,36.580631256103516,116.8637466430664,35.41749954223633,22.90041732788086,51.20809555053711,32.104793548583984,44.66002655029297
2016-05-26,58.18044662475586,66.45326232910156,32.855464935302734,58.37423324584961,129.0711669921875,20.667455673217773,49.616607666015625,11.724336624145508,32.45743942260742,74.46489715576172,96.57574462890625,49.31772232055664,45.87740707397461,36.522640228271484,118.43000793457031,35.74549865722656,23.208385467529297,51.880218505859375,32.547847747802734,45.29372024536133
2016-05-27,58.31651306152344,66.79369354248047,32.56167221069336,58.2158203125,129.85260009765625,20.7503662109375,49.921810150146484,11.867898941040039,32.52281188964844,74.50873565673828,96.15443420410156,49.40145492553711,46.25758361816406,37.051456451416016,118.34078216552734,35.61199951171875,23.212263107299805,51.89356231689453,32.50817108154297,45.279624938964844
2016-05-31,57.67510986328125,66.12591552734375,32.16501235961914,57.559505462646484,129.81190490722656,20.6297607421875,49.799720764160156,11.796116828918457,32.39208221435547,73.93143463134766,95.22602081298828,49.102394104003906,46.85879898071289,37.11341094970703,117.77572631835938,36.13949966430664,23.266496658325195,52.05990982055664,32.69332504272461,45.5753288269043
2016-06-01,57.817665100097656,66.21102142333984,32.36334228515625,57.22755813598633,130.2107696533203,20.720216751098633,50.12018585205078,11.89215087890625,32.4647102355957,74.78031921386719,95.15583801269531,49.30575180053711,46.72618865966797,37.09407424926758,117.74600982666016,35.97200012207031,23.272302627563477,52.585628509521484,32.7792854309082,45.68799591064453
2016-06-02,57.35763931274414,65.81818389892578,32.598392486572266,56.91828155517578,129.6491241455078,20.56192970275879,50.21172332763672,11.956171989440918,32.47923278808594,75.09690856933594,95.22657775878906,49.323707580566406,46.3990478515625,36.886417388916016,117.89469146728516,36.4119987487793,23.206451416015625,52.53239440917969,32.64042663574219,45.54014587402344
2016-06-03,57.253990173339844,65.90331268310547,32.45147705078125,57.054054260253906,126.71072387695312,20.004165649414062,49.31904602050781,11.54002571105957,32.711639404296875,75.48712158203125,95.36803436279297,49.41342544555664,45.78901290893555,36.4696159362793,117.4386978149414,36.277000427246094,23.591901779174805,53.2910270690918,33.18267059326172,46.335750579833984
2016-06-06,57.88241958618164,66.23719787597656,33.435752868652344,59.6641960144043,127.84210968017578,20.23782730102539,49.807350158691406,11.6200532913208,32.95132064819336,75.6122817993164,95.87884521484375,49.76036071777344,46.0896110534668,36.18216323852539,117.75592041015625,36.33649826049805,23.58221435546875,53.13132858276367,33.14960861206055,46.25829315185547
2016-06-07,58.77004623413086,67.64484405517578,34.91950607299805,60.426143646240234,126.30367279052734,19.98909568786621,49.63949966430664,11.4840087890625,32.915000915527344,75.4576644897461,95.80028533935547,50.02952194213867,46.06309127807617,36.233211517333984,116.7348861694336,36.1870002746582,23.458250045776367,53.231143951416016,33.1231575012207,46.356868743896484
2016-06-08,58.82188415527344,67.4942626953125,34.88278579711914,60.96175003051758,125.87229919433594,20.004165649414062,49.78447341918945,11.548026084899902,33.08205032348633,75.96569061279297,95.96531677246094,50.35851287841797,46.01005172729492,36.820011138916016,117.35938262939453,36.332000732421875,23.808837890625,53.57719039916992,33.30831527709961,46.6103515625
2016-06-09,58.74412536621094,67.3109359741211,34.20701599121094,60.32054138183594,124.67578887939453,19.657440185546875,49.40297317504883,11.355960845947266,33.23455047607422,76.31907653808594,96.49971008300781,50.08336639404297,45.638702392578125,36.799686431884766,117.52791595458984,36.38249969482422,24.0141544342041,54.076290130615234,33.632328033447266,47.145442962646484
2016-06-10,58.29708480834961,66.7675552368164,32.693885803222656,59.24176788330078,122.00592803955078,19.250429153442383,48.70867156982422,11.06786060333252,33.401611328125,76.06137084960938,96.16178894042969,49.347633361816406,45.51491928100586,36.33728790283203,115.60482025146484,35.89550018310547,23.98509979248047,54.06298828125,33.79765319824219,47.06800079345703
2016-06-13,58.69231033325195,66.84608459472656,32.231117248535156,58.570369720458984,120.9803237915039,19.039379119873047,48.27376174926758,10.883797645568848,33.02104568481445,75.87734985351562,96.65689086914062,49.38949966430664,44.33020782470703,36.272369384765625,112.95804595947266,35.762001037597656,23.938610076904297,54.309234619140625,33.71830368041992,46.856773376464844
2016-06-14,58.58864212036133,66.30921173095703,32.554325103759766,58.434593200683594,118.9942398071289,18.541921615600586,47.36581039428711,10.611700057983398,32.962501525878906,76.00251770019531,96.2796630859375,49.341651916503906,44.056121826171875,36.34026336669922,113.93943786621094,35.96500015258789,24.20784568786621,54.84159851074219,33.94313049316406,47.05391311645508
2016-06-15,58.4136962890625,65.88365173339844,32.10625457763672,57.97439956665039,118.9698486328125,18.632362365722656,47.28189468383789,10.675724983215332,32.9405403137207,75.7301025390625,96.07533264160156,49.539039611816406,43.93234634399414,36.2877311706543,113.60238647460938,35.7130012512207,23.98703384399414,54.25598907470703,33.64556884765625,46.638492584228516
2016-06-16,59.1004638671875,66.1717300415039,31.702260971069336,57.589683532714844,119.3523941040039,18.89617347717285,47.47264862060547,10.651715278625488,33.16010284423828,76.45896911621094,96.24823760986328,49.59885025024414,44.55123519897461,35.89421844482422,113.39421844482422,35.8754997253418,24.18267059326172,54.92143630981445,33.764591217041016,47.089115142822266
2016-06-17,58.776519775390625,66.49906921386719,32.4294548034668,58.46475601196289,118.54657745361328,19.07706642150879,47.51842498779297,10.723740577697754,32.779537200927734,76.13502502441406,96.09105682373047,49.975685119628906,44.32136535644531,34.90300750732422,112.03614807128906,35.31949996948242,24.2310848236084,55.22091293334961,33.824100494384766,47.32146072387695
2016-06-20,59.035675048828125,67.18000030517578,32.82609939575195,58.53263854980469,120.26402282714844,19.52177619934082,47.587074279785156,10.835779190063477,32.9185905456543,76.10558319091797,96.9948501586914,50.27476501464844,44.268310546875,34.99618148803711,112.38309478759766,35.70050048828125,24.064516067504883,54.56875991821289,33.68523406982422,47.02576446533203
2016-06-21,59.301326751708984,67.59246826171875,32.90688705444336,59.23423767089844,120.75238037109375,19.747892379760742,48.02960205078125,10.899802207946777,33.02837371826172,76.62831115722656,96.37397766113281,50.4183235168457,45.2585334777832,35.132476806640625,113.38430786132812,35.79100036621094,24.07032012939453,54.56875991821289,33.658782958984375,47.01167678833008
2016-06-22,59.068092346191406,66.9704818725586,32.311927795410156,59.045631408691406,120.58145904541016,19.891101837158203,47.84649658203125,10.891804695129395,32.83076095581055,76.37799072265625,94.79434204101562,50.17906188964844,45.08171081542969,35.21126937866211,112.91841125488281,35.529998779296875,23.94829750061035,54.45561981201172,33.62571334838867,46.82156753540039
2016-06-23,59.47624588012695,68.37812805175781,33.516544342041016,60.041412353515625,124.2606201171875,20.569469451904297,48.86888122558594,11.235923767089844,32.99177932739258,76.89334869384766,95.25801849365234,51.381351470947266,45.895118713378906,35.429344177246094,114.0782241821289,36.104000091552734,23.981224060058594,54.60201644897461,33.764591217041016,46.88492965698242
2016-06-24,57.91482925415039,66.71514892578125,31.709611892700195,57.83107376098633,115.4697494506836,18.481616973876953,45.473628997802734,10.403631210327148,32.150142669677734,75.08219909667969,93.86698150634766,49.138267517089844,44.056121826171875,33.9588737487793,111.10433959960938,34.948001861572266,23.979278564453125,54.85490036010742,33.850547790527344,47.356666564941406
2016-06-27,57.57145690917969,65.7068862915039,29.954090118408203,56.6316032409668,113.55694580078125,17.795717239379883,43.95530700683594,9.747401237487793,32.040367126464844,75.19261932373047,91.39927673339844,47.45146942138672,42.818336486816406,33.75766372680664,108.02140045166016,34.56800079345703,24.769556045532227,55.89303970336914,34.51844787597656,48.12411880493164
2016-06-28,58.89961624145508,66.53836822509766,30.8134765625,57.808441162109375,115.91744995117188,18.549455642700195,45.4125862121582,10.163545608520508,32.333106994628906,75.19999694824219,93.12825012207031,48.57003402709961,43.711299896240234,34.25921630859375,111.71895599365234,35.397499084472656,24.881898880004883,55.85977554321289,34.5911750793457,48.32830810546875
2016-06-29,59.90385437011719,67.7103042602539,32.253173828125,58.713687896728516,118.43257904052734,19.016769409179688,46.69441223144531,10.555680274963379,32.52338790893555,75.92150115966797,93.90628814697266,49.43136215209961,44.68385314941406,34.45398712158203,113.16622924804688,35.779998779296875,24.74437713623047,55.99951934814453,34.53165054321289,48.3846321105957
2016-06-30,60.73313522338867,68.63345336914062,32.02545928955078,59.65666580200195,120.93965911865234,19.582069396972656,47.411617279052734,10.619708061218262,33.17473220825195,77.99769592285156,94.57428741455078,49.59885025024414,45.240848541259766,34.86732482910156,113.28517150878906,35.78099822998047,25.257665634155273,57.09090042114258,35.464054107666016,49.34923553466797
2016-07-01,60.797935485839844,68.1882553100586,31.959346771240234,59.98859786987305,120.6709976196289,19.536842346191406,47.10402297973633,10.483656883239746,33.02104568481445,77.76947784423828,94.62142944335938,49.96372604370117,45.23200607299805,35.20037078857422,113.19595336914062,36.284000396728516,25.127893447875977,56.98440933227539,35.5963249206543,49.38442611694336
2016-07-05,60.266666412353516,67.80852508544922,30.62984848022461,58.56282424926758,117.57796478271484,18.843402862548828,45.78917694091797,10.195556640625,33.24791717529297,78.35110473632812,94.90437316894531,49.67062759399414,45.240848541259766,34.934722900390625,113.20587158203125,36.404998779296875,25.34869384765625,57.84951400756836,35.874046325683594,49.856178283691406
2016-07-06,60.95989990234375,68.46977233886719,30.776756286621094,58.8872184753418,118.49773406982422,18.956472396850586,46.281280517578125,10.291589736938477,33.13081741333008,77.98297119140625,94.80216979980469,50.346553802490234,45.426509857177734,35.136932373046875,115.68411254882812,36.88050079345703,25.352575302124023,58.04917907714844,35.99968719482422,50.18003845214844
2016-07-07,60.227806091308594,67.4680404663086,30.490280151367188,58.61563491821289,119.6535873413086,19.363483428955078,46.5811653137207,10.41163158416748,32.99909210205078,79.13888549804688,95.03009796142578,50.4302864074707,45.426509857177734,35.05218505859375,114.84151458740234,36.82849884033203,24.85671615600586,56.758155822753906,35.483890533447266,49.48301315307617
2016-07-08,60.60356521606445,68.59416198730469,31.070566177368164,59.40018844604492,122.40480041503906,19.876035690307617,47.54230499267578,10.539674758911133,33.21132278442383,79.7131576538086,95.33658599853516,51.297611236572266,46.23991012573242,35.57355880737305,116.21940612792969,37.29050064086914,25.1666259765625,57.237281799316406,35.80131530761719,49.7857666015625
2016-07-11,60.83033752441406,69.0000991821289,31.18074607849121,58.857017517089844,123.87812042236328,19.94386100769043,47.88064193725586,10.571688652038574,33.35037612915039,80.18437194824219,95.87884521484375,51.704349517822266,46.49630355834961,36.04042053222656,116.84392547607422,37.68899917602539,25.120147705078125,57.237281799316406,35.56987380981445,49.77872085571289
2016-07-12,61.51709747314453,69.91011810302734,32.172359466552734,60.08668899536133,127.72815704345703,20.6297607421875,48.595741271972656,10.835779190063477,33.357696533203125,80.09602355957031,96.07533264160156,51.57874298095703,47.044456481933594,36.303592681884766,116.90341186523438,37.410499572753906,24.663022994995117,56.192501068115234,34.941650390625,48.990142822265625
2016-07-13,61.47174835205078,69.82502746582031,31.489233016967773,59.50579833984375,128.54209899902344,20.471481323242188,48.564971923828125,10.755752563476562,33.47479248046875,80.92060852050781,96.52327728271484,51.56070327758789,47.30970764160156,36.153419494628906,115.763427734375,37.131500244140625,24.825733184814453,56.59843444824219,35.1334228515625,49.29290771484375
2016-07-14,61.51709747314453,69.85774993896484,31.59943389892578,59.67176055908203,132.3026580810547,21.104618072509766,49.30314254760742,10.923811912536621,33.438194274902344,80.9574203491211,97.39563751220703,53.0821418762207,47.513057708740234,36.466636657714844,116.26897430419922,37.060001373291016,24.645599365234375,56.39878845214844,35.45082473754883,48.849334716796875
2016-07-15,61.627220153808594,70.07380676269531,31.540672302246094,59.86035919189453,131.5701141357422,21.112154006958008,49.34927749633789,10.93181324005127,33.394290924072266,80.73656463623047,97.14414978027344,52.61309051513672,47.477691650390625,36.458213806152344,115.84271240234375,36.77199935913086,24.711458206176758,56.51192855834961,35.464054107666016,49.032379150390625
2016-07-18,61.432861328125,69.45838928222656,31.371719360351562,60.1243896484375,132.94573974609375,21.262910842895508,49.18010711669922,11.291938781738281,33.394290924072266,80.40521240234375,97.2934799194336,52.67923355102539,47.707557678222656,37.32899475097656,118.33087158203125,36.80350112915039,24.841222763061523,56.73153305053711,35.45744323730469,49.25065231323242
2016-07-19,61.20608901977539,69.42564392089844,30.784093856811523,60.20738983154297,131.38287353515625,21.247835159301758,49.10321807861328,11.411982536315918,33.394290924072266,80.64083099365234,99.41539764404297,52.65517807006836,46.93838119506836,37.33940887451172,119.56007385253906,36.997501373291016,24.810232162475586,56.81803894042969,35.45744323730469,49.123924255371094
2016-07-20,60.856231689453125,69.13101959228516,30.872243881225586,60.8033447265625,131.6759033203125,21.692533493041992,49.15704345703125,11.524018287658691,33.30645751953125,80.19172668457031,99.069580078125,52.84159851074219,49.43162536621094,37.52128982543945,120.85865783691406,37.2859992980957,24.639785766601562,56.51192855834961,35.26567840576172,48.82820510864258
2016-07-21,60.804443359375,69.0000991821289,30.325437545776367,60.365787506103516,130.27587890625,21.760372161865234,48.97249221801758,11.419984817504883,33.2625617980957,79.94139862060547,99.94977569580078,52.859642028808594,49.33436965942383,37.38896560668945,119.56007385253906,37.221500396728516,24.843162536621094,56.83134841918945,35.64260482788086,48.88452911376953
2016-07-22,60.908077239990234,69.17687225341797,30.118549346923828,61.56526565551758,130.56887817382812,21.79805564880371,49.24163055419922,11.508015632629395,33.54066467285156,80.3905258178711,100.79853057861328,54.18263244628906,50.01514434814453,37.63032531738281,119.94667053222656,37.24300003051758,25.143383026123047,57.5633659362793,36.0658073425293,49.32809829711914
2016-07-25,59.73540115356445,67.48117065429688,29.73430633544922,60.886322021484375,130.6502685546875,21.956342697143555,49.110897064208984,11.500012397766113,33.35037612915039,80.26536560058594,100.1227035522461,54.326961517333984,50.15659713745117,37.543094635009766,120.5711898803711,36.980499267578125,25.08140754699707,57.689788818359375,36.0658073425293,49.123924255371094
2016-07-26,59.301326751708984,67.22582244873047,30.140710830688477,60.8033447265625,131.17933654785156,22.031713485717773,49.310821533203125,11.628060340881348,32.84540557861328,79.66160583496094,95.65098571777344,53.671470642089844,50.18313217163086,37.549537658691406,120.16476440429688,36.77949905395508,24.87609100341797,57.064273834228516,36.00629425048828,49.10279846191406
2016-07-27,58.89961624145508,66.95084381103516,29.60868263244629,60.260189056396484,131.04098510742188,22.024127960205078,49.46460723876953,11.708084106445312,31.76226806640625,79.13153076171875,93.89839935302734,53.95410919189453,49.67918014526367,37.763641357421875,122.26630401611328,36.833499908447266,24.63203239440918,56.45204162597656,35.404541015625,48.48319625854492
2016-07-28,58.43962860107422,66.64313507080078,29.749080657958984,59.63405990600586,130.6665496826172,21.902694702148438,49.287750244140625,11.748102188110352,31.94523048400879,79.61007690429688,93.85125732421875,54.278846740722656,49.69685363769531,37.955440521240234,123.91185760498047,37.63050079345703,24.68045997619629,56.69826889038086,35.21938705444336,48.52544403076172
2016-07-29,57.62975311279297,67.09487915039062,30.16287612915039,60.74299240112305,129.26654052734375,21.804040908813477,49.18779373168945,11.596049308776855,31.930599212646484,80.19172668457031,92.46023559570312,53.773704528808594,50.112388610839844,39.21923828125,122.861083984375,37.94049835205078,24.848974227905273,56.95777893066406,35.378089904785156,48.79300308227539
2016-08-01,55.627803802490234,64.88850402832031,29.268783569335938,59.18897247314453,128.75375366210938,21.629487991333008,49.05707550048828,11.467999458312988,31.798866271972656,80.1990737915039,92.7431640625,53.773704528808594,50.02397918701172,39.69501876831055,123.22785949707031,38.387001037597656,24.889644622802734,56.997711181640625,35.4772834777832,48.800045013427734
2016-08-02,56.392303466796875,65.20275115966797,29.40178871154785,59.51333999633789,127.02811431884766,21.250015258789062,48.941749572753906,11.307947158813477,31.85739517211914,80.04444885253906,92.49952697753906,53.106197357177734,50.02397918701172,39.65437316894531,122.01847839355469,38.02899932861328,24.721134185791016,56.937828063964844,35.28551483154297,48.58882141113281
2016-08-03,56.6838493347168,65.87060546875,29.786027908325195,60.06403350830078,128.8839874267578,21.568777084350586,49.718353271484375,11.588042259216309,31.93791961669922,79.5438461303711,92.3580551147461,53.14228057861328,50.36879348754883,39.594905853271484,121.44353485107422,37.731998443603516,24.810232162475586,56.66498565673828,35.07391357421875,48.19453430175781
2016-08-04,56.677364349365234,65.7265396118164,29.63084602355957,60.6448974609375,128.6479034423828,21.4625186920166,49.641456604003906,11.588042259216309,31.842775344848633,79.8236083984375,92.9710693359375,53.17234802246094,50.7401237487793,39.51213836669922,123.27742767333984,38.03850173950195,24.68626594543457,56.724876403808594,35.15325164794922,48.32830810546875
2016-08-05,56.72920227050781,65.80509948730469,30.000307083129883,61.25597381591797,131.9363555908203,22.016538619995117,50.97938919067383,12.044201850891113,31.820812225341797,80.00032043457031,93.68621063232422,53.36478042602539,51.244083404541016,39.99188232421875,124.06056213378906,38.29899978637695,24.403480529785156,56.052734375,34.80940246582031,47.77207946777344
2016-08-08,57.396522521972656,66.25685119628906,30.709680557250977,62.23668670654297,132.5386505126953,22.10001564025879,50.825599670410156,12.10822582244873,31.79154396057129,79.6174545288086,92.96321868896484,53.575260162353516,51.33250427246094,39.907630920410156,124.16959381103516,38.327999114990234,24.403480529785156,56.392154693603516,34.842464447021484,47.67269515991211
2016-08-09,57.4677848815918,66.33540344238281,30.47323226928711,61.73121643066406,133.03521728515625,22.26698112487793,50.64874267578125,12.156241416931152,31.813499450683594,79.72054290771484,92.97892761230469,53.545188903808594,51.45627212524414,40.01914596557617,123.97132873535156,38.41550064086914,24.418977737426758,56.385498046875,34.941650390625,47.84305953979492
2016-08-10,56.46152877807617,65.5628433227539,30.000307083129883,60.991920471191406,132.01779174804688,22.092426300048828,50.19509506225586,11.852134704589844,31.915971755981445,80.11808013916016,93.36400604248047,53.1963996887207,51.29714584350586,40.06919479370117,123.79290771484375,38.428001403808594,24.477081298828125,56.32833480834961,34.968101501464844,47.96376419067383
2016-08-11,56.66410446166992,66.38776397705078,30.584056854248047,61.48230743408203,133.3770751953125,22.297338485717773,50.333499908447266,11.90815258026123,32.01841354370117,79.86778259277344,93.81982421875,54.11048126220703,51.5446891784668,40.05482482910156,123.81272888183594,38.5620002746582,24.602981567382812,56.409034729003906,34.968101501464844,48.077369689941406
2016-08-12,57.40244674682617,66.88538360595703,30.569290161132812,61.25597381591797,132.88058471679688,22.137969970703125,50.22584915161133,11.932162284851074,32.22332000732422,79.94876861572266,93.92984771728516,54.09843444824219,51.22639846801758,39.99783706665039,123.79290771484375,38.62799835205078,24.558425903320312,56.12665939331055,34.98814392089844,47.9566764831543
2016-08-15,57.37629318237305,67.28473663330078,31.167818069458008,61.889652252197266,134.75271606445312,22.509836196899414,50.53341293334961,12.020193099975586,32.377017974853516,80.04444885253906,93.14395904541016,54.08641815185547,51.38554000854492,39.943817138671875,122.82144165039062,38.42449951171875,24.273700714111328,54.89643096923828,34.413368225097656,47.225425720214844
2016-08-16,57.44819259643555,67.18653869628906,31.670284271240234,61.799129486083984,134.83409118652344,22.95761489868164,50.52571105957031,12.140239715576172,32.07695770263672,79.5143814086914,92.68816375732422,54.002227783203125,51.10085678100586,39.70740509033203,122.22666931152344,38.20199966430664,24.016088485717773,54.083003997802734,34.05914306640625,46.62906265258789
2016-08-17,57.57234573364258,67.62979888916016,31.921520233154297,62.01791000366211,134.85035705566406,23.048686981201172,50.66413116455078,12.124228477478027,32.24528503417969,79.86042022705078,92.02798461914062,54.050331115722656,51.207618713378906,39.917049407958984,123.287353515625,38.23149871826172,24.366676330566406,54.9166259765625,34.40000915527344,47.21122360229492
2016-08-18,58.095062255859375,68.5097427368164,32.2097053527832,63.262638092041016,135.16778564453125,23.18528938293457,50.71025085449219,12.13223648071289,32.27456283569336,79.72054290771484,92.05155944824219,54.57953643798828,51.243194580078125,39.784725189208984,122.83136749267578,38.222999572753906,24.591360092163086,55.64936828613281,34.9614143371582,47.85018539428711
2016-08-19,57.36978530883789,67.69596862792969,32.010189056396484,62.847721099853516,135.30616760253906,23.18528938293457,50.641048431396484,12.180251121520996,32.14282989501953,79.63951873779297,90.38545989990234,53.70756912231445,51.260982513427734,39.63107681274414,122.4843978881836,37.865501403808594,24.22722053527832,54.889705657958984,34.72749328613281,47.11894226074219
2016-08-22,57.49392318725586,67.44457244873047,31.500320434570312,61.89719772338867,135.33059692382812,23.22323226928711,50.594913482666016,12.148239135742188,32.01108932495117,79.48494720458984,90.70768737792969,54.002227783203125,51.305477142333984,39.49726486206055,123.06926727294922,37.9739990234375,24.219467163085938,55.051055908203125,34.75423812866211,47.225425720214844
2016-08-23,57.31751251220703,67.27255249023438,31.936294555664062,61.67087936401367,135.1841278076172,23.31431007385254,50.57184600830078,12.284283638000488,32.09159469604492,79.426025390625,90.52693176269531,54.302921295166016,51.50119400024414,39.479427337646484,123.287353515625,38.122501373291016,24.07032012939453,54.75526809692383,34.56040954589844,47.05503463745117
2016-08-24,57.51352310180664,67.61659240722656,31.744182586669922,61.35405349731445,134.54920959472656,23.458505630493164,50.71025085449219,12.324300765991211,32.09159469604492,79.59536743164062,90.27547454833984,53.972164154052734,51.55457305908203,39.33123779296875,122.40509796142578,37.86249923706055,24.04707908630371,54.8292121887207,34.6138801574707,47.097633361816406
2016-08-25,57.147605895996094,67.41148376464844,31.61117172241211,61.361576080322266,135.03758239746094,23.504043579101562,50.80253982543945,12.428333282470703,31.959856033325195,79.426025390625,90.71556091308594,54.08641815185547,51.75029754638672,39.21725082397461,122.8115234375,37.96099853515625,24.116809844970703,54.9434928894043,34.66065979003906,47.11894226074219
2016-08-26,57.02345657348633,67.03436279296875,31.25648307800293,61.029666900634766,135.0945587158203,23.648229598999023,50.917869567871094,12.636409759521484,31.703723907470703,79.10943603515625,89.93753051757812,53.83986282348633,51.62574768066406,39.312408447265625,123.87220764160156,38.45000076293945,23.72279930114746,53.72671890258789,34.11929702758789,45.92622756958008
2016-08-29,57.39591598510742,67.51734161376953,31.29343032836914,61.210689544677734,135.82713317871094,23.83796501159668,51.47917175292969,12.676421165466309,31.864723205566406,79.50702667236328,90.6998519897461,54.57953643798828,51.68802261352539,39.44126892089844,125.43846130371094,38.56449890136719,23.863235473632812,54.07628631591797,34.3131217956543,46.27409362792969
2016-08-30,57.18680953979492,67.28578186035156,31.204763412475586,60.83350372314453,138.40113830566406,24.429931640625,51.9020881652832,12.95651912689209,31.64516258239746,78.93273162841797,91.36511993408203,54.59154510498047,51.50119400024414,39.247982025146484,124.74453735351562,38.37900161743164,23.644775390625,53.45780563354492,34.05914306640625,45.66355514526367
2016-08-31,56.93852615356445,66.54476165771484,30.332826614379883,59.596317291259766,138.47474670410156,24.331274032592773,51.9020881652832,12.976617813110352,31.784231185913086,79.14999389648438,91.60270690917969,54.54947280883789,51.11865234375,39.145389556884766,125.02210998535156,38.45800018310547,23.59016227722168,53.55192565917969,34.306434631347656,45.84104537963867
2016-09-01,56.74249267578125,66.29998779296875,30.000307083129883,59.56613540649414,137.69837951660156,24.217432022094727,51.67909622192383,12.847979545593262,31.72567367553711,79.55036926269531,91.39678955078125,54.57953643798828,51.23431396484375,39.222206115722656,125.0716781616211,38.53099822998047,23.60186195373535,53.3300895690918,34.2061882019043,45.727455139160156
2016-09-02,57.12147521972656,66.7763442993164,30.236770629882812,59.63448715209961,138.2458953857422,24.20224952697754,51.89439392089844,12.86406135559082,31.952547073364258,79.98041534423828,91.73735809326172,54.88020706176758,51.305477142333984,39.49330520629883,125.40872192382812,38.62200164794922,24.017330169677734,53.94184112548828,34.62057113647461,46.31669998168945
2016-09-06,57.872901916503906,67.76876831054688,30.29589080810547,59.809085845947266,138.36849975585938,24.096006393432617,51.855960845947266,12.687180519104004,32.04768753051758,80.01749420166016,92.86199188232422,54.87418746948242,51.25209045410156,40.045902252197266,128.60067749023438,39.44350051879883,24.43865394592285,54.41242599487305,34.84111785888672,46.8846549987793
2016-09-07,57.65726089477539,68.06645965576172,30.650562286376953,59.68003845214844,138.64634704589844,24.05046844482422,51.64065170288086,12.622859954833984,31.93791961669922,79.49104309082031,92.60064697265625,54.483306884765625,51.29657745361328,40.04442596435547,129.90916442871094,39.2239990234375,24.3937931060791,54.14352798461914,34.901268005371094,46.89175033569336
2016-09-08,58.186546325683594,68.88687133789062,31.980627059936523,60.26460266113281,140.27244567871094,24.316089630126953,51.70985794067383,12.751500129699707,31.930599212646484,79.2463607788086,92.00666046142578,53.45498275756836,51.09196472167969,39.78917694091797,129.13600158691406,39.202999114990234,24.45621109008789,54.32501983642578,35.068355560302734,46.927242279052734
2016-09-09,56.74249267578125,67.00128173828125,31.21953582763672,58.88288116455078,137.74740600585938,23.974578857421875,51.24850845336914,12.655020713806152,30.93528175354004,77.14805603027344,90.74735260009766,52.300376892089844,50.006595611572266,39.07748794555664,125.99357604980469,38.00699996948242,23.57455062866211,52.402374267578125,33.99898910522461,45.23049545288086
2016-09-12,57.03654479980469,67.64967346191406,31.52988624572754,59.824283599853516,139.78216552734375,24.467884063720703,51.563751220703125,12.783658981323242,31.60857391357422,78.60873413085938,91.83238983154297,53.3166618347168,50.75389862060547,39.58994674682617,127.56975555419922,38.574501037597656,24.048540115356445,53.29646682739258,34.72749328613281,45.9404296875
2016-09-13,55.67743682861328,65.78392791748047,30.303274154663086,58.51845932006836,136.46450805664062,23.875905990600586,51.15622329711914,12.63893985748291,31.195392608642578,77.54843139648438,90.86614227294922,52.144020080566406,50.29127883911133,39.089378356933594,126.10262298583984,38.050498962402344,23.707197189331055,52.96704864501953,34.2596435546875,45.30147933959961
2016-09-14,55.278846740722656,65.11569213867188,29.549577713012695,57.979454040527344,135.77809143066406,23.951805114746094,51.0562858581543,12.566576957702637,31.069965362548828,77.88951873779297,91.22257232666016,52.27631759643555,50.051082611083984,39.17561721801758,126.65775299072266,38.054500579833984,23.81641960144043,52.88638687133789,34.319801330566406,45.450557708740234
2016-09-15,55.59248733520508,65.83023834228516,29.579133987426758,58.305904388427734,137.34701538085938,24.24778938293457,51.240806579589844,12.598737716674805,31.25442123413086,78.20832061767578,91.98287200927734,52.79350280761719,50.878448486328125,39.709388732910156,127.23271942138672,38.484500885009766,23.939311981201172,53.1485710144043,34.39332580566406,45.649356842041016
2016-09-16,54.90639877319336,64.73197174072266,29.460908889770508,57.94908142089844,135.64735412597656,23.974578857421875,50.61029815673828,12.45401668548584,31.092084884643555,78.06004333496094,91.30175018310547,52.94383239746094,50.931819915771484,39.54782485961914,127.9464340209961,38.92599868774414,24.05439567565918,53.51829528808594,34.73418045043945,46.011417388916016
2016-09-19,54.77571105957031,64.86428833007812,29.024938583374023,57.668182373046875,135.81898498535156,23.9821720123291,50.89480209350586,12.534419059753418,31.062580108642578,78.3492202758789,91.24633026123047,53.15430450439453,50.64714050292969,39.41995620727539,127.53009796142578,38.755001068115234,24.331369400024414,54.0897216796875,35.041622161865234,46.44449234008789
2016-09-20,53.93281555175781,64.63934326171875,28.82541847229004,57.220252990722656,136.0314178466797,24.058055877685547,51.10240936279297,12.542458534240723,31.239662170410156,78.81634521484375,92.2284164428711,53.40687561035156,50.54037857055664,39.63751983642578,127.52017211914062,39.01100158691406,24.395742416381836,53.89476776123047,34.84779739379883,46.153404235839844
2016-09-21,54.42941665649414,65.91624450683594,29.60129737854004,58.12368392944336,136.4890594482422,24.22502899169922,51.394596099853516,12.582657814025879,31.379854202270508,79.43175506591797,92.60853576660156,53.899993896484375,51.38554763793945,39.8977165222168,128.80886840820312,39.48699951171875,24.9360408782959,55.05778884887695,35.542884826660156,46.99114227294922
2016-09-22,54.58623504638672,66.1478042602539,30.3106632232666,58.46531677246094,137.2980499267578,24.467884063720703,51.817508697509766,12.542458534240723,31.697105407714844,79.9433364868164,92.9491195678711,54.405147552490234,51.438926696777344,40.43892288208008,128.9476318359375,40.23500061035156,24.973106384277344,55.467864990234375,35.74338912963867,47.28221893310547
2016-09-23,54.527435302734375,65.6449966430664,29.512630462646484,57.637794494628906,134.93646240234375,24.217432022094727,51.70985794067383,12.478137016296387,31.534799575805664,79.5874252319336,92.79861450195312,54.50737380981445,51.09196472167969,40.389854431152344,126.8460922241211,40.287498474121094,24.723434448242188,55.47457504272461,35.77680206298828,47.324825286865234
2016-09-26,54.27260208129883,65.3538818359375,29.57174301147461,57.379676818847656,131.95384216308594,23.549577713012695,50.57952880859375,12.132415771484375,31.025691986083984,79.35757446289062,92.2917251586914,53.83384323120117,50.620452880859375,39.77975845336914,126.2017593383789,39.95800018310547,24.62201499938965,55.22583770751953,35.6297721862793,47.11183547973633
2016-09-27,54.39020538330078,65.48619842529297,29.135772705078125,57.18989944458008,133.1060028076172,23.792430877685547,51.02552795410156,12.293217658996582,31.424121856689453,79.69865417480469,92.56896209716797,54.03830337524414,51.55457305908203,40.18021011352539,127.56975555419922,40.80550003051758,24.731233596801758,54.741817474365234,35.31563949584961,46.50128173828125
2016-09-28,56.781707763671875,67.58351135253906,31.167818069458008,59.224525451660156,133.5636444091797,24.11117935180664,51.29463577270508,12.365578651428223,31.09947395324707,79.61709594726562,91.22257232666016,54.254791259765625,51.62574768066406,40.147010803222656,128.10504150390625,41.43600082397461,24.670772552490234,54.51996612548828,35.222068786621094,46.40189743041992
2016-09-29,56.49420928955078,67.00128173828125,32.26142120361328,58.7386360168457,129.88645935058594,23.557165145874023,50.479583740234375,12.188698768615723,31.01091957092285,79.89884185791016,90.9136734008789,54.00822830200195,51.065277099609375,39.779266357421875,126.9749526977539,41.45249938964844,24.12851333618164,53.9888916015625,34.78763961791992,45.791343688964844
2016-09-30,57.02999496459961,68.09293365478516,32.121028900146484,59.70281219482422,131.78224182128906,24.331274032592773,51.202369689941406,12.582657814025879,31.22491455078125,80.64772033691406,91.36511993408203,54.609588623046875,51.243194580078125,39.849639892578125,127.15339660644531,41.865501403808594,23.85933494567871,53.807395935058594,34.286380767822266,45.58546447753906
2016-10-03,56.87973403930664,67.78199005126953,32.09146499633789,59.90018844604492,131.61883544921875,24.24778938293457,51.140846252441406,12.566576957702637,31.01091957092285,80.26217651367188,90.7948989868164,54.67573928833008,51.08306884765625,39.66726303100586,127.64903259277344,41.83700180053711,23.627214431762695,53.16872787475586,33.898738861083984,45.0884895324707
2016-10-04,56.35700225830078,67.00128173828125,31.677654266357422,59.626895904541016,132.59939575195312,24.316089630126953,51.58232879638672,12.703259468078613,30.870750427246094,79.40949249267578,89.89202880859375,54.2908821105957,50.92293930053711,39.786705017089844,127.0740966796875,41.701499938964844,23.192243576049805,52.07295608520508,33.31058883666992,44.144264221191406
2016-10-05,56.8470573425293,67.63642883300781,32.4461669921875,60.84918212890625,135.97422790527344,24.710737228393555,52.426544189453125,12.952502250671387,30.848613739013672,78.601318359375,89.82073211669922,53.29261016845703,51.27878952026367,39.709388732910156,127.35166931152344,42.21799850463867,23.12201499938965,51.82423400878906,33.09673309326172,44.144264221191406
2016-10-06,56.87316131591797,67.60336303710938,32.89689636230469,61.813358306884766,136.5870361328125,24.581716537475586,52.56595230102539,13.040938377380371,30.774837493896484,78.89045715332031,90.22462463378906,52.58301544189453,51.36774444580078,39.80107498168945,127.61930084228516,42.08300018310547,23.022539138793945,51.82423400878906,33.03656768798828,44.1939697265625
2016-10-07,56.67715072631836,67.66288757324219,32.67522048950195,61.729835510253906,138.77700805664062,24.52100372314453,52.751834869384766,12.968581199645996,30.78959083557129,78.58647918701172,89.85238647460938,52.75139236450195,51.4211311340332,39.683616638183594,127.86714172363281,41.971500396728516,23.74620246887207,51.474647521972656,32.856109619140625,43.86738586425781
2016-10-10,57.7879524230957,68.79425048828125,32.80083084106445,62.50422286987305,139.7658233642578,24.710737228393555,53.16232681274414,13.105260848999023,30.78959083557129,78.75703430175781,90.8503189086914,52.55294418334961,51.63465118408203,40.3506965637207,129.1062469482422,42.08549880981445,23.949060440063477,51.804046630859375,33.25043869018555,44.16556167602539
2016-10-11,57.33057403564453,68.1723403930664,32.01757049560547,62.01834487915039,138.13150024414062,24.422338485717773,52.90673828125,12.952502250671387,30.649394989013672,78.27508544921875,90.0345458984375,53.07011795043945,50.878448486328125,40.12272262573242,127.75809478759766,41.54999923706055,23.631118774414062,51.03095626831055,33.02320861816406,43.547916412353516
2016-10-12,56.93198776245117,67.58351135253906,32.121028900146484,61.82855987548828,138.34400939941406,24.217432022094727,52.767333984375,12.888177871704102,30.82648277282715,78.6532211303711,90.8503189086914,53.485050201416016,50.80729293823242,40.231754302978516,127.92662048339844,41.704498291015625,23.988073348999023,51.52842712402344,33.43758773803711,44.0164794921875
2016-10-13,56.559532165527344,66.68372344970703,31.3258056640625,61.89685821533203,136.80770874023438,24.080825805664062,52.465274810791016,12.727378845214844,30.811717987060547,78.53458404541016,91.40474700927734,53.74363708496094,50.638240814208984,39.85063934326172,126.70731353759766,41.4640007019043,24.30991554260254,52.39565658569336,33.925479888916016,44.39275360107422
2016-10-14,56.54648208618164,66.87557983398438,30.969070434570312,61.737449645996094,139.34092712402344,24.338863372802734,52.29486846923828,12.86406135559082,30.745330810546875,79.20928955078125,90.35926818847656,53.6293830871582,51.08306884765625,39.876399993896484,126.76679229736328,41.14799880981445,24.192890167236328,51.9048957824707,33.79180145263672,44.229454040527344
2016-10-17,56.54648208618164,67.06083679199219,30.545446395874023,61.47934341430664,138.09886169433594,24.126361846923828,52.0237922668457,12.904257774353027,30.693662643432617,79.2241439819336,89.02871704101562,52.456031799316406,50.9051399230957,39.987422943115234,126.42974090576172,40.647499084472656,24.198732376098633,52.12675094604492,33.87869644165039,44.70513153076172
2016-10-18,56.6967658996582,67.34532928466797,30.210996627807617,61.79058074951172,141.06507873535156,24.528593063354492,52.43428039550781,13.073101997375488,30.966663360595703,79.29830169677734,88.1100082397461,52.11127853393555,51.29657745361328,40.71348571777344,127.45079803466797,40.88249969482422,24.403547286987305,52.368751525878906,34.146026611328125,44.98910903930664
2016-10-19,56.9581298828125,67.66288757324219,31.006229400634766,63.346927642822266,142.60133361816406,24.991544723510742,52.937721252441406,13.241941452026367,31.025691986083984,78.78668212890625,88.11791229248047,52.764488220214844,51.180938720703125,40.978633880615234,128.97735595703125,40.884498596191406,24.300168991088867,52.523372650146484,33.90543746948242,44.8613166809082
2016-10-20,56.98426818847656,67.39824676513672,30.83530044555664,63.005287170410156,142.60133361816406,24.96877098083496,52.86801528930664,13.314302444458008,30.937150955200195,78.49752044677734,87.57145690917969,52.135467529296875,50.931819915771484,40.72042465209961,128.86834716796875,40.51599884033203,24.212387084960938,52.718318939208984,33.898738861083984,44.662532806396484
2016-10-21,56.598758697509766,67.02112579345703,30.87244415283203,61.09210968017578,142.73207092285156,25.37859535217285,53.046138763427734,13.402743339538574,31.08472442626953,78.31214904785156,90.2325668334961,52.60118103027344,53.07585525512695,40.84085464477539,130.9203338623047,40.949501037597656,24.130464553833008,52.449432373046875,33.77176284790039,44.35725402832031
2016-10-24,56.78824234008789,66.59770965576172,31.3927059173584,60.970645904541016,143.09982299804688,25.333057403564453,53.3404655456543,13.48314094543457,31.40199089050293,79.56521606445312,89.94744110107422,53.103187561035156,54.26797103881836,41.41972351074219,132.11978149414062,41.90449905395508,24.26114845275879,52.70488357543945,33.98563003540039,44.747718811035156
2016-10-25,56.66410446166992,66.67047882080078,31.073116302490234,60.90233612060547,143.45120239257812,25.31028938293457,53.286251068115234,13.442940711975098,31.38722801208496,79.50588989257812,89.27424621582031,51.85121154785156,54.25908660888672,41.06338119506836,131.1383819580078,41.75899887084961,24.48351287841797,52.832611083984375,34.06583023071289,45.05299758911133
2016-10-26,56.90584945678711,66.9483642578125,31.065690994262695,60.75048065185547,144.69325256347656,25.492435455322266,53.541831970214844,13.563543319702148,31.313446044921875,79.38725280761719,88.79110717773438,51.85121154785156,53.938804626464844,40.74372100830078,129.89930725097656,41.12950134277344,24.61615562438965,52.95361328125,34.06583023071289,45.10268783569336
2016-10-27,56.794769287109375,66.10810852050781,32.70071792602539,60.43164825439453,145.24891662597656,25.820722579956055,53.619293212890625,13.595702171325684,31.07734489440918,79.06099700927734,88.7673568725586,51.62742614746094,53.4672966003418,40.508304595947266,128.56105041503906,40.917999267578125,24.405492782592773,52.718318939208984,33.925479888916016,44.8613166809082
2016-10-28,55.3964729309082,68.68840789794922,33.42162322998047,60.12795639038086,144.75042724609375,25.591686248779297,53.52634811401367,13.41077995300293,31.15849494934082,79.38725280761719,88.783203125,51.845157623291016,53.26268005371094,40.617835998535156,130.14710998535156,38.816001892089844,24.524478912353516,52.92000198364258,33.885372161865234,45.01750183105469
2016-10-31,54.442474365234375,69.30368041992188,32.29195785522461,59.39155960083008,145.64930725097656,25.629859924316406,53.642513275146484,13.266059875488281,31.28392791748047,79.483642578125,89.15544891357422,52.183876037597656,53.30716323852539,40.13907241821289,129.84970092773438,39.49100112915039,24.967252731323242,53.7939338684082,34.46684265136719,46.03273010253906
2016-11-01,54.65810775756836,70.44828033447266,32.358848571777344,59.74837112426758,145.50221252441406,25.469524383544922,53.41791534423828,13.354504585266113,31.07734489440918,79.12033081054688,88.90196990966797,51.05875778198242,53.200401306152344,39.92001724243164,128.37266540527344,39.27050018310547,24.555686950683594,52.819175720214844,33.73834991455078,44.99620056152344
2016-11-02,54.527435302734375,69.72712707519531,32.12845993041992,59.03471374511719,144.29283142089844,25.13360023498535,53.19330978393555,13.249982833862305,31.025691986083984,79.12033081054688,89.01287078857422,50.22588348388672,52.87124252319336,39.07452392578125,126.06297302246094,38.27799987792969,24.12461280822754,52.43598556518555,33.544517517089844,44.44955062866211
2016-11-03,54.66463851928711,69.72712707519531,32.40345001220703,59.566162109375,143.99050903320312,25.049617767333984,52.9609375,13.249982833862305,31.01091957092285,79.06099700927734,88.48223876953125,50.604469299316406,52.675514221191406,38.76575469970703,118.95539093017578,38.35150146484375,24.15582275390625,52.42255401611328,33.67817306518555,44.66962814331055
2016-11-04,54.60582733154297,69.32354736328125,31.779150009155273,59.0954704284668,143.75352478027344,25.026708602905273,52.48074722290039,13.306262016296387,30.76007080078125,78.45301055908203,87.9437026977539,50.31842803955078,52.2307014465332,38.71173858642578,119.69886779785156,37.752498626708984,24.027080535888672,51.945228576660156,33.491050720214844,44.30046081542969
2016-11-07,55.8342399597168,70.69306182861328,32.641258239746094,60.54551315307617,148.29684448242188,25.958152770996094,54.122711181640625,13.676102638244629,31.328203201293945,79.3056869506836,89.35344696044922,52.16928482055664,53.75198745727539,39.74903869628906,121.086669921875,39.246498107910156,24.315767288208008,53.195640563964844,33.831912994384766,44.89680862426758
2016-11-08,56.23636245727539,70.98417663574219,32.945987701416016,60.61384582519531,148.65646362304688,26.034503936767578,54.23888397216797,13.668066024780273,31.638090133666992,80.61064147949219,90.3751449584961,52.160884857177734,53.796451568603516,40.24216842651367,123.13865661621094,39.38750076293945,24.415245056152344,53.545204162597656,33.925479888916016,45.31246566772461
2016-11-09,56.856014251708984,71.21575927734375,33.98646545410156,60.689754486083984,157.40814208984375,27.88210678100586,56.73280334472656,14.447943687438965,31.188018798828125,79.5207290649414,91.06414794921875,52.051509857177734,53.52956771850586,39.92546463012695,122.10770416259766,38.59400177001953,22.91720962524414,51.992286682128906,32.89621353149414,43.89352035522461
2016-11-10,57.38338088989258,71.31497955322266,33.28042221069336,60.644203186035156,164.14149475097656,29.027326583862305,59.36615753173828,15.083110809326172,30.20669174194336,76.55491638183594,90.69190216064453,51.60560989379883,52.22180938720703,38.671592712402344,119.74842834472656,37.11899948120117,22.44322395324707,50.52677536010742,32.02067947387695,42.81142807006836
2016-11-11,56.47365951538086,70.55413055419922,32.65612030029297,59.71799087524414,166.650146484375,29.38614845275879,59.39711380004883,15.292150497436523,30.27311134338379,76.51042938232422,90.46224975585938,51.067176818847656,52.50648498535156,38.24834442138672,117.9839096069336,36.95050048828125,22.146730422973633,50.58054733276367,31.933786392211914,42.99058151245117
2016-11-14,56.21660614013672,70.52107238769531,32.79734420776367,59.75594711303711,170.93202209472656,30.042755126953125,61.58125305175781,16.144393920898438,30.376401901245117,75.17581176757812,93.34513092041016,51.067176818847656,51.705810546875,37.32998275756836,114.0782241821289,35.95349884033203,22.322288513183594,50.042747497558594,31.83354949951172,42.08045959472656
2016-11-15,57.23176574707031,72.08904266357422,33.65202331542969,61.61597442626953,172.5745086669922,30.53899574279785,61.46507263183594,16.208717346191406,30.575632095336914,75.51689147949219,93.70943450927734,51.067176818847656,52.726844787597656,38.4173469543457,116.17976379394531,37.1619987487793,22.437368392944336,51.04443359375,32.308067321777344,42.61075973510742
2016-11-16,56.526405334472656,72.40315246582031,32.98313903808594,61.524871826171875,168.5459442138672,29.920589447021484,59.947021484375,15.879076957702637,30.44281005859375,75.41307830810547,94.41432189941406,50.814796447753906,53.425453186035156,38.656227111816406,115.3272476196289,37.324501037597656,22.29303550720215,50.29309844970703,32.36821746826172,42.27395248413086
2016-11-17,56.18363952636719,72.24943542480469,32.41086959838867,60.81122589111328,171.2997589111328,30.516094207763672,60.42722702026367,16.144393920898438,30.339506149291992,75.3463363647461,94.60440826416016,51.11764907836914,54.3121452331543,38.96251678466797,116.76461029052734,37.81999969482422,22.388608932495117,50.22512435913086,32.118038177490234,42.180789947509766
2016-11-18,56.21660614013672,72.97114562988281,33.26553726196289,60.73530960083008,171.88807678222656,30.867294311523438,60.18712615966797,16.080078125,30.1845645904541,75.11647033691406,95.03998565673828,52.4637451171875,54.05240249633789,38.457489013671875,116.0013198852539,38.007999420166016,22.2540225982666,50.041526794433594,31.867849349975586,41.879791259765625
2016-11-21,57.01420593261719,73.62600708007812,34.454673767089844,62.033531188964844,172.4846649169922,30.9665470123291,60.45045852661133,16.345394134521484,30.516597747802734,75.82087707519531,94.64399719238281,52.160884857177734,54.50918197631836,38.895111083984375,120.70996856689453,39.0,22.30473518371582,50.60585403442383,32.14507293701172,42.510440826416016
2016-11-22,57.13947296142578,73.92003631591797,34.23914337158203,61.874114990234375,172.50912475585938,30.951282501220703,60.82222366333008,16.321279525756836,30.523971557617188,76.28797149658203,94.7944564819336,52.775020599365234,54.7420654296875,38.9050178527832,120.41258239746094,39.26649856567383,22.373523712158203,50.23191833496094,32.18566131591797,42.40293502807617
2016-11-23,57.29766845703125,74.1739501953125,34.41007614135742,61.79816436767578,173.48973083496094,31.333023071289062,61.07781219482422,16.53031349182129,30.339506149291992,75.27960968017578,95.15087127685547,53.12837219238281,54.09720230102539,38.6076545715332,119.78807830810547,39.00600051879883,22.292938232421875,50.00074768066406,31.935483932495117,42.15212631225586
2016-11-25,57.429508209228516,74.1739501953125,34.001319885253906,61.71465301513672,172.7297821044922,31.378828048706055,61.054569244384766,16.771514892578125,30.642013549804688,75.75414276123047,95.56272888183594,53.28823471069336,54.213626861572266,38.66861343383789,119.33208465576172,39.01850128173828,22.556316375732422,50.55147933959961,32.30736541748047,42.797088623046875
2016-11-28,57.00105285644531,73.83984375,33.815521240234375,61.54004669189453,171.88807678222656,30.874935150146484,60.65958786010742,16.321279525756836,30.804349899291992,76.21382904052734,96.48143005371094,53.094730377197266,54.28527069091797,38.94417190551758,119.36182403564453,38.3385009765625,22.8590087890625,51.72773361206055,32.66572952270508,43.6427116394043
2016-11-29,56.62528610229492,73.0646743774414,32.87165832519531,60.674560546875,173.56846618652344,30.99709129333496,61.12427520751953,16.3132381439209,30.618318557739258,76.02847290039062,96.32180786132812,53.45648193359375,54.71519088745117,39.12506866455078,119.81782531738281,38.125999450683594,23.04966926574707,51.92488479614258,32.66572952270508,43.907867431640625
2016-11-30,57.548187255859375,74.54817199707031,36.059967041015625,63.81002426147461,179.74887084960938,31.57733154296875,62.09242630004883,17.043567657470703,30.02306365966797,74.76838684082031,95.19638061523438,53.33029556274414,53.971797943115234,38.45302200317383,117.3891372680664,37.528499603271484,22.4521427154541,50.1571159362793,31.65823745727539,42.31693649291992
2016-12-01,57.50861358642578,75.7042007446289,35.8370246887207,64.23518371582031,185.76539611816406,32.18811798095703,63.34712219238281,17.350208282470703,29.88913917541504,73.96915435791016,94.55787658691406,52.74137878417969,53.02241516113281,37.88060760498047,114.09803009033203,37.182498931884766,22.2005615234375,49.463623046875,31.50272560119629,41.679161071777344
2016-12-02,57.37675476074219,75.51042938232422,35.76268768310547,64.53884887695312,183.08497619628906,31.936166763305664,63.199951171875,17.1323299407959,30.030508041381836,75.141845703125,94.37428283691406,52.51422882080078,53.067195892333984,37.887046813964844,114.39543914794922,37.016998291015625,22.48752784729004,49.919166564941406,31.617673873901367,42.06613540649414
2016-12-05,57.66682434082031,75.677490234375,36.32753372192383,64.47776794433594,187.33920288085938,32.13466262817383,64.48564910888672,17.62458610534668,30.22397232055664,75.22401428222656,95.21236419677734,53.05265808105469,53.93598175048828,38.56900405883789,116.40775299072266,37.96799850463867,22.603492736816406,50.048336029052734,31.692052841186523,42.42444610595703
2016-12-06,57.719566345214844,75.35003662109375,37.08558654785156,64.11883544921875,189.65892028808594,32.45532989501953,64.81868743896484,17.882823944091797,30.1867733001709,75.8514404296875,95.18043518066406,53.389190673828125,53.69416046142578,38.4678955078125,116.28878784179688,38.236000061035156,22.55435562133789,50.21831512451172,31.73261260986328,42.6179313659668
2016-12-07,58.05576705932617,76.4726791381836,37.08558654785156,64.41667938232422,193.0851593017578,32.55458068847656,65.1130142211914,18.213695526123047,30.72249984741211,76.79261779785156,95.71519470214844,54.213653564453125,54.965972900390625,39.22568130493164,116.92323303222656,38.520999908447266,23.130252838134766,50.769046783447266,31.88136100769043,43.176902770996094
2016-12-08,58.22056579589844,76.96048736572266,36.99641418457031,64.50828552246094,197.91310119628906,33.27224349975586,65.92625427246094,18.520339965820312,30.491825103759766,76.29959869384766,96.13823699951172,54.14636993408203,54.64354705810547,39.40904998779297,117.8748779296875,38.36650085449219,22.97104835510254,50.80986022949219,32.05717849731445,43.12673568725586
2016-12-09,58.66880798339844,77.38816833496094,37.73217010498047,64.74504852294922,198.24098205566406,33.38677215576172,66.21280670166016,18.63332176208496,31.250782012939453,77.36024475097656,96.78475952148438,54.25572967529297,55.50336456298828,40.11677169799805,118.6381607055664,38.43299865722656,22.8963565826416,51.55093765258789,32.41555404663086,43.70720672607422
2016-12-12,59.974029541015625,78.28361511230469,38.185508728027344,64.92071533203125,194.40489196777344,32.81415557861328,65.62417602539062,18.2459716796875,31.1763858795166,78.21924591064453,97.16785430908203,54.46604919433594,55.6824836730957,40.039955139160156,116.74478912353516,38.00600051879883,23.085050582885742,51.99968719482422,32.942962646484375,44.395164489746094
2016-12-13,61.02873992919922,78.46399688720703,39.1219482421875,65.77601623535156,195.5360565185547,32.49349594116211,65.64741516113281,18.2459716796875,31.072200775146484,78.89894104003906,97.91812133789062,54.36509704589844,56.407962799072266,40.40868377685547,119.26268005371094,38.71699905395508,23.393632888793945,52.570796966552734,33.2607536315918,44.93980026245117
2016-12-14,59.71034240722656,77.48841094970703,38.26728057861328,65.0352554321289,196.66722106933594,32.72254943847656,65.62417602539062,18.294389724731445,30.66297149658203,78.03250885009766,98.04581451416016,53.742530822753906,56.13926696777344,40.535064697265625,119.16355895996094,38.441001892089844,22.80594253540039,51.353763580322266,32.78068542480469,44.21601104736328
2016-12-15,59.91470718383789,78.21676635742188,38.45307159423828,65.12689208984375,199.1836700439453,32.837066650390625,66.60780334472656,18.68981170654297,30.91594886779785,78.6524658203125,97.66273498535156,53.68364715576172,56.049713134765625,40.42405319213867,119.52043151855469,38.04999923706055,23.00249481201172,51.69374084472656,32.76715850830078,44.509830474853516
2016-12-16,60.105873107910156,78.90505981445312,38.601722717285156,65.29489135742188,195.82290649414062,32.608009338378906,65.78681182861328,18.286319732666016,31.057329177856445,79.07820129394531,98.36509704589844,54.05380630493164,55.798927307128906,40.136104583740234,118.8265151977539,37.88850021362305,23.370052337646484,52.07447814941406,33.07819747924805,45.01148986816406
2016-12-19,59.604862213134766,78.61772155761719,38.63145446777344,65.00471496582031,195.96231079101562,32.69962692260742,66.16633605957031,18.14105987548828,31.005252838134766,78.73465728759766,98.16553497314453,53.87714385986328,56.981178283691406,40.2679328918457,118.20199584960938,38.29999923706055,23.432945251464844,52.441627502441406,33.19314956665039,45.10463333129883
2016-12-20,59.61147689819336,78.81818389892578,38.311859130859375,65.12689208984375,199.25743103027344,33.21116256713867,67.01828002929688,18.326669692993164,30.997802734375,78.35367584228516,98.43694305419922,54.0285758972168,56.9095344543457,40.4017448425293,118.05330657958984,38.56100082397461,23.44866943359375,52.59120559692383,33.26753234863281,45.29812240600586
2016-12-21,59.51259231567383,78.79145812988281,38.25984573364258,65.7989273071289,197.90492248535156,33.11190414428711,67.18867492675781,18.262107849121094,30.93083381652832,78.20427703857422,98.31719970703125,54.003326416015625,56.9095344543457,40.25306701660156,118.00375366210938,38.529998779296875,23.311080932617188,52.35324478149414,33.2945671081543,45.004310607910156
2016-12-22,59.90153884887695,79.36614227294922,38.3044319152832,65.96695709228516,196.82296752929688,32.669097900390625,67.297119140625,18.189481735229492,30.91594886779785,78.6898193359375,98.74821472167969,53.88555908203125,56.918495178222656,40.128173828125,116.3780288696289,38.31700134277344,23.370052337646484,52.87678527832031,33.3757209777832,45.31962585449219
2016-12-23,59.796043395996094,79.13226318359375,38.17808151245117,65.30253601074219,197.51968383789062,32.87523651123047,67.42105865478516,18.237903594970703,30.95315170288086,78.49562072753906,98.2852783203125,53.68364715576172,56.64085388183594,40.03499984741211,116.2491455078125,38.02949905395508,23.434907913208008,52.7747917175293,33.355430603027344,45.26945877075195
2016-12-27,59.8223991394043,78.99860382080078,38.34904098510742,65.24908447265625,198.00326538085938,32.921043395996094,67.48299407958984,18.2459716796875,30.960594177246094,78.52546691894531,98.22940826416016,53.86872100830078,56.676658630371094,40.140567779541016,116.98271179199219,38.56999969482422,23.438840866088867,52.67959213256836,33.335140228271484,45.24079513549805
2016-12-28,59.5257682800293,78.79145812988281,37.73217010498047,64.63050079345703,197.25733947753906,32.539310455322266,66.99505615234375,18.020008087158203,30.79690933227539,78.1445541381836,97.91812133789062,53.6079216003418,56.41691970825195,39.87491989135742,115.90218353271484,38.60649871826172,23.320905685424805,52.37363052368164,33.06468200683594,44.71049499511719
2016-12-29,59.55873489379883,78.73130798339844,37.561248779296875,64.3021240234375,195.232666015625,32.18046569824219,66.52259826660156,17.75370979309082,30.95315170288086,78.42092895507812,98.00590515136719,53.53219985961914,56.33631896972656,39.79116439819336,115.33716583251953,38.25749969482422,23.621633529663086,53.04676055908203,33.382476806640625,45.348289489746094
2016-12-30,59.49939727783203,78.65113067626953,37.263946533203125,64.11116790771484,196.27374267578125,32.25681686401367,66.83241271972656,17.83440399169922,30.8489933013916,78.15200805664062,97.15188598632812,53.27980422973633,55.65562057495117,39.274253845214844,114.0484848022461,37.493499755859375,23.48011589050293,52.7747917175293,33.2607536315918,45.11895751953125
2017-01-03,59.91470718383789,78.75135040283203,37.613250732421875,64.76032257080078,198.01145935058594,32.86760330200195,67.56044006347656,18.181413650512695,31.101957321166992,78.16696166992188,95.47576904296875,53.178855895996094,56.049713134765625,40.04541015625,115.84271240234375,37.68349838256836,23.33466339111328,52.84958267211914,33.15933609008789,44.97563934326172
2017-01-04,59.25550842285156,78.73130798339844,37.96257400512695,65.24146270751953,199.29019165039062,33.30278015136719,67.68506622314453,18.520339965820312,30.99036407470703,78.31633758544922,95.36398315429688,53.37236404418945,55.798927307128906,40.033512115478516,117.65679168701172,37.85900115966797,23.403461456298828,52.79520034790039,33.12553405761719,45.04012680053711
2017-01-05,58.37217712402344,78.39051818847656,37.8510856628418,65.14216613769531,197.8065643310547,32.99739074707031,67.06201171875,18.30245590209961,31.064773559570312,78.21177673339844,95.53959655761719,53.54903030395508,55.798927307128906,40.293704986572266,119.61956024169922,39.022499084472656,23.38970184326172,52.86317825317383,33.22694778442383,45.283790588378906
2017-01-06,58.33921813964844,78.07645416259766,37.709869384765625,66.04332733154297,200.74102783203125,33.47838592529297,67.06980895996094,18.30245590209961,31.057329177856445,78.09973907470703,96.38566589355469,54.19683837890625,56.28257751464844,40.89784622192383,122.33570861816406,39.79949951171875,23.320905685424805,52.68638610839844,33.13905334472656,45.24797058105469
2017-01-09,57.37675476074219,77.408203125,36.90721893310547,65.50110626220703,199.09341430664062,32.608009338378906,67.11653900146484,18.19754409790039,30.74481201171875,77.27810668945312,96.12227630615234,54.3482780456543,56.103458404541016,40.995487213134766,123.81272888183594,39.84600067138672,23.261940002441406,52.10845184326172,32.81448745727539,44.65315628051758
2017-01-10,56.64508056640625,76.82017517089844,36.90721893310547,64.60757446289062,198.8311767578125,32.87523651123047,67.31124114990234,18.512269973754883,30.536474227905273,76.16516876220703,95.97859954833984,54.66796875,56.085548400878906,40.93749237060547,123.26751708984375,39.79499816894531,23.307151794433594,52.013282775878906,32.713069915771484,44.516998291015625
2017-01-11,57.22515869140625,77.4683609008789,38.066612243652344,65.41710662841797,201.4459686279297,33.340965270996094,67.81745910644531,18.617183685302734,30.54392433166504,76.045654296875,96.4814453125,54.50737762451172,56.59605026245117,41.12831115722656,124.99237060546875,39.95100021362305,23.47028923034668,52.421226501464844,32.95648193359375,45.27663040161133
2017-01-12,56.91533279418945,77.6220474243164,37.27139663696289,65.16506958007812,199.87216186523438,33.310420989990234,67.16326141357422,18.49612808227539,30.469514846801758,76.06805419921875,97.45521545410156,54.651065826416016,56.07657241821289,41.11195373535156,125.51774597167969,40.68199920654297,23.48798370361328,52.720401763916016,33.132286071777344,45.35545349121094
2017-01-13,56.92192459106445,77.76905822753906,37.5984001159668,64.77556610107422,200.2492218017578,33.447837829589844,67.52149963378906,18.56875991821289,30.417436599731445,75.8514404296875,96.97628021240234,54.651065826416016,56.15717697143555,41.18183517456055,127.22277069091797,40.856998443603516,23.39952850341797,52.49602127075195,32.9970588684082,45.31246566772461
2017-01-17,57.587738037109375,77.70223999023438,37.27139663696289,66.00511932373047,193.23268127441406,32.18046569824219,65.06831359863281,17.794055938720703,30.670421600341797,76.3294906616211,97.97399139404297,54.23691177368164,56.00492477416992,41.009361267089844,126.75688171386719,40.486000061035156,23.629501342773438,52.66599655151367,33.59885025024414,45.72809982299805
2017-01-18,56.87579345703125,77.47504425048828,37.36058044433594,66.80701446533203,192.04415893554688,32.72254943847656,65.3720474243164,18.262107849121094,30.72249984741211,76.74029541015625,97.94204711914062,54.39751052856445,55.97805404663086,41.08667755126953,126.80643463134766,40.374000549316406,23.592151641845703,52.693199157714844,33.55152130126953,45.4772834777832
2017-01-19,55.854026794433594,77.2344741821289,37.05585861206055,66.59312438964844,189.68345642089844,32.40951156616211,64.87361145019531,18.181413650512695,30.610889434814453,76.45647430419922,97.51903533935547,54.11857604980469,55.798927307128906,40.85621643066406,126.43965911865234,40.45199966430664,23.444730758666992,52.434837341308594,33.16610336303711,44.93263244628906
2017-01-20,56.61870574951172,77.24783325195312,37.70244598388672,66.05094146728516,190.33106994628906,32.51640319824219,65.16175842285156,18.270174026489258,30.74481201171875,77.11376190185547,97.58291625976562,54.58344268798828,56.193016052246094,41.0445442199707,125.9341049194336,40.416500091552734,23.440805435180664,52.5776252746582,33.17285919189453,45.0831413269043
2017-01-23,56.012229919433594,77.10749053955078,37.11531448364258,64.3555908203125,190.71624755859375,32.0354118347168,65.19293212890625,18.205617904663086,30.82666778564453,77.68894958496094,96.8805160522461,54.43975067138672,56.39005661010742,41.85040283203125,127.80764770507812,40.89400100708008,23.346466064453125,52.37363052368164,33.01734161376953,44.93980026245117
2017-01-24,56.091331481933594,77.76237487792969,37.36058044433594,64.59229278564453,191.54417419433594,32.623287200927734,65.97948455810547,18.520339965820312,31.1763858795166,78.21177673339844,96.61712646484375,55.217350006103516,56.89161682128906,42.1031608581543,128.24380493164062,41.12200164794922,23.352354049682617,52.47563552856445,32.841522216796875,44.98997497558594
2017-01-25,56.256141662597656,78.34374237060547,37.6727180480957,65.30253601074219,194.47044372558594,33.486019134521484,66.9997329711914,18.859277725219727,31.34007453918457,78.13707733154297,97.207763671875,55.44554901123047,57.034912109375,42.54524230957031,130.33543395996094,41.82600021362305,23.393632888793945,52.40762710571289,32.78744125366211,44.81081771850586
2017-01-26,56.42753601074219,77.88265991210938,37.62812423706055,64.8214340209961,196.3802947998047,33.60816192626953,67.56044006347656,18.915767669677734,31.109407424926758,77.78601837158203,97.27959442138672,55.19200134277344,57.563350677490234,42.47238540649414,131.62416076660156,41.95750045776367,23.340560913085938,52.434837341308594,32.88210678100586,44.8896598815918
2017-01-27,56.368228912353516,76.0383529663086,36.73628616333008,64.53121948242188,194.22454833984375,33.477783203125,67.70062255859375,18.85120964050293,30.841550827026367,77.29303741455078,98.06178283691406,55.699119567871094,58.91578674316406,41.88013458251953,131.02935791015625,41.78850173950195,23.855531692504883,52.31244659423828,32.78068542480469,45.12613296508789
2017-01-30,55.93973159790039,74.7219009399414,35.28705596923828,63.851558685302734,191.7244873046875,33.0713005065918,66.9997329711914,18.520339965820312,30.789461135864258,77.44989013671875,98.1894760131836,55.51317596435547,58.33361053466797,40.8294563293457,129.8397979736328,41.51900100708008,24.067808151245117,52.434837341308594,32.90238952636719,45.29812240600586
2017-01-31,55.300289154052734,74.4078369140625,36.238338470458984,63.92790603637695,187.97032165527344,32.58812713623047,65.9094009399414,18.270174026489258,30.93083381652832,77.51713562011719,97.83031463623047,55.38638687133789,57.903709411621094,40.64905548095703,129.18557739257812,41.17399978637695,24.317424774169922,53.40030288696289,33.42304611206055,45.90726089477539
2017-02-01,54.6740608215332,74.1739501953125,36.04511260986328,63.515533447265625,189.07691955566406,32.74917984008789,66.15861511230469,18.471927642822266,30.700176239013672,76.94197845458984,97.71061706542969,54.82855224609375,56.94536209106445,40.40373229980469,132.07022094726562,41.61750030517578,24.10121726989746,52.59800720214844,32.828006744384766,45.212127685546875
2017-02-02,55.010276794433594,74.98252868652344,36.186317443847656,62.95802688598633,188.86376953125,32.312007904052734,65.87825012207031,18.334741592407227,30.804346084594727,77.70386505126953,98.34912109375,55.50472640991211,56.57814407348633,40.553409576416016,129.70101928710938,41.997501373291016,24.266321182250977,52.890377044677734,33.118770599365234,45.70659637451172
2017-02-03,55.069576263427734,75.89132690429688,37.47947692871094,63.003849029541016,197.50328063964844,34.07601547241211,67.89533996582031,18.794721603393555,30.908510208129883,78.51055145263672,99.16325378417969,55.97802734375,57.034912109375,40.64608383178711,129.8397979736328,40.5099983215332,24.413742065429688,52.79520034790039,33.01734161376953,45.885765075683594
2017-02-06,54.91796875,75.4970703125,37.226802825927734,62.38525390625,196.70819091796875,34.229408264160156,67.57601165771484,18.65753173828125,30.923389434814453,78.10719299316406,99.33085632324219,56.037208557128906,56.99909210205078,40.719932556152344,130.91041564941406,40.38199996948242,24.344947814941406,52.74078369140625,32.970008850097656,45.73527908325195
2017-02-07,54.56199645996094,74.43456268310547,36.72885513305664,61.911773681640625,196.41307067871094,34.413482666015625,67.53709411621094,18.47998809814453,31.1763858795166,78.88402557373047,99.44259643554688,56.197784423828125,56.81100082397461,41.097084045410156,130.69232177734375,40.625,24.437326431274414,52.86317825317383,32.976776123046875,45.8140983581543
2017-02-08,54.2027702331543,74.5615234375,36.86262512207031,61.94997787475586,194.8638916015625,33.67719268798828,66.94520568847656,18.294389724731445,31.265653610229492,78.94377136230469,99.50643920898438,56.28230285644531,56.73040771484375,41.129295349121094,133.03176879882812,40.98550033569336,24.82453155517578,53.46829605102539,33.281044006347656,46.146812438964844
2017-02-09,54.44226837158203,75.01593017578125,37.018707275390625,62.018699645996094,197.99508666992188,34.39814376831055,67.91090393066406,18.65753173828125,30.692726135253906,79.15290069580078,99.35480499267578,56.95846176147461,57.37525939941406,41.13821029663086,132.97232055664062,41.06800079345703,24.50022315979004,52.86317825317383,33.03762435913086,45.8719596862793
2017-02-10,54.89461898803711,75.54386138916016,37.463279724121094,62.744205474853516,198.95411682128906,34.283103942871094,67.75515747070312,18.62525749206543,30.194210052490234,79.24999237060547,100.42434692382812,57.474056243896484,57.3215217590332,41.3756103515625,133.02186584472656,41.37300109863281,24.661399841308594,53.10115432739258,33.16610336303711,46.25532150268555
2017-02-13,55.213932037353516,76.1185073852539,37.134521484375,62.867156982421875,201.86398315429688,34.71259307861328,68.6507568359375,18.88348388671875,30.22397232055664,79.5636978149414,100.20085144042969,57.567020416259766,57.96639633178711,41.579307556152344,132.88308715820312,41.826499938964844,24.76556968688965,53.50229263305664,33.281044006347656,46.13957977294922
2017-02-14,55.09417724609375,75.90939331054688,37.463279724121094,63.358882904052734,204.47877502441406,35.31081771850586,69.74886322021484,19.416099548339844,30.15701675415039,79.86251068115234,100.41636657714844,57.96426773071289,58.182655334472656,41.6323356628418,132.684814453125,41.81949996948242,24.76556968688965,53.06034469604492,32.85506057739258,45.763465881347656
2017-02-15,55.32035446166992,75.943115234375,36.88047790527344,62.813358306884766,205.36407470703125,35.65595245361328,70.55103302001953,19.835731506347656,30.090042114257812,79.72058868408203,100.9511489868164,58.02342987060547,58.146610260009766,41.49802780151367,132.2783966064453,42.1349983215332,24.62601661682129,52.781944274902344,32.692771911621094,45.777931213378906
2017-02-16,54.748260498046875,74.6680679321289,36.11835479736328,62.33696746826172,204.46237182617188,35.36451721191406,70.50428771972656,19.835731506347656,30.655534744262695,80.75883483886719,101.12671661376953,57.845951080322266,58.13759994506836,41.73839569091797,132.67491149902344,42.207000732421875,24.80290985107422,54.239315032958984,33.00062561035156,46.07448196411133
2017-02-17,54.3890495300293,74.43196105957031,35.49820327758789,61.96815872192383,205.23289489746094,35.39519119262695,70.27066802978516,19.787311553955078,30.677854537963867,80.78124237060547,102.00469207763672,57.8121452331543,58.22771072387695,41.955474853515625,132.3675994873047,42.253501892089844,24.934600830078125,53.86808776855469,32.69961929321289,46.37104415893555
2017-02-21,54.47551727294922,75.36968231201172,35.961448669433594,61.99121856689453,206.3640594482422,35.709632873535156,70.87808990478516,19.997129440307617,30.8489933013916,81.68501281738281,102.19627380371094,57.195133209228516,58.11056900024414,42.09027862548828,132.55596923828125,42.821998596191406,25.209774017333984,54.369930267333984,33.02797317504883,46.8411979675293
2017-02-22,53.83689498901367,74.46568298339844,35.19186019897461,61.238216400146484,206.33946228027344,35.678958892822266,70.91706085205078,20.00519561767578,30.95315170288086,81.72238159179688,102.04459381103516,55.8681526184082,57.993431091308594,42.1938591003418,134.93502807617188,42.78049850463867,25.245155334472656,54.90614318847656,33.513694763183594,47.2390022277832
2017-02-23,54.40233612060547,74.89744567871094,35.341304779052734,61.829864501953125,205.89686584472656,35.724979400634766,70.97157287597656,19.835731506347656,30.997802734375,81.8194808959961,102.37984466552734,55.57233428955078,58.22771072387695,42.17601776123047,134.18167114257812,42.609500885009766,25.388639450073242,55.6210823059082,33.9788703918457,47.74531555175781
2017-02-24,53.93669128417969,74.29029083251953,35.147037506103516,61.583980560302734,202.7492218017578,34.91967010498047,70.34854888916016,19.553281784057617,31.08709144592285,82.03607940673828,102.68312072753906,55.74138259887695,58.22771072387695,42.017921447753906,134.26097106933594,42.262001037597656,25.9378604888916,56.3429069519043,34.54667282104492,48.56989288330078
2017-02-27,54.242679595947266,75.38992309570312,35.38612747192383,62.28316879272461,204.3722686767578,35.15742492675781,70.4264144897461,19.82766342163086,31.005252838134766,81.6177978515625,102.10421752929688,55.3779182434082,57.87628173828125,42.11009979248047,135.2225341796875,42.43199920654297,25.721973419189453,56.27415466308594,34.38932800292969,48.2443962097168
2017-02-28,54.09632873535156,75.89591217041016,35.54302978515625,61.74532699584961,203.86268615722656,35.02705001831055,70.57440948486328,19.916433334350586,31.221033096313477,82.44689178466797,102.63489532470703,55.20888900756836,57.65101623535156,41.87518310546875,134.36007690429688,42.25199890136719,25.945781707763672,56.74849319458008,34.76557540893555,48.4396858215332
2017-03-01,55.227203369140625,76.82688903808594,36.648860931396484,63.21288299560547,207.68421936035156,35.9013786315918,72.89519500732422,20.640880584716797,31.369831085205078,82.52436828613281,103.76053619384766,55.42019271850586,58.516048431396484,42.46099090576172,136.2237548828125,42.65399932861328,25.63086700439453,56.322265625,34.24567794799805,47.824886322021484
2017-03-02,55.41349411010742,76.4760513305664,36.02122497558594,62.198665618896484,206.3282012939453,35.49489212036133,71.75817108154297,20.422334671020508,31.600502014160156,82.8101577758789,103.10123443603516,55.11591720581055,57.678062438964844,42.1190185546875,135.56948852539062,42.445499420166016,25.933897018432617,56.61786651611328,34.42353439331055,48.099735260009766
2017-03-03,54.85468673706055,76.604248046875,35.72983932495117,62.006561279296875,207.8321533203125,35.916717529296875,72.27215576171875,20.59231185913086,31.607929229736328,83.14855194091797,102.83589172363281,54.963783264160156,57.894317626953125,42.08085632324219,135.97593688964844,42.49399948120117,25.90616798400879,56.30852127075195,34.457740783691406,48.11420440673828
2017-03-06,55.10083770751953,76.34788513183594,36.10342025756836,62.02193069458008,207.10891723632812,35.71731185913086,71.58680725097656,20.43852996826172,31.384714126586914,82.44915771484375,102.9404296875,54.515830993652344,57.91233444213867,41.991153717041016,136.2237548828125,42.330501556396484,25.874475479125977,56.28102111816406,34.368812561035156,47.991249084472656
2017-03-07,54.89461898803711,75.43040466308594,35.65511703491211,61.430294036865234,206.19671630859375,35.53324508666992,71.18965148925781,20.406147003173828,31.243350982666016,82.21602630615234,102.97257995605469,54.11012649536133,58.029476165771484,42.18345260620117,136.1048126220703,42.30099868774414,25.876455307006836,56.157291412353516,34.47826385498047,47.911678314208984
2017-03-08,53.9034309387207,73.94622802734375,34.302738189697266,60.00882339477539,205.654296875,35.57926559448242,71.03385925292969,20.446611404418945,31.243350982666016,82.20098876953125,102.9886474609375,54.16084671020508,58.561119079589844,42.306854248046875,136.5211181640625,42.525001525878906,25.63681411743164,55.21548080444336,34.04728698730469,47.12328338623047
2017-03-09,54.32917404174805,74.2363052368164,34.728614807128906,60.46986770629883,205.60499572753906,35.80168533325195,71.31424713134766,20.519466400146484,31.273088455200195,81.99040222167969,103.02887725830078,53.93264389038086,58.32683563232422,42.51500701904297,137.03660583496094,42.650001525878906,25.500144958496094,55.029884338378906,33.862579345703125,46.89905548095703
2017-03-10,54.289249420166016,74.620849609375,34.1234130859375,60.462181091308594,204.12571716308594,35.65595245361328,71.0884017944336,20.487089157104492,31.466556549072266,82.4190902709961,102.90020751953125,54.3552360534668,58.507049560546875,42.69194412231445,137.58180236816406,42.62300109863281,25.759607315063477,55.43547821044922,33.95151138305664,47.30411148071289
2017-03-13,54.162864685058594,73.77080535888672,34.25041198730469,60.38532257080078,203.94493103027344,35.479549407958984,71.15071105957031,20.4789981842041,31.549118041992188,82.28369903564453,102.60272216796875,54.414390563964844,58.308815002441406,42.84904861450195,138.384765625,42.72949981689453,25.838829040527344,55.59359359741211,34.01991653442383,47.60065460205078
2017-03-14,53.876800537109375,72.42829895019531,33.57797622680664,60.22397994995117,203.58328247070312,35.425872802734375,71.26752471923828,20.495187759399414,31.50408935546875,82.23104858398438,102.75550079345703,54.05095672607422,58.03848648071289,42.914974212646484,138.10720825195312,42.62649917602539,25.86061668395996,55.59359359741211,34.122528076171875,47.58618927001953
2017-03-15,54.54869842529297,73.45372772216797,34.25041198730469,61.66080093383789,202.8107452392578,35.16510772705078,71.4388656616211,20.38186264038086,31.6166934967041,83.5622329711914,102.81983184814453,54.01716613769531,58.34485626220703,43.037872314453125,138.5037384033203,42.64849853515625,26.124025344848633,56.37039566040039,34.63560104370117,48.22993469238281
2017-03-16,54.59526824951172,72.7656021118164,34.25041198730469,61.199806213378906,203.9942169189453,35.53324508666992,71.36875915527344,20.41423797607422,31.714271545410156,83.58477783203125,102.90020751953125,53.941078186035156,58.24571990966797,43.117671966552734,138.7713623046875,42.67100143432617,25.72791290283203,56.109161376953125,34.334598541259766,47.74531555175781
2017-03-17,54.54869842529297,72.64418029785156,34.13834762573242,61.12297821044922,200.476806640625,34.52853012084961,70.62110137939453,20.122840881347656,31.549118041992188,83.7728042602539,103.43087768554688,53.98335266113281,58.45298767089844,43.2351188659668,138.6226806640625,42.615501403808594,25.793270111083984,56.26039505004883,34.6629638671875,48.078041076660156
2017-03-20,54.54869842529297,72.63069915771484,34.26537322998047,60.63888931274414,198.9974365234375,34.19873046875,70.1148910522461,19.782865524291992,31.66172981262207,83.59226989746094,103.54344177246094,54.15238571166992,58.507049560546875,43.01408767700195,138.72181701660156,42.8484992980957,25.725933074951172,55.806697845458984,34.464576721191406,47.83211135864258
2017-03-21,54.435604095458984,72.88703155517578,33.75728988647461,60.462181091308594,191.4860076904297,32.718509674072266,68.0588607788086,18.633459091186523,31.901926040649414,84.05856323242188,103.33440399169922,53.865013122558594,57.8582763671875,42.133392333984375,137.30422973632812,42.15999984741211,26.1141300201416,56.837860107421875,34.89555358886719,48.446929931640625
2017-03-22,54.3890495300293,73.12316131591797,33.36129379272461,60.22397994995117,189.89991760253906,32.37336349487305,68.16792297363281,18.56869888305664,31.811853408813477,84.24659729003906,103.80074310302734,53.51848602294922,58.59716033935547,42.11654281616211,138.3748321533203,42.40299987792969,26.225051879882812,56.89284133911133,34.704017639160156,48.7796516418457
2017-03-23,54.455570220947266,72.7723388671875,33.23427963256836,59.67844772338867,190.58197021484375,32.66481399536133,68.0588607788086,18.67392921447754,31.65422821044922,84.06610870361328,103.72032928466797,53.400150299072266,58.45298767089844,41.613502502441406,138.31536865234375,42.36899948120117,26.16166114807129,56.837860107421875,34.457740783691406,48.78687286376953
2017-03-24,54.036476135253906,72.85330963134766,32.95033645629883,59.132904052734375,187.7137908935547,32.56510543823242,67.98099517822266,18.714405059814453,31.6166934967041,84.32183837890625,103.99369812011719,53.73823547363281,58.552093505859375,41.389984130859375,139.11831665039062,42.28049850463867,26.30228042602539,57.05096435546875,34.4919319152832,49.03279495239258
2017-03-27,54.04976272583008,71.69969940185547,33.09230041503906,59.179012298583984,185.30584716796875,31.890188217163086,67.94207000732422,18.64154815673828,31.766822814941406,84.10370635986328,104.11431884765625,53.67906951904297,58.66022872924805,41.55699920654297,139.0985107421875,42.340999603271484,25.965587615966797,56.913475036621094,34.409854888916016,48.96047592163086
2017-03-28,54.44226837158203,72.30010986328125,33.9067268371582,60.17021179199219,188.46986389160156,32.58812713623047,69.0012435913086,19.00580596923828,31.849388122558594,84.56997680664062,104.08213806152344,54.4904670715332,58.83143615722656,41.662078857421875,140.5259552001953,42.79999923706055,25.997272491455078,57.00972366333008,34.26619338989258,49.06896209716797
2017-03-29,54.562007904052734,72.90727996826172,34.33262252807617,60.44679641723633,187.7466583251953,32.825862884521484,68.74422454833984,18.900575637817383,31.841886520385742,84.55494689941406,103.59166717529297,54.13549041748047,58.99365234375,42.12001419067383,141.408203125,43.715999603271484,25.85664939880371,56.659114837646484,34.1704216003418,48.74346923828125
2017-03-30,55.67958450317383,72.7116470336914,37.358673095703125,59.809078216552734,190.02310180664062,33.30906295776367,69.33609008789062,19.321489334106445,31.976991653442383,84.36693572998047,103.97762298583984,54.11012649536133,59.20988464355469,42.10068893432617,141.17030334472656,43.81700134277344,25.377351760864258,56.39788055419922,33.9788703918457,48.577125549316406
2017-03-31,54.55535888671875,72.43502807617188,37.261531829833984,60.00882339477539,188.79037475585938,32.85654830932617,68.40933990478516,19.0948429107666,31.856887817382812,84.12627410888672,104.21080017089844,54.008697509765625,59.345035552978516,42.01742172241211,140.8134307861328,44.32699966430664,25.42487907409668,56.37726974487305,34.05412292480469,48.555423736572266
2017-04-03,54.59526824951172,72.72515869140625,36.947723388671875,59.701507568359375,188.16578674316406,32.75684356689453,68.16011047363281,19.0948429107666,31.83437156677246,84.12627410888672,104.21080017089844,53.7128791809082,59.065711975097656,42.46099090576172,141.04141235351562,44.57550048828125,25.494205474853516,56.542259216308594,34.17726135253906,48.56989288330078
2017-04-04,54.794830322265625,73.30531311035156,37.15693664550781,60.093360900878906,188.412353515625,32.60345458984375,68.38726806640625,18.97342300415039,32.03705596923828,84.29173278808594,103.9534912109375,53.95799255371094,59.22792053222656,42.25382614135742,140.4962158203125,45.34149932861328,25.656606674194336,56.624752044677734,34.218299865722656,48.67116165161133
2017-04-05,54.901268005371094,73.29180908203125,36.69368362426758,60.16250991821289,187.09742736816406,32.012901306152344,67.51000213623047,18.75487518310547,31.954477310180664,84.18643951416016,104.8540267944336,53.98335266113281,59.0747184753418,42.07242965698242,140.61517333984375,45.4640007019043,25.874475479125977,56.96847152709961,34.498779296875,49.06174087524414
2017-04-06,55.22056579589844,73.73033142089844,37.21669387817383,60.40840530395508,187.9027862548828,32.28133010864258,67.73715209960938,18.827728271484375,32.029541015625,83.91570281982422,104.64497375488281,54.5580940246582,59.22792053222656,41.88360595703125,139.94107055664062,44.91400146484375,25.70018196105957,56.7760009765625,34.29356002807617,48.90983963012695
2017-04-07,55.054264068603516,73.44025421142578,37.01496505737305,60.18559265136719,187.2782440185547,32.173954010009766,67.50215911865234,18.74677848815918,31.984506607055664,83.93827819824219,104.49221801757812,54.32988739013672,59.18285369873047,41.73492431640625,139.5545196533203,44.74399948120117,25.53579330444336,56.54913330078125,33.99256134033203,48.692848205566406
2017-04-10,55.300411224365234,73.82479858398438,37.470741271972656,60.4775390625,188.1082763671875,32.14326858520508,67.26719665527344,18.633459091186523,32.0445442199707,84.24659729003906,104.5082778930664,54.20310974121094,59.047691345214844,41.71510314941406,139.81222534179688,45.35200119018555,25.634828567504883,56.6453857421875,33.9788703918457,48.82303237915039
2017-04-11,55.10748291015625,73.51446533203125,37.470741271972656,61.199806213378906,187.16317749023438,31.890188217163086,67.14968872070312,18.55251121520996,32.022037506103516,84.02851867675781,105.48920440673828,54.4748420715332,59.002628326416016,41.624908447265625,138.70196533203125,45.11800003051758,25.613039016723633,56.50101852416992,33.725765228271484,48.74346923828125
2017-04-12,55.193973541259766,73.51446533203125,36.94023895263672,61.13833999633789,185.52772521972656,31.499034881591797,66.89124298095703,18.333959579467773,32.23220443725586,85.44237518310547,105.53742980957031,54.3729362487793,58.777374267578125,41.703208923339844,138.3649444580078,44.811500549316406,25.848724365234375,56.906593322753906,33.9720344543457,49.03279495239258
2017-04-13,54.34247589111328,71.5782699584961,36.327571868896484,60.047264099121094,183.53070068359375,31.20758628845215,66.10796356201172,18.083032608032227,32.11960983276367,84.74296569824219,105.13541412353516,54.16913604736328,58.52505111694336,41.639766693115234,138.1765899658203,44.23350143432617,25.90022850036621,56.7760009765625,33.80785369873047,48.85196304321289
2017-04-17,54.269287109375,71.62547302246094,36.574134826660156,60.116416931152344,185.94686889648438,31.821151733398438,67.25153350830078,18.463468551635742,32.32978439331055,85.22428131103516,105.60980987548828,54.25405502319336,59.002628326416016,42.380706787109375,140.1889190673828,45.0994987487793,25.927955627441406,57.00972366333008,34.05412292480469,48.996639251708984
2017-04-18,53.91672134399414,71.294921875,36.37986755371094,59.87822341918945,177.17794799804688,31.606403350830078,66.7032470703125,18.382532119750977,32.63755798339844,85.94627380371094,106.37364196777344,54.31349563598633,58.92152786254883,42.3242073059082,139.73294067382812,45.18899917602539,26.13195037841797,56.961605072021484,34.18409729003906,49.170223236083984
2017-04-19,53.5442008972168,70.31670379638672,35.864315032958984,58.76410675048828,175.94522094726562,32.24297332763672,66.15494537353516,18.406814575195312,32.449893951416016,85.44992065429688,106.64702606201172,54.80601501464844,58.60615921020508,42.449092864990234,141.03152465820312,44.959999084472656,26.044811248779297,56.61099624633789,34.03358840942383,48.996639251708984
2017-04-20,53.89011764526367,70.7552261352539,35.826969146728516,58.78717041015625,179.20782470703125,32.595787048339844,67.00872802734375,18.67392921447754,32.34480667114258,85.42733764648438,107.15354919433594,55.23060607910156,59.020652770996094,42.62602615356445,142.54820251464844,45.10300064086914,25.920026779174805,56.39100646972656,34.04728698730469,48.7796516418457
2017-04-21,53.67723846435547,70.761962890625,35.6700439453125,57.50400161743164,178.2216796875,32.058921813964844,66.20195770263672,18.382532119750977,32.32978439331055,85.30699157714844,107.26609802246094,55.04378890991211,59.83163070678711,42.57001876831055,142.42921447753906,44.92649841308594,26.34585189819336,56.51476287841797,34.190940856933594,49.08343505859375
2017-04-24,53.95664596557617,71.46357727050781,35.79706954956055,56.9354133605957,183.44847106933594,33.40876388549805,68.5361099243164,19.127222061157227,32.487430572509766,85.97635650634766,107.92539978027344,55.808048248291016,60.849830627441406,43.560237884521484,144.2036590576172,45.37049865722656,26.292387008666992,56.76911926269531,34.3072395324707,49.16299819946289
2017-04-25,54.369083404541016,72.00328826904297,36.45458221435547,56.92772674560547,186.2509307861328,33.953304290771484,69.13139343261719,19.41053009033203,32.35980987548828,85.85602569580078,113.93152618408203,56.028831481933594,61.201271057128906,44.05138397216797,145.21478271484375,45.38100051879883,26.3260498046875,56.84474563598633,34.31407928466797,49.08343505859375
2017-04-26,54.149559020996094,71.56478881835938,36.11835479736328,56.94308853149414,185.89755249023438,34.029991149902344,69.26455688476562,19.337669372558594,32.457401275634766,85.23181915283203,113.24009704589844,55.94391632080078,61.120182037353516,44.066253662109375,145.2841796875,45.464500427246094,26.3082275390625,56.782840728759766,34.18409729003906,48.96047592163086
2017-04-27,54.056427001953125,71.15323638916016,35.75971603393555,55.96726608276367,185.5770721435547,33.54463195800781,68.62226867675781,19.143413543701172,32.28475570678711,84.71288299560547,113.26422119140625,56.0543212890625,61.516639709472656,44.18023681640625,146.41424560546875,45.91899871826172,26.444883346557617,56.98908996582031,34.25251007080078,49.25703048706055
2017-04-28,54.31585693359375,71.98303985595703,35.79706954956055,55.77518844604492,183.92514038085938,33.41364669799805,68.14446258544922,18.892488479614258,32.38983917236328,85.1942138671875,112.50839233398438,55.833534240722656,61.68785858154297,45.819705963134766,148.94203186035156,46.2495002746582,26.452800750732422,56.714115142822266,34.06779861450195,49.06174087524414
2017-05-01,54.588600158691406,71.45681762695312,35.47578811645508,55.55235290527344,184.78811645507812,33.69871520996094,68.19145965576172,19.11102867126465,32.442386627197266,84.44213104248047,113.48931121826172,55.833534240722656,62.54388427734375,46.231056213378906,151.13284301757812,47.4114990234375,26.349822998046875,56.41850280761719,33.924156188964844,48.80134582519531
2017-05-02,54.58195114135742,71.07904052734375,34.89299392700195,54.899253845214844,185.00994873046875,33.39823913574219,67.7528305053711,19.046276092529297,32.56999588012695,84.44967651367188,113.55364990234375,56.33453369140625,62.44474411010742,46.442684173583984,151.45004272460938,47.34700012207031,26.54391098022461,56.63850021362305,33.869415283203125,49.19194030761719
2017-05-03,55.01435852050781,71.99652099609375,35.17693328857422,54.96071243286133,185.98794555664062,33.49839782714844,68.14446258544922,19.24054527282715,32.51744842529297,84.07363891601562,114.67127990722656,57.95648956298828,62.24651336669922,47.00569152832031,150.47857666015625,47.05149841308594,26.41319465637207,56.39788055419922,33.8420524597168,49.11236572265625
2017-05-04,54.3092041015625,70.7080078125,34.3101921081543,54.50739288330078,186.2180633544922,33.34431457519531,68.22279357910156,19.3052978515625,32.77266311645508,84.95354461669922,115.33859252929688,58.57638168334961,62.00322723388672,47.316436767578125,149.5368194580078,46.87649917602539,26.6072998046875,56.7760009765625,34.06095886230469,49.19916915893555
2017-05-05,54.562007904052734,71.36912536621094,34.94529342651367,55.29881286621094,186.44815063476562,33.19023513793945,68.14446258544922,19.216257095336914,32.79519271850586,85.14908599853516,115.74866485595703,58.84810256958008,62.174442291259766,47.09638977050781,148.93215942382812,46.70750045776367,26.605321884155273,57.044105529785156,34.25251007080078,49.48124694824219
2017-05-08,55.140743255615234,71.96953582763672,35.214271545410156,55.49087905883789,184.93601989746094,33.14400863647461,68.22279357910156,19.394338607788086,32.9453125,85.14908599853516,115.97378540039062,58.712242126464844,62.120357513427734,47.5131950378418,149.74501037597656,47.45199966430664,26.72810935974121,57.00281524658203,34.225135803222656,49.41557312011719
2017-05-09,54.75491714477539,70.8901596069336,34.57170867919922,55.53700637817383,183.8922882080078,32.997615814208984,67.94862365722656,19.41053009033203,32.66006851196289,84.77306365966797,116.07029724121094,58.38955307006836,62.21045684814453,47.415061950683594,149.1700439453125,47.64099884033203,26.494400024414062,56.446022033691406,34.190940856933594,49.109161376953125
2017-05-10,55.00338363647461,71.84811401367188,35.57292175292969,55.83665084838867,184.81271362304688,33.20564270019531,68.48126983642578,19.548133850097656,32.705108642578125,84.86328887939453,116.19898223876953,58.49146270751953,62.45377731323242,47.322391510009766,148.9817352294922,47.4474983215332,26.573625564575195,56.70036697387695,34.11568832397461,49.18210983276367
2017-05-11,55.47344207763672,71.6524658203125,35.62926483154297,55.15281677246094,184.71408081054688,33.02843475341797,68.26979064941406,19.48337173461914,32.78017044067383,85.01370239257812,115.94967651367188,58.70374298095703,61.68785858154297,47.37441635131836,148.73387145996094,47.38100051879883,26.666709899902344,57.057830810546875,34.447914123535156,49.284271240234375
2017-05-12,55.43314743041992,71.48382568359375,35.29117965698242,54.56884765625,183.1197509765625,32.92057800292969,68.08181762695312,19.426713943481445,32.72012710571289,84.91593933105469,116.87435150146484,58.50844192504883,61.61576843261719,47.337249755859375,149.0213623046875,48.067501068115234,26.846948623657227,57.38780975341797,34.517120361328125,49.6563606262207
2017-05-15,55.60102844238281,72.08423614501953,35.64430236816406,55.32185363769531,185.00994873046875,33.45988464355469,68.4107437133789,19.475282669067383,32.8252067565918,85.69056701660156,117.61402130126953,58.780174255371094,61.66082000732422,47.53945541381836,148.88258361816406,47.89849853515625,26.96182632446289,57.45656204223633,34.59326934814453,50.021148681640625
2017-05-16,55.43314743041992,72.3541030883789,35.41136932373047,54.837799072265625,185.4044647216797,33.42136001586914,68.62226867675781,19.418615341186523,32.9152717590332,85.57774353027344,118.42609405517578,58.890567779541016,62.902366638183594,47.80659103393555,148.4761505126953,48.30350112915039,26.91626739501953,57.14033508300781,34.150299072265625,49.510440826416016
2017-05-17,55.05707931518555,71.35227966308594,34.87039566040039,54.54581069946289,175.64109802246094,31.564626693725586,66.00614166259766,18.26921272277832,32.9753303527832,85.54013061523438,117.71855163574219,58.72924041748047,61.15333938598633,46.69445037841797,143.5890655517578,47.237998962402344,27.025203704833984,57.498043060302734,34.35793685913086,49.72201919555664
2017-05-18,54.895938873291016,71.6725845336914,34.87791442871094,54.88389205932617,176.8245391845703,31.826560974121094,65.76333618164062,18.406814575195312,32.87775421142578,85.75823974609375,118.20099639892578,58.67827606201172,61.36176300048828,47.10728454589844,146.37461853027344,47.92449951171875,27.12224578857422,57.82450866699219,34.447914123535156,49.8387451171875
2017-05-19,55.01679992675781,72.59260559082031,35.674354553222656,55.12976837158203,177.01356506347656,32.20408248901367,66.40559387207031,18.65774154663086,32.95281982421875,85.50257110595703,119.11756134033203,59.50197219848633,61.343624114990234,47.312965393066406,146.77113342285156,47.992000579833984,27.191570281982422,57.90786361694336,34.52406311035156,50.13787841796875
2017-05-22,55.258541107177734,72.31999969482422,35.26111602783203,55.237342834472656,177.53134155273438,32.096214294433594,66.34293365478516,18.649646759033203,33.163002014160156,86.26215362548828,119.14974212646484,60.30021667480469,62.032386779785156,47.77982711791992,146.94956970214844,48.53350067138672,27.401514053344727,58.41489028930664,34.61404037475586,50.64860916137695
2017-05-23,55.45328903198242,72.4222183227539,35.13338088989258,55.3909912109375,180.50631713867188,32.68173599243164,67.17321014404297,18.932952880859375,33.320621490478516,86.52538299560547,118.85225677490234,60.22378158569336,62.24079513549805,48.10097885131836,146.78102111816406,48.57699966430664,27.5223388671875,58.5538215637207,34.66248321533203,50.772647857666016
2017-05-24,55.258541107177734,72.38816833496094,35.06575393676758,54.830101013183594,183.94981384277344,32.843528747558594,67.13404846191406,18.90867042541504,33.80104446411133,87.28495025634766,120.20297241210938,61.09843826293945,62.322364807128906,48.45087814331055,148.73387145996094,49.01750183105469,27.758024215698242,58.824703216552734,34.8701286315918,51.21770095825195
2017-05-25,54.895938873291016,71.63170623779297,33.848567962646484,53.3164176940918,182.83209228515625,32.843528747558594,66.85204315185547,18.819629669189453,34.086280822753906,88.39049530029297,120.42814636230469,61.251277923583984,63.09267807006836,49.1571159362793,150.63719177246094,49.66899871826172,28.06378936767578,59.13727569580078,34.953182220458984,51.65544891357422
2017-05-26,54.76164627075195,71.36592102050781,34.07396697998047,53.854286193847656,183.70326232910156,33.00532150268555,66.85989379882812,18.811538696289062,34.07125473022461,88.67626190185547,120.49246978759766,61.21731948852539,63.400794982910156,49.22700119018555,150.80572509765625,49.78900146484375,28.065792083740234,59.088645935058594,34.918575286865234,51.7065315246582
2017-05-30,54.45944595336914,70.9161376953125,33.653221130371094,53.196495056152344,180.10806274414062,32.573875427246094,65.7163314819336,18.544422149658203,34.101287841796875,88.7514877319336,120.54874420166016,61.48906707763672,63.808631896972656,49.3707160949707,151.05352783203125,49.834999084472656,28.05382537841797,59.324832916259766,35.00163650512695,51.9546012878418
2017-05-31,54.056549072265625,70.52086639404297,33.578067779541016,53.85428237915039,174.20394897460938,32.15785598754883,64.34561157226562,18.19927406311035,34.13131332397461,88.49779510498047,121.32064056396484,61.68437576293945,63.29207992553711,48.92071533203125,150.1415252685547,49.73099899291992,28.211397171020508,59.51234817504883,35.02931594848633,52.37045669555664
2017-06-01,54.19083023071289,71.05924224853516,33.7057991027832,54.0013313293457,177.29611206054688,32.828128814697266,65.05838012695312,18.377933502197266,34.37150573730469,88.77040100097656,123.29475402832031,62.69490432739258,63.52769088745117,48.980186462402344,150.2109375,49.79750061035156,28.30314064025879,60.012447357177734,35.25080108642578,52.68418884277344
2017-06-02,53.38503646850586,70.26872253417969,33.2549934387207,53.36673355102539,175.8943328857422,32.75878143310547,64.72941589355469,18.231761932373047,34.44658660888672,89.10360717773438,124.38700103759766,62.830745697021484,65.03204345703125,49.36824417114258,152.27281188964844,50.33649826049805,28.46470832824707,59.9290885925293,35.306175231933594,53.01980972290039
2017-06-05,53.80135726928711,70.32324981689453,33.074668884277344,53.60664367675781,176.45510864257812,33.04384231567383,64.84689331054688,18.19927406311035,34.52165222167969,89.26261901855469,123.61840057373047,63.00908660888672,65.5032958984375,49.75282669067383,152.29263305664062,50.56700134277344,28.293161392211914,59.61653518676758,35.16775131225586,52.822811126708984
2017-06-06,54.53333282470703,70.99109649658203,33.420284271240234,54.14835739135742,176.9003448486328,33.082366943359375,64.98004913330078,18.053091049194336,34.51413345336914,89.12631225585938,122.35626983642578,63.11096954345703,65.7208023071289,49.39599609375,151.47976684570312,50.150001525878906,28.3071346282959,59.602657318115234,35.15391159057617,52.62580490112305
2017-06-07,54.331878662109375,70.71852111816406,32.729042053222656,53.1423225402832,177.9310760498047,33.34431457519531,65.72415924072266,18.35357666015625,34.16133499145508,88.63412475585938,122.93069458007812,63.060028076171875,65.60298919677734,49.6348762512207,151.7870635986328,50.503501892089844,28.438772201538086,59.797142028808594,35.306175231933594,52.98332595825195
2017-06-08,54.13713455200195,70.87523651123047,32.36087417602539,52.86372756958008,180.3883819580078,33.97606658935547,66.53875732421875,18.6540470123291,33.876102447509766,87.7557144165039,122.51809692382812,62.813777923583984,65.2042465209961,49.77265548706055,153.36322021484375,50.51350021362305,28.21339225769043,59.303977966308594,35.11929702758789,52.494483947753906
2017-06-09,55.1511116027832,72.5108413696289,33.67574691772461,53.923927307128906,183.42294311523438,34.6001091003418,68.1131362915039,19.222522735595703,34.018714904785156,87.79357147216797,122.55851745605469,62.07498550415039,63.72703552246094,48.07966613769531,148.29771423339844,48.91550064086914,27.9720401763916,59.54014205932617,35.07777404785156,52.4288215637207
2017-06-12,55.68830871582031,73.62847900390625,34.351959228515625,53.637577056884766,182.98585510253906,34.55389404296875,68.12879943847656,19.311859130859375,34.02622985839844,88.01317596435547,120.12317657470703,61.064476013183594,63.23767852783203,47.667816162109375,147.14779663085938,48.24549865722656,27.80847930908203,59.47068405151367,35.195438385009766,52.10049819946289
2017-06-13,55.708465576171875,73.6898193359375,34.885433197021484,53.66857147216797,184.8741455078125,34.78502655029297,68.35594940185547,19.30373764038086,34.07919692993164,88.08132934570312,121.21544647216797,61.70985794067383,64.026123046875,48.0984992980957,149.3682861328125,49.03950119018555,27.914194107055664,59.69987487792969,35.34078598022461,52.27560806274414
2017-06-14,55.11082077026367,72.64712524414062,34.12655258178711,52.763099670410156,186.77899169921875,34.6001091003418,68.2149429321289,19.295623779296875,34.28354263305664,88.87642669677734,121.9112777709961,62.024044036865234,63.68172836303711,47.971126556396484,148.94203186035156,48.82350158691406,28.153547286987305,59.956878662109375,35.451515197753906,52.50177764892578
2017-06-15,55.2384033203125,72.463134765625,34.104026794433594,52.10532760620117,184.0743408203125,34.430625915527344,67.80765533447266,19.11695098876953,34.24570083618164,88.75526428222656,122.30770111083984,61.65888595581055,63.34642791748047,47.587032318115234,148.4959716796875,48.208499908447266,28.297157287597656,60.39447021484375,35.790679931640625,52.63311004638672
2017-06-16,56.064361572265625,73.8397445678711,34.9605598449707,53.07266616821289,182.90335083007812,34.26882553100586,67.50215911865234,19.027626037597656,34.29110336303711,88.4902572631836,122.9711685180664,61.8032341003418,63.43705749511719,47.50971603393555,149.32864379882812,49.385501861572266,28.490633010864258,60.52644729614258,35.66609573364258,52.83738327026367
2017-06-19,55.57415771484375,73.23321533203125,34.83283996582031,52.70119094848633,186.46566772460938,35.22417068481445,68.9825668334961,19.417434692382812,34.344093322753906,88.81584930419922,123.90155792236328,62.77981185913086,64.22550964355469,48.332427978515625,151.53927612304688,49.75849914550781,28.400869369506836,60.3527946472168,35.58995819091797,52.57474899291992
2017-06-20,55.2719841003418,72.56535339355469,34.42710494995117,51.65647506713867,185.61631774902344,35.05466842651367,68.55175018310547,19.07634925842285,34.518150329589844,89.3156509399414,124.6540298461914,62.762821197509766,63.35549545288086,48.023658752441406,150.9246368408203,49.62950134277344,28.315109252929688,60.366703033447266,35.790679931640625,52.93954086303711
2017-06-21,54.687767028808594,71.20917510986328,33.773433685302734,50.66590118408203,183.4641571044922,34.6001091003418,68.23847198486328,18.783992767333984,34.22299575805664,88.9142837524414,124.37893676757812,63.178924560546875,63.68172836303711,48.49944305419922,152.57017517089844,50.11149978637695,28.135591506958008,60.13054656982422,35.43769836425781,52.822811126708984
2017-06-22,54.44602584838867,71.1819076538086,33.66823196411133,50.5885009765625,181.22125244140625,34.368995666503906,68.16012573242188,18.621566772460938,34.10947036743164,87.9526138305664,125.24464416503906,63.297821044921875,63.672691345214844,48.40181350708008,152.06463623046875,50.064998626708984,28.241304397583008,59.9290885925293,34.8701286315918,52.37774658203125
2017-06-23,54.80191421508789,71.55674743652344,33.683265686035156,51.021888732910156,179.09378051757812,33.660194396972656,68.0348129272461,18.53223419189453,34.24570083618164,88.56594848632812,125.11520385742188,63.53559112548828,64.53361511230469,48.87115478515625,153.7200927734375,50.1870002746582,28.550472259521484,59.70684051513672,34.496368408203125,52.202640533447266
2017-06-26,54.55345916748047,70.97066497802734,33.23243713378906,50.99092483520508,181.77369689941406,33.89902877807617,68.33245086669922,18.589092254638672,34.381927490234375,88.68711853027344,124.5650405883789,63.46762466430664,63.91736602783203,48.17729949951172,152.2529754638672,49.69900131225586,28.767881393432617,60.22083282470703,34.67631912231445,52.43611526489258
2017-06-27,54.46616744995117,70.92292785644531,33.03710174560547,50.580772399902344,181.6417694091797,34.068519592285156,68.96688842773438,18.897693634033203,34.09434509277344,87.79357147216797,124.37084197998047,62.813777923583984,62.72111129760742,46.98784255981445,149.2692108154297,48.8390007019043,28.37694549560547,59.5262451171875,34.191837310791016,51.59709548950195
2017-06-28,54.748191833496094,71.0660629272461,33.02958297729492,50.49565124511719,184.06607055664062,34.145565032958984,70.35328674316406,19.39306640625,34.29867172241211,88.12674713134766,124.84012603759766,62.96662902832031,63.25581741333008,47.6281623840332,151.90603637695312,49.51649856567383,28.127614974975586,59.019187927246094,34.01879119873047,51.181217193603516
2017-06-29,54.19083023071289,70.95701599121094,33.1197509765625,50.596248626708984,185.04736328125,34.47686004638672,71.3950424194336,19.750391006469727,33.9278450012207,87.21806335449219,123.89350891113281,62.372196197509766,62.06863021850586,46.47886276245117,149.7251739501953,48.79650115966797,27.918197631835938,58.36628723144531,33.423553466796875,50.77992630004883
2017-06-30,54.211002349853516,71.10014343261719,33.02958297729492,50.95224380493164,182.97756958007812,34.33046340942383,71.59085083007812,19.70166778564453,33.942970275878906,87.45283508300781,123.91777801513672,62.63544845581055,62.46739196777344,46.075435638427734,149.6656951904297,48.400001525878906,27.95009994506836,58.060646057128906,33.1397705078125,50.68508529663086
2017-07-03,55.1309700012207,72.44268035888672,34.306880950927734,51.826717376708984,187.4139404296875,35.13942337036133,73.04785919189453,20.042755126953125,33.87485885620117,87.41496276855469,123.38371276855469,62.28728103637695,61.77863311767578,45.56892776489258,147.1378936767578,47.68299865722656,27.84838104248047,57.866172790527344,32.98058319091797,50.34217071533203
2017-07-05,54.29157257080078,71.29776000976562,33.17985916137695,50.874847412109375,188.04063415527344,35.563167572021484,73.78028869628906,20.23765754699707,33.92027282714844,87.30896759033203,123.84496307373047,62.05800247192383,62.60330581665039,46.203304290771484,149.03123474121094,48.56999969482422,27.68881607055664,57.85228729248047,32.82139205932617,50.21084976196289
2017-07-06,53.80135726928711,70.75257873535156,32.541202545166016,50.402774810791016,186.92742919921875,35.540042877197266,73.54405212402344,20.06711196899414,33.6024055480957,87.18021392822266,123.86112213134766,61.692874908447266,62.14113235473633,45.976810455322266,147.52450561523438,48.25699996948242,27.83840560913086,57.79671859741211,32.80754852294922,50.35677719116211
2017-07-07,53.86851501464844,70.52767181396484,32.30828857421875,50.36409378051758,185.76475524902344,35.4783935546875,73.9142074584961,20.164567947387695,33.594844818115234,87.46798706054688,126.43400573730469,62.40616989135742,62.94767761230469,46.627052307128906,150.12168884277344,48.9379997253418,28.019906997680664,57.94258117675781,32.779850006103516,50.45161437988281
2017-07-10,53.82823181152344,70.22100830078125,32.48860168457031,50.573036193847656,186.22653198242188,35.43218231201172,73.3943862915039,20.213293075561523,33.5872802734375,86.52901458740234,125.82716369628906,62.44863510131836,63.41893768310547,47.1320686340332,152.1637725830078,49.82350158691406,28.129610061645508,57.7828254699707,32.72447967529297,50.26192092895508
2017-07-11,54.123687744140625,70.27552795410156,32.57125473022461,50.91355514526367,187.14183044433594,35.03925323486328,73.11087799072266,19.9777774810791,33.54942321777344,86.12767791748047,125.3335952758789,62.813777923583984,63.427978515625,47.25746154785156,153.91835021972656,49.70650100708008,28.073760986328125,57.775882720947266,32.72447967529297,50.22543716430664
2017-07-12,54.365440368652344,70.80027770996094,32.48860168457031,50.751033782958984,187.50465393066406,34.638641357421875,72.85883331298828,19.774755477905273,33.68565368652344,86.9076156616211,126.68475341796875,63.1804084777832,64.47926330566406,47.95774459838867,157.51675415039062,50.32550048828125,28.079748153686523,58.3315544128418,32.88368606567383,50.33486557006836
2017-07-13,54.372161865234375,70.96382904052734,32.496116638183594,51.455257415771484,189.98666381835938,35.07008361816406,73.32353210449219,19.99402618408203,33.62511444091797,86.33968353271484,125.43876647949219,62.6005973815918,65.04110717773438,48.01673126220703,157.87362670898438,50.03150177001953,28.039859771728516,57.90786361694336,32.61373519897461,49.81687545776367
2017-07-14,54.580322265625,71.17510223388672,32.646385192871094,51.73385238647461,188.50245666503906,34.823543548583984,72.65406799316406,19.66105842590332,33.814327239990234,87.02877044677734,125.63300323486328,62.75409698486328,65.95643615722656,48.41618347167969,158.5774383544922,50.09049987792969,28.255279541015625,58.23430252075195,32.710636138916016,49.736610412597656
2017-07-17,54.29827880859375,71.01835632324219,32.45103073120117,51.7183723449707,189.046630859375,34.923702239990234,71.97674560546875,19.50676155090332,33.852149963378906,87.02877044677734,125.61679077148438,62.7285041809082,66.47298431396484,48.369102478027344,158.33953857421875,50.50199890136719,28.11764144897461,58.36628723144531,32.558372497558594,50.01385498046875
2017-07-18,54.123687744140625,70.68443298339844,32.36087417602539,51.21535873413086,184.1403045654297,34.777313232421875,71.7247314453125,19.40930938720703,33.80674743652344,87.08934783935547,124.5650405883789,62.89051055908203,66.42766571044922,48.91377258300781,161.44227600097656,51.22249984741211,28.221364974975586,58.4774169921875,32.61373519897461,49.87522888183594
2017-07-19,54.29157257080078,71.18873596191406,32.804176330566406,52.1904411315918,183.7774658203125,35.91756057739258,71.82711791992188,19.539247512817383,33.9278450012207,87.3392333984375,124.50840759277344,63.22304916381836,66.9351577758789,49.202213287353516,162.7111358642578,51.34349822998047,28.283191680908203,58.58855056762695,32.68988800048828,50.08680725097656
2017-07-20,54.29827880859375,71.3045654296875,32.679443359375,51.86540985107422,183.3074951171875,35.83280563354492,71.82711791992188,19.441801071166992,33.92027282714844,87.46798706054688,124.76727294921875,63.62378692626953,67.26141357421875,49.17346954345703,163.0977325439453,51.435001373291016,28.6182804107666,58.991397857666016,32.75217056274414,50.123287200927734
2017-07-21,53.80135726928711,70.36412811279297,32.240997314453125,51.4862060546875,181.55929565429688,35.894439697265625,71.58296203613281,19.328096389770508,34.07919692993164,88.31605529785156,124.53263092041016,63.72610092163086,66.8717269897461,49.255245208740234,162.9986114501953,51.28350067138672,28.795804977416992,59.17894744873047,33.1397705078125,51.05717849731445
2017-07-24,53.63349533081055,70.33004760742188,32.21075439453125,51.401084899902344,179.9101104736328,35.98689270019531,71.89012145996094,19.417434692382812,33.935401916503906,87.93745422363281,122.85784912109375,63.59817886352539,66.69953918457031,49.476776123046875,164.554931640625,51.9474983215332,28.55246353149414,58.72747802734375,32.703731536865234,50.480804443359375
2017-07-25,53.9020881652832,71.1410140991211,32.996944427490234,51.85767364501953,182.71376037597656,36.68028259277344,73.08723449707031,19.88033103942871,34.238136291503906,88.1797866821289,128.6993865966797,63.777259826660156,67.23424530029297,48.02565002441406,163.8411865234375,51.993499755859375,28.54448699951172,58.213470458984375,32.37841033935547,50.22543716430664
2017-07-26,53.96924591064453,71.6385269165039,33.03474044799805,51.84220504760742,183.26625061035156,36.37211227416992,72.4020767211914,19.66105842590332,34.61654281616211,88.74014282226562,126.62811279296875,63.59817886352539,67.10734558105469,47.84128189086914,164.16835021972656,52.63999938964844,29.019193649291992,58.65800094604492,32.80754852294922,50.67048263549805
2017-07-27,54.27814483642578,72.31319427490234,33.760440826416016,52.45355987548828,182.63128662109375,36.47280502319336,72.10279083251953,19.579853057861328,34.90411376953125,88.85372161865234,126.984130859375,64.4678955078125,66.30078887939453,47.20690155029297,168.95631408691406,52.29999923706055,28.85165023803711,59.074771881103516,33.098243713378906,51.56059646606445
2017-07-28,53.452186584472656,73.6830062866211,34.214012145996094,52.979801177978516,184.38768005371094,36.13975143432617,71.89012145996094,19.514890670776367,34.82086944580078,88.3009262084961,126.09419250488281,63.947776794433594,66.19203186035156,47.4953498840332,170.94882202148438,51.00199890136719,28.945392608642578,58.97753143310547,32.88368606567383,51.385494232177734
2017-07-31,53.74764633178711,74.41219329833984,34.29716491699219,53.0881462097168,185.80599975585938,36.32564163208008,72.29966735839844,19.587968826293945,34.69221115112305,88.3009262084961,125.51970672607422,64.35704803466797,65.88392639160156,46.8594856262207,167.77667236328125,49.388999938964844,29.138874053955078,59.123390197753906,33.17438507080078,51.46575927734375
2017-08-01,53.83493423461914,75.4957504272461,33.82847595214844,53.405433654785156,187.18307495117188,36.56574249267578,73.26837921142578,19.855968475341797,34.58626174926758,87.77845764160156,124.62968444824219,64.3996810913086,65.77515411376953,46.912017822265625,168.38134765625,49.80950164794922,29.234607696533203,59.158119201660156,33.589656829833984,51.52411651611328
2017-08-02,54.123687744140625,75.27770233154297,34.47859191894531,53.49829864501953,186.58111572265625,36.658695220947266,73.33141326904297,19.969663619995117,34.50300979614258,87.5436782836914,126.69290924072266,65.32906341552734,65.48515319824219,46.965545654296875,167.8262176513672,49.794498443603516,29.26852798461914,59.55403137207031,34.45484161376953,51.75030517578125
2017-08-03,54.04983139038086,74.57576751708984,33.94942855834961,52.79405975341797,184.70101928710938,36.60447692871094,72.8509521484375,19.790998458862305,34.56354904174805,88.06617736816406,125.17989349365234,63.82842254638672,65.38546752929688,46.60177230834961,167.12242126464844,49.34600067138672,29.428091049194336,60.0888557434082,34.16414260864258,51.947288513183594
2017-08-04,53.86179733276367,75.0391616821289,34.4407958984375,52.267826080322266,189.4836883544922,37.23958969116211,73.76456451416016,20.27825927734375,34.434898376464844,88.11918640136719,124.45172882080078,63.973350524902344,65.8658218383789,46.87385940551758,168.1434326171875,49.37900161743164,29.270523071289062,60.068023681640625,33.76962661743164,51.71382141113281
2017-08-07,53.82823181152344,74.81427764892578,34.1459846496582,51.50169372558594,192.0646514892578,37.41773223876953,74.0480728149414,20.2701416015625,34.540863037109375,88.56594848632812,125.38217163085938,63.93925476074219,65.61204528808594,46.87187957763672,170.48287963867188,49.61349868774414,29.33833122253418,59.91522216796875,33.91497039794922,52.08591842651367
2017-08-08,53.693939208984375,75.20272827148438,34.493709564208984,50.681373596191406,191.34725952148438,37.12340545654297,73.78028869628906,20.221416473388672,34.510581970214844,88.37663269042969,125.34172821044922,63.26568603515625,65.96549224853516,46.79456329345703,169.73941040039062,49.492000579833984,29.39019012451172,60.151371002197266,33.99802017211914,52.490535736083984
2017-08-09,53.86179733276367,75.57072448730469,34.50883102416992,50.681373596191406,190.48965454101562,36.90654754638672,73.66217803955078,20.09147834777832,34.50300979614258,88.31605529785156,125.34172821044922,64.00749206542969,65.67549896240234,46.59086990356445,169.6898651123047,49.10049819946289,29.368249893188477,59.87351608276367,33.811153411865234,52.203617095947266
2017-08-10,53.543128967285156,75.0391616821289,33.99479675292969,49.837860107421875,185.9461669921875,35.860931396484375,72.60682678222656,19.587968826293945,34.61654281616211,88.12674713134766,126.71713256835938,64.25470733642578,64.71487426757812,45.77360916137695,165.9427490234375,47.84600067138672,29.4639892578125,60.005516052246094,33.78346633911133,52.497894287109375
2017-08-11,53.02785110473633,74.43946838378906,33.85871887207031,49.39673614501953,184.8329620361328,35.357479095458984,72.00038146972656,19.3768253326416,34.50300979614258,88.2251968383789,127.26728820800781,64.4252700805664,65.70263671875,46.09576416015625,166.6168212890625,48.39950180053711,29.356285095214844,59.5262451171875,33.513526916503906,51.90935134887695
2017-08-14,53.041419982910156,74.0850830078125,33.66971969604492,49.4896125793457,187.4799346923828,36.0235710144043,72.84310150146484,19.831605911254883,34.66194534301758,89.23233032226562,127.23494720458984,65.03916931152344,66.69046020507812,46.53387451171875,169.26361083984375,49.165000915527344,29.53180694580078,59.817962646484375,33.665794372558594,52.26984405517578
2017-08-15,52.91259002685547,73.98966217041016,33.639495849609375,49.09492874145508,187.66957092285156,35.961605072021484,73.0321044921875,19.87221336364746,34.95709991455078,90.08802032470703,127.52620697021484,65.1329345703125,66.70870208740234,46.49174499511719,169.5114288330078,49.137001037597656,29.729272842407227,60.3527946472168,33.88728713989258,52.6155891418457
2017-08-16,52.52611541748047,73.54225158691406,33.02718734741211,49.30387496948242,186.03692626953125,35.63630676269531,72.528076171875,19.644817352294922,34.96467208862305,90.18643951416016,128.5618438720703,65.15853118896484,67.10047149658203,46.798519134521484,168.5201416015625,48.909000396728516,29.91475486755371,60.570350646972656,33.908050537109375,52.98343276977539
2017-08-17,51.70572280883789,72.90897369384766,32.505592346191406,48.77762222290039,182.5818328857422,34.923744201660156,71.39396667480469,19.198163986206055,34.70734405517578,89.6488037109375,127.74463653564453,64.408203125,65.96161651611328,45.97532653808594,165.45701599121094,48.028499603271484,29.641508102416992,60.26158142089844,33.56483840942383,52.96871566772461
2017-08-18,51.96335220336914,73.29446411132812,32.5887336730957,49.00205612182617,183.1837615966797,35.15609359741211,71.4648208618164,19.18191909790039,34.56354904174805,89.05059814453125,127.63945770263672,64.29735565185547,66.04358673095703,45.9019775390625,165.9527130126953,47.923500061035156,29.90479278564453,60.61946105957031,33.830997467041016,53.08644104003906
2017-08-21,51.78706359863281,72.8125991821289,32.12760543823242,48.75441360473633,182.06234741210938,34.606178283691406,71.37818908691406,18.987010955810547,34.57112503051758,89.55037689208984,128.12498474121094,64.67252349853516,65.7338638305664,45.63880920410156,166.31947326660156,47.66450119018555,30.00851821899414,60.75984191894531,33.82399368286133,53.461612701416016
2017-08-22,52.031150817871094,73.2118148803711,32.64921569824219,49.025272369384766,184.36293029785156,35.29550552368164,72.11064147949219,19.352462768554688,34.510581970214844,89.29287719726562,129.1605224609375,65.26934814453125,66.65402221679688,46.60672378540039,168.16326904296875,48.345001220703125,30.086307525634766,60.73878479003906,33.58585739135742,53.56462478637695
2017-08-23,51.94301223754883,73.38394165039062,33.02718734741211,48.901458740234375,183.67022705078125,35.47365188598633,72.19728088378906,19.295623779296875,34.46517562866211,88.81584930419922,128.489013671875,65.15001678466797,66.25316619873047,46.71477508544922,167.24136352539062,47.900001525878906,30.04273223876953,60.9703369140625,33.64889144897461,53.932464599609375
2017-08-24,51.75318145751953,73.95526885986328,32.73236846923828,48.661556243896484,183.87643432617188,35.62855529785156,72.07913208007812,19.360584259033203,34.36678695678711,88.00557708740234,128.16542053222656,65.0220947265625,66.22582244873047,46.432777404785156,166.27980041503906,47.622501373291016,29.976486206054688,60.893157958984375,33.63488006591797,53.991310119628906
2017-08-25,52.01759719848633,74.49903106689453,32.94401931762695,49.4354362487793,183.44766235351562,35.582088470458984,72.37055206298828,19.30373764038086,34.48786926269531,87.72545623779297,128.4971160888672,64.65547180175781,66.34426879882812,46.116085052490234,164.87217712402344,47.26300048828125,30.13507652282715,61.21599197387695,33.8380126953125,54.12371826171875
2017-08-28,51.84809494018555,74.17552185058594,32.54337692260742,49.10265350341797,181.69955444335938,35.225791931152344,72.14215850830078,19.263141632080078,34.374359130859375,87.49067687988281,129.18479919433594,64.9794692993164,66.3533935546875,45.99862289428711,165.78414916992188,47.30099868774414,30.291688919067383,61.34931564331055,33.86601638793945,54.51364517211914
2017-08-29,51.83453369140625,74.24434661865234,32.392189025878906,49.14136505126953,181.9973907470703,35.12510681152344,71.74835205078125,19.149433135986328,34.397071838378906,87.7178726196289,128.95022583007812,64.87715148925781,66.55381774902344,46.376277923583984,166.5870819091797,47.702999114990234,30.25956916809082,61.405487060546875,33.746944427490234,54.39592742919922
2017-08-30,51.597225189208984,74.15487670898438,32.81550216674805,49.056217193603516,184.0327606201172,35.36521911621094,71.91374206542969,19.484106063842773,34.351654052734375,87.8055419921875,129.83729553222656,64.81747436523438,67.4284439086914,46.766807556152344,168.44082641601562,48.37950134277344,30.239479064941406,61.251068115234375,33.7679557800293,54.25617980957031
2017-08-31,51.75318145751953,74.07915496826172,33.00449752807617,49.149085998535156,185.12496948242188,35.24128341674805,71.58296203613281,19.500423431396484,34.472755432128906,88.24781036376953,130.1953887939453,65.49955749511719,68.12084197998047,47.34220504760742,170.4729766845703,49.029998779296875,30.217395782470703,61.26510238647461,33.80298614501953,54.167877197265625
2017-09-01,51.91590881347656,74.86386108398438,33.44293975830078,49.41429901123047,186.89566040039062,35.77573013305664,72.22091674804688,19.66368293762207,34.64680480957031,88.33170318603516,130.06520080566406,65.33755493164062,67.36468505859375,47.18113708496094,170.52255249023438,48.912498474121094,30.147127151489258,61.117740631103516,33.80298614501953,54.10166549682617
2017-09-05,52.32948684692383,75.3319320678711,33.556331634521484,50.77934265136719,180.19358825683594,34.768829345703125,70.49614715576172,19.027000427246094,34.752769470214844,88.35458374023438,129.48736572265625,65.07328796386719,67.06401062011719,46.660255432128906,169.23388671875,48.26350021362305,30.167207717895508,61.34229278564453,34.43337631225586,54.50627899169922
2017-09-06,53.414310455322266,76.94952392578125,34.06282043457031,51.2629508972168,181.0624237060547,34.90825271606445,70.96867370605469,19.108625411987305,34.78303527832031,88.72061157226562,128.7711944580078,64.9794692993164,66.87271118164062,46.68702697753906,170.5919647216797,48.38999938964844,29.7636661529541,61.04757308959961,34.51742935180664,53.92510986328125
2017-09-07,53.583797454833984,76.95641326904297,34.100616455078125,51.37995147705078,178.58840942382812,34.13371276855469,69.72428131103516,18.749465942382812,35.025211334228516,89.20861053466797,130.13841247558594,65.201171875,67.72908020019531,47.077056884765625,171.7021942138672,48.9734992980957,30.012619018554688,61.293174743652344,34.98672103881836,54.31501388549805
2017-09-08,53.441444396972656,76.2542953491211,33.6168098449707,50.592140197753906,179.72201538085938,34.08723831176758,69.63764953613281,18.684175491333008,35.04035186767578,87.72166442871094,129.98385620117188,65.20968627929688,67.40107727050781,46.65678405761719,169.46185302734375,48.29499816894531,29.765666961669922,61.60197448730469,35.16183090209961,54.579856872558594
2017-09-11,53.73298263549805,77.4520263671875,33.96456527709961,51.30194854736328,182.90753173828125,34.97795104980469,70.7166519165039,19.067811965942383,35.206851959228516,88.21732330322266,131.4650421142578,66.33515930175781,68.11175537109375,46.749961853027344,171.99957275390625,48.89799880981445,30.39607810974121,61.994930267333984,35.44900131225586,54.844688415527344
2017-09-12,53.902488708496094,77.43136596679688,33.96456527709961,51.81678009033203,186.95350646972656,35.43492889404297,71.58296203613281,19.549406051635742,35.358219146728516,87.69117736816406,127.23294067382812,65.79798889160156,68.03887176513672,46.916481018066406,171.45436096191406,49.12900161743164,29.940340042114258,61.251068115234375,34.71355056762695,53.78532409667969
2017-09-13,54.08555221557617,78.59464263916016,34.4407958984375,52.1989860534668,187.45826721191406,35.798973083496094,71.78775024414062,19.85958480834961,35.47173309326172,87.27176666259766,127.77819061279297,65.76390075683594,68.52172088623047,47.104312896728516,171.54356384277344,49.97999954223633,29.749608993530273,60.893157958984375,34.615482330322266,53.402774810791016
2017-09-14,54.30251693725586,78.78050231933594,34.6448974609375,52.807395935058594,187.6981964111328,35.95387268066406,71.64598083496094,19.786123275756836,35.17422866821289,87.07352447509766,127.77819061279297,65.78947448730469,68.12084197998047,46.593345642089844,169.4718017578125,49.61050033569336,30.02466583251953,61.405487060546875,35.301910400390625,53.630828857421875
2017-09-15,54.28897476196289,78.9044189453125,35.158939361572266,52.44858169555664,186.34951782226562,36.09328079223633,72.15789794921875,19.900402069091797,35.227622985839844,87.5767822265625,127.71310424804688,64.16094207763672,68.61283111572266,46.35347366333008,170.14585876464844,49.339500427246094,30.13308334350586,61.26510238647461,35.47001647949219,53.72647476196289
2017-09-18,54.30251693725586,79.28988647460938,35.597381591796875,52.939998626708984,188.26084899902344,36.65094757080078,73.18175506591797,20.16160011291504,35.17422866821289,87.68354034423828,127.51776885986328,64.55317687988281,68.47618103027344,46.07890701293945,168.530029296875,48.70949935913086,29.773706436157227,60.3949089050293,35.07077407836914,53.16736602783203
2017-09-19,54.39066696166992,80.08145141601562,35.94512939453125,52.95560073852539,189.40269470214844,36.922035217285156,73.98509979248047,20.29220199584961,35.07505416870117,87.30230712890625,128.1282196044922,64.59578704833984,68.73129272460938,46.431278228759766,171.0182342529297,48.49300003051758,29.69741439819336,60.3387565612793,34.9306755065918,52.95401382446289
2017-09-20,54.61441421508789,80.10212707519531,36.53477096557617,52.744998931884766,190.13082885742188,37.09243392944336,74.5048828125,20.45545196533203,34.922489166259766,86.6083984375,130.12220764160156,65.11589813232422,68.27572631835938,46.960594177246094,170.6712188720703,48.660499572753906,29.460514068603516,59.79137420654297,34.636505126953125,52.733299255371094
2017-09-21,54.166908264160156,80.17095947265625,36.8068962097168,53.11159133911133,191.3719024658203,37.37900924682617,74.84353637695312,20.537080764770508,34.63261795043945,86.01360321044922,129.43038940429688,65.20968627929688,67.61064910888672,46.96108627319336,169.62045288085938,48.23249816894531,29.468534469604492,59.763309478759766,34.51042556762695,52.56410598754883
2017-09-22,54.1872673034668,80.73540496826172,37.10171890258789,53.66542053222656,191.1567840576172,37.348026275634766,74.68602752685547,20.42279624938965,34.701271057128906,85.28917694091797,129.3327178955078,64.77484893798828,67.7928695678711,46.74846267700195,169.055419921875,47.755001068115234,29.384214401245117,59.12470626831055,34.195228576660156,51.916709899902344
2017-09-25,54.90596008300781,81.21723937988281,37.78205490112305,54.32844161987305,190.51971435546875,36.97625732421875,74.1268539428711,20.210575103759766,34.85383224487305,85.35782623291016,127.17594909667969,63.05251693725586,66.74516296386719,46.30342102050781,161.45220947265625,46.989498138427734,29.476573944091797,59.74928283691406,34.34231948852539,52.2624626159668
2017-09-26,54.844940185546875,80.8936996459961,37.54771423339844,53.68101119995117,190.25494384765625,36.75938034057617,73.79605865478516,20.251380920410156,34.762298583984375,85.25867462158203,124.80755615234375,62.58356475830078,66.74516296386719,46.45953369140625,162.7805633544922,46.93000030517578,29.65323829650879,59.524715423583984,34.17422103881836,52.372825622558594
2017-09-27,55.21106719970703,80.84554290771484,37.96349334716797,53.883819580078125,194.24305725097656,37.231842041015625,74.9616928100586,20.741138458251953,34.0528678894043,84.7173080444336,125.37730407714844,62.32777404785156,67.28268432617188,47.57316207885742,166.22032165527344,47.54349899291992,29.36213493347168,58.907142639160156,33.98509979248047,51.72542953491211
2017-09-28,55.72636032104492,80.96253204345703,37.79718780517578,53.946231842041016,194.83050537109375,37.29380798339844,75.11920166015625,20.773792266845703,34.258819580078125,85.1290512084961,128.17701721191406,62.668853759765625,67.30091857910156,47.816505432128906,167.26119995117188,47.81999969482422,29.510705947875977,59.13172149658203,34.27927780151367,51.86520767211914
2017-09-29,55.58396911621094,80.87993621826172,37.834983825683594,54.414241790771484,196.253662109375,37.309288024902344,75.2215805053711,20.684003829956055,34.33510971069336,84.96891784667969,127.51776885986328,62.762630462646484,67.8657455444336,48.258087158203125,169.38255310058594,48.067501068115234,29.422365188598633,58.89310073852539,34.419368743896484,51.67393493652344
2017-10-02,55.34667205810547,80.83175659179688,38.03153610229492,54.07102966308594,199.11656188964844,37.89019775390625,76.2690658569336,20.91255760192871,34.1749153137207,83.20751190185547,127.74565124511719,62.881988525390625,67.97508239746094,47.94832992553711,167.9947509765625,47.95949935913086,29.460514068603516,59.201881408691406,34.419368743896484,51.8137092590332
2017-10-03,55.434810638427734,81.1002197265625,37.22266387939453,53.86821365356445,199.91909790039062,38.169029235839844,76.67072296142578,21.108461380004883,34.47241973876953,83.21510314941406,127.66425323486328,63.026939392089844,67.65620422363281,48.17680740356445,168.48049926757812,47.85499954223633,29.49062728881836,58.84398651123047,34.17422103881836,51.71072006225586
2017-10-04,55.45515823364258,80.93501281738281,37.27558517456055,53.68101119995117,198.83514404296875,37.95991134643555,75.89103698730469,20.986021041870117,34.70889663696289,83.375244140625,127.94913482666016,63.1804084777832,68.0479736328125,47.91413116455078,166.95388793945312,48.272499084472656,29.827905654907227,59.27907180786133,34.39133834838867,52.6155891418457
2017-10-05,55.61110305786133,81.62336730957031,37.570396423339844,53.720008850097656,203.59280395507812,38.440120697021484,76.91293334960938,21.328853607177734,34.724159240722656,84.2216567993164,129.24319458007812,63.58967208862305,69.21414184570312,48.82654571533203,169.74932861328125,49.04249954223633,29.66529083251953,59.152748107910156,34.573455810546875,52.593528747558594
2017-10-06,55.400901794433594,80.55642700195312,36.93540573120117,53.30659484863281,203.55966186523438,38.54081344604492,76.77825164794922,21.39415168762207,34.701271057128906,84.18353271484375,129.89430236816406,64.74073791503906,69.24148559570312,49.245330810546875,170.73069763183594,49.479000091552734,29.607072830200195,59.398380279541016,34.734561920166016,52.62295913696289
2017-10-09,55.617881774902344,81.02449798583984,36.973209381103516,53.298805236816406,200.8953857421875,38.24648666381836,76.3742446899414,21.100299835205078,34.6402473449707,83.8861312866211,130.3174591064453,64.8004150390625,69.50568389892578,49.17941665649414,170.9983673095703,49.54949951171875,29.693391799926758,59.524715423583984,34.77658462524414,52.777435302734375
2017-10-10,55.773807525634766,81.77479553222656,37.18486785888672,53.298805236816406,200.72994995117188,38.33168411254883,76.94464874267578,21.165592193603516,34.991146087646484,84.47328186035156,130.69190979003906,64.95388793945312,69.50568389892578,48.95589065551758,170.09628295898438,49.36000061035156,29.92026710510254,60.205440521240234,35.18984603881836,53.255645751953125
2017-10-11,56.00434875488281,82.13961029052734,37.49480056762695,52.838600158691406,200.564453125,38.091583251953125,76.7148666381836,21.083967208862305,35.1666145324707,85.02993774414062,132.78353881835938,65.34611511230469,69.62411499023438,49.84055709838867,171.23626708984375,49.75,30.088905334472656,60.626502990722656,35.357940673828125,53.527854919433594
2017-10-12,55.88909912109375,82.00883483886719,37.65354919433594,52.487586975097656,198.41319274902344,37.63460922241211,76.0415267944336,20.773792266845703,35.17422866821289,85.7467041015625,133.40208435058594,65.15001678466797,70.26184844970703,49.84055709838867,171.0479278564453,50.04650115966797,30.25554847717285,61.03351974487305,35.540061950683594,53.95452880859375
2017-10-13,55.875526428222656,82.0226058959961,37.54335021972656,52.39398193359375,197.3623809814453,37.40999221801758,75.93854522705078,21.083967208862305,35.227622985839844,85.8763427734375,134.59033203125,64.970947265625,70.59898376464844,49.95058059692383,172.2275848388672,50.14699935913086,30.225431442260742,60.90720748901367,35.680145263671875,53.82210159301758
2017-10-16,56.146724700927734,82.6902847290039,37.78654479980469,52.10537338256836,200.5727996826172,37.90568923950195,77.50707244873047,21.418638229370117,35.56327819824219,86.60075378417969,134.29736328125,64.9794692993164,70.7447509765625,50.023921966552734,173.00079345703125,50.31700134277344,30.420183181762695,61.145809173583984,35.82023620605469,53.792667388916016
2017-10-17,56.24842834472656,82.75223541259766,37.78654479980469,51.871376037597656,195.34349060058594,38.04510498046875,77.33279418945312,21.385986328125,35.48699188232422,85.54846954345703,134.61476135253906,64.96241760253906,70.69007873535156,50.10569763183594,174.57693481445312,50.45650100708008,30.651052474975586,61.412471771240234,35.82023620605469,53.85154342651367
2017-10-18,56.112823486328125,81.32736206054688,37.778961181640625,51.41116714477539,200.25830078125,38.84288787841797,77.62589263916016,21.61453628540039,35.395450592041016,85.36542510986328,134.91590881347656,64.81747436523438,70.70830535888672,50.19193649291992,174.4976348876953,49.849998474121094,30.624950408935547,61.082637786865234,35.91130828857422,53.71174621582031
2017-10-19,56.09926986694336,81.36178588867188,37.778961181640625,50.31132888793945,198.57037353515625,38.56404113769531,77.720947265625,21.6961669921875,35.54039001464844,85.91447448730469,135.5100555419922,64.64692687988281,70.98162078857422,49.651729583740234,173.04042053222656,49.330501556396484,30.891979217529297,61.65107345581055,36.42261505126953,54.31501388549805
2017-10-20,56.35013961791992,81.66464233398438,38.18934631347656,49.25830078125,202.4923553466797,39.25339126586914,78.83002471923828,22.177757263183594,35.38017654418945,85.10619354248047,135.34722900390625,64.94538116455078,71.80159759521484,49.811805725097656,173.45677185058594,49.14550018310547,30.9502010345459,61.70724105834961,36.56969451904297,54.42537307739258
2017-10-23,56.43828201293945,81.86428833007812,38.196937561035156,48.291072845458984,200.34104919433594,39.19916534423828,78.69535064697266,22.169597625732422,35.33441925048828,85.16719818115234,132.9381866455078,64.41673278808594,71.81980895996094,48.843894958496094,169.77906799316406,48.314998626708984,30.99435806274414,61.43351745605469,36.562705993652344,54.3812255859375
2017-10-24,56.594215393066406,82.07077026367188,38.751731872558594,48.70448684692383,202.58334350585938,39.55545425415039,79.94699096679688,22.594051361083984,35.227622985839844,84.4504165649414,133.37770080566406,64.23767852783203,71.84712982177734,48.99009704589844,170.30445861816406,48.79499816894531,30.962234497070312,61.749351501464844,36.68177032470703,54.41801834106445
2017-10-25,56.390811920166016,81.52696228027344,37.96894454956055,49.4845085144043,199.99356079101562,39.13719940185547,80.02621459960938,22.553234100341797,35.12846374511719,83.93189239501953,133.13351440429688,63.66643524169922,71.63758850097656,49.137290954589844,169.1149139404297,48.64550018310547,30.88995933532715,61.58090591430664,36.56969451904297,54.13108444213867
2017-10-26,56.594215393066406,81.52696228027344,39.10893249511719,49.429908752441406,200.0018310546875,39.323097229003906,80.59660339355469,22.643020629882812,35.2657585144043,84.4351806640625,133.48345947265625,64.68959045410156,71.75603485107422,49.13530731201172,169.14463806152344,48.621498107910156,30.795591354370117,61.30722427368164,36.464637756347656,54.263511657714844
2017-10-27,56.756954193115234,78.15412139892578,38.91891860961914,49.57029724121094,199.99356079101562,39.625152587890625,80.62032318115234,22.69199562072754,35.14371871948242,84.33605194091797,134.60665893554688,64.15242004394531,76.35696411132812,51.2292366027832,176.33155822753906,55.04750061035156,31.287487030029297,61.72126007080078,36.48564529418945,54.45478439331055
2017-10-30,56.64168930053711,78.73921203613281,39.05572509765625,50.00712585449219,199.31504821777344,39.27490997314453,80.33515930175781,22.528749465942383,34.98352813720703,83.61164093017578,135.29025268554688,63.913692474365234,76.42984771728516,51.202476501464844,178.30419921875,55.54249954223633,31.191118240356445,61.83353805541992,36.48564529418945,54.56514358520508
2017-10-31,56.512847900390625,79.771728515625,38.87333679199219,49.921321868896484,200.6306915283203,38.9168701171875,79.701416015625,22.357332229614258,35.07505416870117,84.05390167236328,135.8437042236328,63.47883605957031,75.782958984375,51.19801330566406,178.49258422851562,55.263999938964844,31.132896423339844,61.973907470703125,36.562705993652344,54.74171829223633
2017-11-01,56.86544418334961,79.77861022949219,39.59531784057617,50.139732360839844,202.1034698486328,38.62888717651367,79.94699096679688,22.471607208251953,34.937744140625,83.9776382446289,135.40426635742188,63.35947036743164,75.782958984375,51.67182159423828,181.06991577148438,55.183998107910156,30.793598175048828,61.65812683105469,36.4786491394043,54.447425842285156
2017-11-02,56.634910583496094,79.3862533569336,39.884117126464844,49.3363151550293,204.2713165283203,39.24376678466797,80.47773742675781,22.749134063720703,34.99877166748047,83.91665649414062,136.81222534179688,67.48623657226562,76.57561492919922,51.69015121459961,177.36248779296875,54.71099853515625,30.08690071105957,62.14934158325195,37.298160552978516,54.23409652709961
2017-11-03,56.39760208129883,79.15223693847656,40.2489013671875,49.59371566772461,202.21932983398438,38.93243408203125,80.33515930175781,22.70832633972168,35.067420959472656,84.0462646484375,137.25979614257812,67.28160095214844,76.65760040283203,52.03806686401367,177.36248779296875,55.58000183105469,30.64704132080078,62.12126541137695,36.73080062866211,54.49893569946289
2017-11-06,56.784080505371094,80.56330108642578,40.78849411010742,52.32379150390625,201.46636962890625,39.02583694458008,79.8360824584961,22.651187896728516,34.6860237121582,83.3142318725586,138.41555786132812,68.1001205444336,76.95824432373047,51.67578125,178.60159301757812,56.03300094604492,30.48844337463379,61.665138244628906,36.17745590209961,54.2414436340332
2017-11-07,56.66878890991211,80.70096588134766,40.64409637451172,51.81678009033203,198.4214630126953,38.44208526611328,78.22795104980469,22.18592071533203,35.04453659057617,84.23688507080078,138.98529052734375,69.0721435546875,76.77604675292969,52.15700912475586,178.680908203125,56.15850067138672,31.21721839904785,62.71076583862305,36.22649383544922,55.315528869628906
2017-11-08,56.594215393066406,80.30863189697266,40.674503326416016,52.30817794799805,199.6129608154297,38.16966247558594,77.34862518310547,21.867582321166992,35.227622985839844,85.40357208251953,138.43997192382812,69.17445373535156,77.04024505615234,52.44942092895508,177.9969024658203,56.64400100708008,31.102773666381836,62.619529724121094,36.26150894165039,55.55831527709961
2017-11-09,56.93324279785156,80.70096588134766,40.682098388671875,52.175575256347656,199.23233032226562,37.99842834472656,77.34070587158203,21.622697830200195,35.2657585144043,85.00706481933594,135.9169464111328,67.81021118164062,76.61206817626953,51.925567626953125,177.7391815185547,56.45650100708008,31.169034957885742,62.900245666503906,36.42960739135742,55.99594497680664
2017-11-10,56.75531768798828,80.65966033935547,40.27171325683594,51.27854919433594,198.70281982421875,37.95173263549805,77.24565124511719,21.639034271240234,35.50224304199219,85.97544860839844,134.76939392089844,67.86138916015625,76.41162872314453,51.74863815307617,176.906494140625,56.26750183105469,31.150964736938477,62.380924224853516,35.97432327270508,55.46928405761719
2017-11-13,56.721099853515625,80.69407653808594,39.952510833740234,50.7325439453125,198.80206298828125,37.85055160522461,77.52291107177734,21.549238204956055,35.639564514160156,86.95915985107422,136.21804809570312,67.9892807006836,76.46627044677734,51.60243606567383,177.21377563476562,56.458499908447266,31.476207733154297,63.07567596435547,36.29652786254883,56.47067642211914
2017-11-14,56.27631759643555,80.48072052001953,38.93412780761719,48.969688415527344,196.29502868652344,37.65596389770508,77.05551147460938,21.418638229370117,36.18117904663086,88.27068328857422,136.82032775878906,67.98072052001953,76.57561492919922,51.62423324584961,176.51988220214844,56.84199905395508,31.801443099975586,63.924835205078125,36.639747619628906,57.405311584472656
2017-11-15,55.57147979736328,80.15719604492188,38.37174606323242,48.01026916503906,196.60116577148438,37.43803024291992,77.78435516357422,21.867582321166992,35.70822525024414,87.76742553710938,136.1774139404297,67.4415512084961,75.98043823242188,51.36503219604492,176.40090942382812,56.33449935913086,31.592655181884766,63.56693649291992,36.366573333740234,56.8119010925293
2017-11-16,55.12670135498047,79.60137176513672,38.16654586791992,47.82307052612305,198.05738830566406,37.827205657958984,78.00614929199219,21.843090057373047,35.5098762512207,87.86654663085938,136.80406188964844,67.2190170288086,76.18186950683594,51.962738037109375,178.0266571044922,56.864498138427734,31.578598022460938,63.22673416137695,36.38058090209961,56.9379997253418
2017-11-17,54.90771484375,79.69864654541016,38.0981559753418,48.3300666809082,196.9404296875,37.905025482177734,77.74474334716797,21.72881507873535,34.86909484863281,87.4471664428711,135.68905639648438,67.27035522460938,75.44934844970703,51.33926010131836,177.44178771972656,56.49399948120117,31.327640533447266,62.73771667480469,36.10432815551758,56.6561164855957
2017-11-20,55.119873046875,79.70557403564453,38.06014633178711,48.14287185668945,197.0314483642578,38.224151611328125,78.43392181396484,21.826765060424805,34.67838668823242,87.62255096435547,135.8599853515625,67.4329833984375,75.56838989257812,51.27830123901367,177.18405151367188,56.31549835205078,31.303537368774414,62.8369255065918,36.253082275390625,56.70063781738281
2017-11-21,55.33882522583008,80.01823425292969,38.006954193115234,48.26767349243164,196.9404296875,38.43430709838867,78.37055206298828,21.818607330322266,34.922489166259766,88.49185180664062,136.97499084472656,68.06629943847656,76.65802001953125,52.05343246459961,180.27687072753906,56.9744987487793,31.361778259277344,62.94324493408203,36.338077545166016,56.945396423339844
2017-11-22,55.4962043762207,80.53235626220703,38.16654586791992,48.47048568725586,195.62481689453125,38.208580017089844,78.14080047607422,21.76146697998047,34.96826171875,87.7521743774414,137.58543395996094,67.80953979492188,76.09945678710938,52.13372802734375,179.29550170898438,57.80799865722656,31.352277755737305,62.815677642822266,36.380577087402344,56.8119010925293
2017-11-24,55.7151985168457,80.94923400878906,38.356536865234375,48.306678771972656,195.22769165039062,38.18523406982422,77.88731384277344,21.704326629638672,34.99877166748047,88.37744903564453,137.6342010498047,67.76676177978516,76.23682403564453,52.3616943359375,181.1888885498047,59.29999923706055,31.52401351928711,62.92197799682617,36.40183639526367,56.72288513183594
2017-11-27,55.50305938720703,80.3100357055664,37.3609504699707,47.8620719909668,194.53260803222656,38.13853454589844,77.57838439941406,21.704326629638672,35.01403045654297,88.33934020996094,137.5121612548828,68.10909271240234,76.79537963867188,53.129390716552734,181.4366912841797,59.791500091552734,31.71997833251953,62.992862701416016,36.52226257324219,56.92317581176758
2017-11-28,55.88628005981445,80.90756225585938,38.0981559753418,48.587486267089844,198.0905303955078,39.22820281982422,80.2955551147461,22.561397552490234,34.960636138916016,89.04083251953125,139.4491729736328,69.35008239746094,77.72017669677734,52.69722366333008,180.83201599121094,59.68000030517578,31.87958526611328,63.063724517822266,36.4726676940918,57.130863189697266
2017-11-29,56.29684829711914,81.41473388671875,38.55414581298828,48.47827911376953,200.33152770996094,39.94427490234375,82.17303466796875,23.083805084228516,34.70889663696289,89.09424591064453,138.70852661132812,70.01765441894531,76.3100357055664,51.41310501098633,173.60548400878906,58.063499450683594,31.87555694580078,63.0778923034668,36.1893310546875,57.21986389160156
2017-11-30,56.99481201171875,82.67230224609375,38.66814422607422,49.0242919921875,205.54403686523438,40.16999816894531,82.79885864257812,23.09200096130371,35.201114654541016,89.46661376953125,140.79627990722656,71.43838500976562,77.07005310058594,51.35313415527344,175.6376190185547,58.837501525878906,31.93010139465332,63.20549011230469,36.26724624633789,57.58333969116211
2017-12-01,57.11116027832031,83.03359985351562,39.321720123291016,50.490745544433594,206.63128662109375,40.43463897705078,83.01274108886719,23.034616470336914,35.35493087768555,89.66625213623047,141.53309631347656,71.37849426269531,77.1524658203125,50.80302047729492,173.57574462890625,58.11750030517578,31.814937591552734,62.886558532714844,36.203495025634766,57.29405212402344
2017-12-04,57.186424255371094,83.95765686035156,38.979736328125,50.38933563232422,208.0423583984375,41.002811431884766,84.72381591796875,23.821565628051758,35.55488586425781,90.18839263916016,139.71556091308594,71.30146026611328,74.24071502685547,50.14881134033203,169.97732543945312,56.6974983215332,31.51188087463379,62.808597564697266,35.650997161865234,57.405311584472656
2017-12-05,56.721099853515625,83.6449966430664,38.93412780761719,49.878353118896484,206.11668395996094,40.481327056884766,83.74945068359375,23.715002059936523,35.577964782714844,90.2882080078125,141.6313934326172,71.1217041015625,74.70768737792969,50.531917572021484,171.32550048828125,57.07849884033203,31.44521713256836,62.34083938598633,35.6722412109375,56.57451629638672
2017-12-06,56.303688049316406,83.10306549072266,38.288143157958984,48.793540954589844,204.1413116455078,40.232269287109375,83.12364196777344,23.47727394104004,35.724090576171875,91.29402923583984,142.03257751464844,71.24151611328125,75.79728698730469,51.18215560913086,174.52737426757812,57.61750030517578,31.877565383911133,62.58888244628906,36.047664642333984,56.91573715209961
2017-12-07,56.488441467285156,83.1169662475586,38.40974044799805,48.793540954589844,206.3076934814453,40.74596405029297,82.87808227539062,23.592044830322266,35.208797454833984,89.62786865234375,141.56591796875,71.07892608642578,75.5317611694336,51.76944351196289,178.57188415527344,57.989498138427734,31.958389282226562,62.29829406738281,36.359336853027344,56.82672119140625
2017-12-08,56.5637321472168,83.31845092773438,39.192527770996094,49.949119567871094,207.7933349609375,41.16626739501953,83.91580963134766,23.813377380371094,34.84733581542969,89.5050277709961,141.7623748779297,71.31000518798828,77.0609130859375,52.00783920288086,177.44178771972656,58.099998474121094,32.130126953125,62.40460205078125,36.16808319091797,57.06409454345703
2017-12-11,56.81690216064453,83.66584777832031,39.283721923828125,50.75093460083008,207.61074829101562,41.072872161865234,83.67024993896484,23.723201751708984,34.86272048950195,90.1346206665039,141.84425354003906,70.56541442871094,78.04064178466797,52.136192321777344,177.4814453125,58.44599914550781,32.1745719909668,62.631412506103516,36.60726547241211,57.17536926269531
2017-12-12,56.63212585449219,83.1517105102539,39.488922119140625,50.45222091674805,213.87733459472656,41.913475036621094,84.64462280273438,24.034698486328125,34.831966400146484,90.1423110961914,141.00917053222656,70.17173767089844,78.36112976074219,51.977596282958984,175.41957092285156,58.25400161743164,31.734127044677734,61.752567291259766,36.26016616821289,56.38908767700195
2017-12-13,56.87849426269531,83.32538604736328,39.27613067626953,49.76044845581055,212.11769104003906,41.39198684692383,83.58312225341797,23.641220092773438,35.30110168457031,90.44944763183594,142.08987426757812,70.34290313720703,78.1505126953125,52.10745620727539,176.74789428710938,58.20650100708008,31.61290740966797,62.05731201171875,36.60726547241211,56.752567291259766
2017-12-14,56.727943420410156,83.0474853515625,39.75492477416992,49.029354095458984,212.05130004882812,40.971675872802734,82.90975952148438,23.551054000854492,35.40107727050781,90.61835479736328,141.7542266845703,70.21453094482422,77.54619598388672,52.40877914428711,176.83709716796875,58.7130012512207,31.91797637939453,62.05731201171875,36.493919372558594,56.589378356933594
2017-12-15,56.81690216064453,83.18644714355469,39.64851760864258,48.80924606323242,213.45401000976562,41.3297119140625,84.08219909667969,23.805171966552734,35.52413558959961,91.53974914550781,142.50743103027344,70.4370346069336,79.52399444580078,53.12889099121094,178.61151123046875,58.957000732421875,32.00888442993164,62.255775451660156,36.34516525268555,56.77481460571289
2017-12-18,56.75531768798828,83.16561889648438,39.77771759033203,49.996280670166016,215.81956481933594,41.43868637084961,84.73178100585938,24.16585922241211,35.32416915893555,90.64138793945312,142.6220703125,71.1302719116211,79.09362030029297,53.77763748168945,179.2459259033203,59.52899932861328,31.588659286499023,61.33440399169922,35.806827545166016,56.00336456298828
2017-12-19,56.413169860839844,83.26289367675781,40.03611755371094,50.61729431152344,212.88131713867188,41.19740295410156,84.37529754638672,24.141265869140625,35.47798538208008,91.07136535644531,141.95889282226562,70.91634368896484,78.59003448486328,53.51447677612305,177.9473419189453,59.36899948120117,31.134065628051758,60.25004577636719,35.282649993896484,55.26901626586914
2017-12-20,56.707401275634766,83.99239349365234,41.22929763793945,51.31693649291992,211.8022918701172,40.87049865722656,84.08219909667969,24.16585922241211,35.43953323364258,91.38619232177734,140.9600372314453,70.29154205322266,78.30618286132812,53.206214904785156,176.34140014648438,58.88100051879883,31.04113006591797,59.881507873535156,35.37473678588867,55.261600494384766
2017-12-21,57.378021240234375,86.72289276123047,42.52128219604492,53.34508514404297,216.64132690429688,41.15848159790039,85.42097473144531,24.444570541381836,35.070377349853516,90.80265808105469,140.6980743408203,70.60821533203125,78.2878646850586,53.071903228759766,175.90525817871094,58.737998962402344,31.210847854614258,59.746822357177734,35.05597686767578,54.697853088378906
2017-12-22,57.460140228271484,86.83407592773438,42.17927932739258,53.01491165161133,214.9480438232422,41.0339469909668,85.11992645263672,24.493757247924805,35.062679290771484,91.06368255615234,140.34600830078125,70.52262115478516,78.2970199584961,52.97327423095703,175.65744018554688,58.417999267578125,31.222959518432617,59.654685974121094,34.35470962524414,54.63109588623047
2017-12-26,57.466983795166016,87.52883911132812,42.73405456542969,53.1485595703125,213.91053771972656,40.83936309814453,84.7792739868164,24.411779403686523,35.231876373291016,91.2863540649414,140.23953247070312,70.34290313720703,78.1962890625,52.8240966796875,174.45799255371094,58.8380012512207,31.113868713378906,59.250709533691406,34.03596115112305,54.14152908325195
2017-12-27,57.412227630615234,87.23008728027344,42.247676849365234,53.392250061035156,212.44143676757812,40.91719436645508,84.93772888183594,24.370792388916016,35.32416915893555,91.60118865966797,141.369384765625,70.52262115478516,78.48013305664062,52.54407501220703,176.07379150390625,59.112998962402344,31.374486923217773,59.5200309753418,34.03596115112305,54.32695007324219
2017-12-28,57.494354248046875,87.25094604492188,41.93608474731445,53.03064727783203,212.8979034423828,40.97946548461914,85.3893051147461,24.428171157836914,35.162662506103516,91.63956451416016,141.72146606445312,70.75371551513672,78.48929595947266,52.33345031738281,176.37120056152344,59.30500030517578,31.588659286499023,59.5271110534668,34.19888687133789,54.63109588623047
2017-12-29,57.234317779541016,86.97994232177734,41.715675354003906,52.975616455078125,211.4536895751953,40.83936309814453,84.7159194946289,24.198650360107422,35.28571701049805,92.07721710205078,140.91909790039062,69.84648132324219,78.32449340820312,52.207069396972656,174.92388916015625,58.4734992980957,31.556333541870117,59.6121711730957,34.06429672241211,54.57174301147461
2018-01-02,58.18550491333008,88.64048767089844,42.042476654052734,54.65001678466797,212.2090301513672,40.621437072753906,85.51605987548828,24.510147094726562,35.02422332763672,90.64907836914062,141.81973266601562,69.83792114257812,78.69990539550781,53.188865661621094,179.84071350097656,59.45050048828125,31.334087371826172,58.98847961425781,33.41261672973633,53.71131134033203
2018-01-03,59.328243255615234,89.28662872314453,42.81767654418945,56.07289123535156,210.23358154296875,40.73040008544922,85.6031723022461,24.428171157836914,34.947322845458984,90.41106414794922,141.22203063964844,69.77802276611328,79.0661849975586,54.096317291259766,183.06243896484375,60.209999084472656,30.669382095336914,58.80420684814453,33.22137451171875,53.258827209472656
2018-01-04,59.41037368774414,89.00873565673828,43.31165313720703,57.46426773071289,213.1717987060547,41.353065490722656,86.8294677734375,24.74786949157715,35.43953323364258,90.85637664794922,142.2127227783203,70.4883804321289,79.76204681396484,54.30644989013672,182.72540283203125,60.47949981689453,30.511795043945312,58.343509674072266,33.07969284057617,52.62832260131836
2018-01-05,59.362483978271484,88.86283111572266,43.22806167602539,57.857337951660156,212.08450317382812,41.337501525878906,86.27208709716797,24.862632751464844,35.43183898925781,91.11744689941406,142.49923706054688,70.8991928100586,80.7509536743164,55.02656936645508,185.22344970703125,61.457000732421875,30.65120506286621,58.0742073059082,33.136356353759766,52.51707458496094
2018-01-08,59.62936019897461,89.300537109375,43.66884994506836,58.800662994384766,209.00514221191406,41.16626739501953,86.39948272705078,24.69049072265625,35.37800216674805,90.59529876708984,142.4010009765625,71.0190200805664,80.83336639404297,55.22084045410156,186.6409912109375,62.34349822998047,30.90374755859375,58.25847625732422,33.43387222290039,52.976959228515625
2018-01-09,59.37617111206055,88.82115173339844,44.02605056762695,58.87926483154297,210.77310180664062,41.48539733886719,86.83744049072266,24.81345558166504,35.55488586425781,90.66444396972656,142.0817108154297,70.83072662353516,80.77842712402344,55.15046691894531,186.23458862304688,62.6349983215332,30.677459716796875,57.57808303833008,33.01594543457031,52.3538703918457
2018-01-10,58.90399932861328,89.39087677001953,43.81325149536133,59.42953109741211,211.09678649902344,41.97573471069336,87.79301452636719,25.04296875,35.43183898925781,90.20374298095703,142.05711364746094,70.65099334716797,80.41217803955078,55.01913070678711,186.204833984375,62.71649932861328,30.424917221069336,56.777198791503906,32.55551528930664,51.552772521972656
2018-01-11,59.48564910888672,92.10748291015625,44.97602844238281,60.56939697265625,211.76077270507812,42.18589401245117,88.26282501220703,25.133146286010742,35.40877151489258,89.74303436279297,141.95889282226562,70.59965515136719,80.65023040771484,55.113800048828125,186.13546752929688,63.83399963378906,30.406742095947266,56.18894577026367,32.05259323120117,50.98160934448242
2018-01-12,59.88938903808594,92.8230972290039,45.63721466064453,61.2926025390625,213.33782958984375,42.901954650878906,89.72007751464844,25.567609786987305,35.49336624145508,90.12693786621094,142.1062469482422,71.56676483154297,82.0420150756836,56.035614013671875,177.8085479736328,65.26000213623047,30.37037467956543,55.91962432861328,31.762178421020508,50.039573669433594
2018-01-16,59.51301193237305,91.71837615966797,44.7176399230957,60.663719177246094,214.5247802734375,42.497222900390625,89.40157318115234,25.608596801757812,35.785621643066406,90.4954833984375,142.1963348388672,70.97624206542969,80.89746856689453,56.0380973815918,176.83709716796875,65.24299621582031,30.41481590270996,55.57941818237305,31.634675979614258,50.069236755371094
2018-01-17,60.21784973144531,91.96156311035156,45.492820739746094,60.69517517089844,210.5323486328125,43.08098220825195,89.97492218017578,25.559415817260742,36.0086555480957,91.50902557373047,143.26063537597656,71.11315155029297,82.5364761352539,56.45440673828125,176.05397033691406,64.75,30.6855525970459,55.572364807128906,31.91093635559082,50.625553131103516
2018-01-18,59.82780838012695,91.42655944824219,45.41682434082031,60.034820556640625,208.3079376220703,43.462371826171875,90.18989562988281,25.805328369140625,36.05480194091797,91.40921783447266,142.92503356933594,71.1217041015625,82.49983978271484,56.29928207397461,178.23484802246094,64.66600036621094,30.46331214904785,54.814002990722656,31.804670333862305,50.291751861572266
2018-01-19,59.63618850708008,91.22509002685547,45.40922546386719,60.074153900146484,212.58248901367188,44.723270416259766,89.9908218383789,26.002063751220703,36.2701530456543,92.26918029785156,144.1940460205078,71.72941589355469,82.40827941894531,56.67247009277344,179.71182250976562,64.72899627685547,30.33804702758789,54.4454460144043,31.478836059570312,50.262107849121094
2018-01-22,60.3889274597168,92.10052490234375,46.10840606689453,62.72330093383789,217.06455993652344,44.64543533325195,91.0419692993164,26.182415008544922,36.439334869384766,93.29805755615234,144.2677001953125,72.67082214355469,83.88248443603516,57.69639587402344,183.7563018798828,66.3655014038086,30.309764862060547,54.53757858276367,31.195510864257812,50.53655242919922
2018-01-23,60.42313003540039,91.03055572509766,45.95641326904297,62.267364501953125,215.877685546875,44.2951774597168,90.94639587402344,26.166015625,36.49319076538086,93.13682556152344,144.75892639160156,73.46678924560547,84.14803314208984,58.29161071777344,187.70172119140625,68.12699890136719,30.85526466369629,55.076236724853516,31.500091552734375,51.01127243041992
2018-01-24,60.580509185791016,91.28764343261719,45.971595764160156,61.45767593383789,220.51739501953125,44.552032470703125,92.10899353027344,26.305376052856445,36.78543472290039,93.01396179199219,144.1940460205078,72.9532699584961,84.07476043701172,58.04975509643555,184.92608642578125,67.87550354003906,30.477455139160156,54.74311447143555,31.22384262084961,50.79616928100586
2018-01-25,60.47103500366211,90.77347564697266,45.20402145385742,60.789485931396484,223.29794311523438,44.21736526489258,92.13288879394531,26.305376052856445,36.79311752319336,92.82967376708984,143.8173828125,73.31275177001953,84.541748046875,58.58749771118164,185.84796142578125,68.89749908447266,30.93000602722168,55.91962432861328,31.606340408325195,51.70109939575195
2018-01-26,60.90213394165039,91.14868927001953,45.89559555053711,61.009605407714844,222.55918884277344,44.832237243652344,92.6266098022461,26.39554214477539,37.32379150390625,93.49002075195312,146.02789306640625,73.77488708496094,86.12580108642578,58.856109619140625,188.34603881835938,70.10250091552734,31.859390258789062,55.87001037597656,31.386762619018555,50.99645233154297
2018-01-29,60.22467803955078,89.26580810546875,45.34082794189453,60.04269790649414,226.1615753173828,44.71549606323242,92.53105926513672,26.461122512817383,36.685447692871094,91.88524627685547,145.54490661621094,74.01451873779297,85.99761962890625,58.802581787109375,184.3610382080078,70.88400268554688,31.453289031982422,54.778560638427734,31.16008949279785,50.36594772338867
2018-01-30,59.38298416137695,87.00775146484375,44.4288330078125,58.59626388549805,223.22325134277344,44.246429443359375,91.66307067871094,26.133230209350586,36.4624137878418,92.05416870117188,141.21388244628906,72.39693450927734,84.91715240478516,58.3510856628418,185.4910888671875,71.89099884033203,31.33610725402832,55.04079055786133,31.733840942382812,50.69973373413086
2018-01-31,59.73884963989258,87.09113311767578,44.694828033447266,57.841590881347656,222.3517303466797,44.207366943359375,92.10899353027344,26.231599807739258,36.60086441040039,92.3689956665039,140.1167755126953,72.39693450927734,86.99565887451172,58.59145736694336,185.2631072998047,72.54450225830078,32.006874084472656,55.63612747192383,31.95343017578125,51.01869583129883
2018-02-01,60.95003890991211,87.24398040771484,45.105220794677734,59.3587760925293,225.9540252685547,44.91093063354492,93.0645980834961,26.641469955444336,36.49319076538086,92.3689956665039,140.739013671875,71.8748779296875,86.30895233154297,58.56023406982422,191.4091339111328,69.5,31.586647033691406,54.45961380004883,31.436336517333984,50.32143783569336
2018-02-02,57.84334182739258,82.38745880126953,43.866455078125,57.92806625366211,215.83616638183594,43.37089157104492,91.00212860107422,26.19061279296875,35.939449310302734,91.11744689941406,138.67578125,70.71949005126953,84.03813934326172,55.4681510925293,188.6235809326172,71.49749755859375,31.50177764892578,54.23991394042969,31.287580490112305,50.25468826293945
2018-02-05,54.55188751220703,78.24652862548828,42.5136833190918,56.08857727050781,206.76414489746094,41.08039093017578,86.63838195800781,24.805255889892578,34.52432632446289,87.8849105834961,134.1482391357422,68.29740142822266,80.57698822021484,52.652610778808594,179.68209838867188,69.5,31.172460556030273,53.7296257019043,30.968835830688477,49.31263732910156
2018-02-06,53.61441421508789,81.41473388671875,42.5136833190918,56.2390022277832,214.72393798828125,42.471900939941406,89.27413177490234,25.575807571411133,34.355106353759766,87.19387817382812,135.23716735839844,68.96495819091797,83.6261215209961,53.744930267333984,183.6968536376953,72.14199829101562,30.216825485229492,52.79408264160156,30.8059139251709,48.14806365966797
2018-02-07,52.64956283569336,80.10159301757812,42.27806854248047,55.2177734375,213.3959197998047,42.64387893676758,89.87934875488281,25.616792678833008,34.27052688598633,87.1478042602539,135.67108154296875,68.57981872558594,82.05117797851562,52.30669021606445,178.61151123046875,70.83899688720703,29.919832229614258,52.73029327392578,30.699657440185547,47.80685043334961
2018-02-08,52.05421829223633,78.02421569824219,40.461708068847656,53.357391357421875,204.47329711914062,40.48628234863281,85.90579986572266,24.37898826599121,33.147647857666016,84.57559204101562,130.15281677246094,65.30188751220703,77.83918762207031,49.94265365600586,170.08639526367188,67.5250015258789,29.354114532470703,52.67359924316406,30.742155075073242,47.46981430053711
2018-02-09,52.386043548583984,78.85795593261719,39.74729537963867,51.607845306396484,206.92185974121094,40.7598876953125,87.62580108642578,24.862632751464844,33.17072677612305,85.366455078125,131.65113830566406,67.87802124023438,80.74179077148438,51.85370635986328,174.57693481445312,66.9800033569336,29.921842575073242,53.93516159057617,31.400922775268555,48.47343826293945
2018-02-12,52.828468322753906,79.19143676757812,40.80935287475586,52.9140625,210.12567138671875,41.76832580566406,88.9795150756836,25.510229110717773,33.81676483154297,85.94232177734375,134.189208984375,66.81675720214844,81.61166381835938,52.264556884765625,174.87435913085938,69.3115005493164,30.30571937561035,54.4383544921875,31.64885139465332,48.533348083496094
2018-02-13,52.74551010131836,78.7120361328125,40.74060821533203,52.18573760986328,212.0928192138672,41.73705291748047,89.52899169921875,25.559415817260742,33.9859619140625,86.10356903076172,132.96107482910156,66.86835479736328,82.25261688232422,52.24374771118164,171.64271545410156,70.72550201416016,30.521894454956055,54.62971878051758,31.606340408325195,49.117557525634766
2018-02-14,52.85611343383789,78.94827270507812,42.4139289855957,52.14616394042969,217.9443817138672,43.03474044799805,91.59935760498047,26.231599807739258,33.9167366027832,83.77706909179688,130.9879608154297,66.96292114257812,83.54051208496094,53.16358947753906,177.957275390625,72.55249786376953,30.321868896484375,53.4957389831543,30.869661331176758,48.90784454345703
2018-02-15,52.68330001831055,78.96231842041016,41.67277526855469,52.41532516479492,222.177490234375,43.308353424072266,91.98162078857422,26.40373992919922,34.43971633911133,85.2052001953125,131.63473510742188,67.90013122558594,85.2424545288086,54.08838653564453,178.39344787597656,73.08799743652344,31.20074462890625,54.650421142578125,31.5638484954834,49.94142150878906
2018-02-16,52.91141891479492,78.68864440917969,41.7568244934082,52.47072982788086,222.1276092529297,43.105106353759766,91.32067108154297,26.207002639770508,34.593544006347656,85.27430725097656,129.18670654296875,67.28105926513672,84.63528442382812,54.2935676574707,175.8160400390625,72.43450164794922,31.528045654296875,55.009029388427734,31.527957916259766,50.37581253051758
2018-02-20,52.36529541015625,77.87467956542969,41.90198516845703,51.940330505371094,219.8617401123047,43.04255676269531,91.34453582763672,26.174219131469727,33.83213424682617,84.06116485595703,128.67092895507812,67.13488006591797,85.29767608642578,54.694515228271484,174.47781372070312,73.4175033569336,31.075471878051758,54.2846565246582,31.19782829284668,49.70924377441406
2018-02-21,51.77078628540039,76.52738952636719,41.06914520263672,50.982444763183594,218.62501525878906,43.073814392089844,91.72679138183594,26.125036239624023,33.33222579956055,82.9247817993164,129.88267517089844,66.9027328491211,84.1661148071289,55.19804382324219,176.3612518310547,74.14600372314453,30.661300659179688,54.026458740234375,30.803102493286133,49.117557525634766
2018-02-22,52.44134521484375,77.10981750488281,41.95547103881836,51.42575454711914,216.98985290527344,42.88621139526367,91.5595703125,25.97747802734375,33.47067642211914,83.89224243164062,131.5365447998047,67.34126281738281,84.38690948486328,55.007240295410156,177.431884765625,74.26699829101562,30.77242660522461,54.17708969116211,30.874860763549805,49.19244384765625
2018-02-23,53.59578323364258,79.00438690185547,43.590599060058594,52.64491271972656,221.422119140625,43.83212661743164,93.41494750976562,26.25618553161621,33.870601654052734,84.2147216796875,133.50143432617188,68.61378479003906,86.53038024902344,55.90874481201172,181.6944122314453,75.0,31.570470809936523,55.381954193115234,31.628427505493164,50.458213806152344
2018-02-26,54.501380920410156,80.4148178100586,43.239139556884766,52.82698440551758,225.14886474609375,44.566951751708984,94.57757568359375,26.575885772705078,33.86289978027344,85.18217468261719,133.92721557617188,69.27584075927734,87.78152465820312,56.68238830566406,183.32015991210938,76.09750366210938,31.468734741210938,55.88401412963867,31.599727630615234,50.15861511230469
2018-02-27,53.57508087158203,79.72014617919922,42.65842056274414,52.969478607177734,222.38497924804688,44.34024429321289,93.45478057861328,26.50211524963379,33.547569274902344,85.143798828125,131.5365447998047,68.94052124023438,86.65917205810547,55.3843879699707,179.88035583496094,75.5989990234375,30.86438751220703,54.743675231933594,31.1475830078125,49.3946647644043
2018-02-28,52.358375549316406,78.53425598144531,41.49703598022461,51.96408462524414,218.84750366210938,43.79302215576172,91.97364044189453,26.313570022583008,33.23994064331055,84.25312042236328,129.96286010742188,69.97232818603516,86.26358795166016,54.71086883544922,176.76768493652344,75.62249755859375,30.960020065307617,54.03364181518555,30.9035701751709,49.117557525634766
2018-03-01,51.9850959777832,78.61846923828125,41.1684684753418,51.631591796875,213.72860717773438,42.59696960449219,90.32527923583984,25.90216064453125,33.40145492553711,83.63044738769531,128.2821044921875,68.52779388427734,85.41722869873047,53.09965515136719,174.40841674804688,74.67250061035156,31.179790496826172,54.191410064697266,31.563844680786133,49.14751052856445
2018-03-02,52.22703170776367,78.33778381347656,41.30600357055664,51.82950210571289,214.84393310546875,42.792396545410156,90.23767852783203,26.025575637817383,33.62448501586914,84.3420639038086,122.16047668457031,69.03509521484375,85.60124969482422,53.730560302734375,175.08248901367188,75.01249694824219,31.102462768554688,54.04079818725586,31.721729278564453,48.817962646484375
2018-03-05,52.72475814819336,79.39734649658203,41.25252151489258,52.3757438659668,219.00567626953125,43.37870788574219,91.62325286865234,26.436996459960938,33.755245208740234,84.64373016357422,124.43445587158203,69.32744598388672,86.14400482177734,54.256893157958984,178.82958984375,76.18049621582031,31.54401397705078,55.57561492919922,32.18104553222656,49.799102783203125
2018-03-06,52.662574768066406,79.74820709228516,41.30600357055664,52.7478141784668,222.17686462402344,44.215171813964844,91.702880859375,26.420536041259766,33.78599548339844,84.75972747802734,124.57450103759766,69.97232818603516,85.84961700439453,54.561187744140625,178.21502685546875,76.88200378417969,31.185884475708008,54.406585693359375,31.649961471557617,49.0576286315918
2018-03-07,51.33528137207031,79.88153076171875,41.31364440917969,52.431156158447266,220.8617401123047,44.4653205871582,91.36048126220703,26.47812843322754,33.70140075683594,84.96085357666016,125.54671478271484,69.99810028076172,86.34642791748047,55.2619743347168,182.11080932617188,77.25,31.14316177368164,53.96909713745117,31.341354370117188,48.623233795166016
2018-03-08,51.23848342895508,79.53768920898438,40.93161392211914,52.834896087646484,221.68577575683594,44.527870178222656,91.3684310913086,26.494586944580078,34.1859245300293,86.69348907470703,127.24394989013672,70.86651611328125,86.87077331542969,55.97267532348633,180.75270080566406,77.59300231933594,31.399545669555664,54.499820709228516,31.154760360717773,48.90784454345703
2018-03-09,51.54265594482422,82.25325775146484,42.070098876953125,54.44987869262695,225.37307739257812,45.864627838134766,93.99626922607422,26.92245101928711,34.4704704284668,87.04930114746094,129.55087280273438,71.32221221923828,88.81184387207031,57.53185272216797,183.61753845214844,78.94450378417969,31.501298904418945,54.60022735595703,31.40595245361328,49.169986724853516
2018-03-12,52.01274108886719,81.9515380859375,41.82557678222656,53.903629302978516,227.54550170898438,46.0522575378418,93.69367218017578,27.021190643310547,34.24745178222656,87.21172332763672,129.96286010742188,70.85794830322266,89.02342987060547,57.78411865234375,183.15162658691406,79.91950225830078,31.41582679748535,54.90143966674805,31.449012756347656,49.33475112915039
2018-03-13,51.52192687988281,81.71996307373047,41.2296028137207,53.15156555175781,223.50860595703125,45.36432647705078,92.57088470458984,26.626237869262695,34.2782096862793,87.86920928955078,130.3582763671875,70.80632781982422,86.85237121582031,56.49455261230469,180.2967071533203,79.40899658203125,31.472806930541992,54.84406661987305,31.28394317626953,49.46207809448242
2018-03-14,50.87903594970703,80.7867202758789,41.2296028137207,52.58949661254883,220.0959930419922,44.55131912231445,91.53565979003906,26.445220947265625,33.967857360839844,87.10344696044922,130.37478637695312,70.737548828125,86.33718872070312,56.939598083496094,182.5866241455078,79.55000305175781,32.15243911743164,55.22416305541992,31.614091873168945,49.87400817871094
2018-03-15,51.445884704589844,81.10250091552734,41.2830924987793,51.73450469970703,221.9104766845703,44.73112869262695,91.76658630371094,26.412307739257812,33.88250732421875,86.6238784790039,133.15135192871094,71.26202392578125,86.64076232910156,57.024845123291016,182.25949096679688,79.11599731445312,32.17889404296875,55.03770446777344,31.527957916259766,50.173587799072266
2018-03-16,51.929786682128906,80.97618865966797,41.97074508666992,52.32823944091797,222.7345733642578,44.95782470703125,91.92588806152344,26.469905853271484,33.71958541870117,86.3531723022461,133.76925659179688,71.79512786865234,87.02714538574219,56.22246170043945,183.47874450683594,78.58399963378906,32.76898193359375,55.647335052490234,31.714555740356445,50.78776168823242
2018-03-19,51.259239196777344,79.91661834716797,40.93161392211914,51.21992111206055,218.51454162597656,44.520042419433594,91.20123291015625,26.313570022583008,33.56441116333008,85.3630599975586,131.00921630859375,70.62578582763672,85.45404052734375,54.520057678222656,171.057861328125,77.24649810791016,32.54313659667969,55.25286865234375,31.7001953125,50.51811981201172
2018-03-20,51.14863204956055,80.34465026855469,41.79501724243164,51.900753021240234,219.06385803222656,44.926544189453125,91.288818359375,26.313570022583008,33.486820220947266,85.00725555419922,131.31405639648438,71.44259643554688,85.67484283447266,54.30843734741211,166.68621826171875,79.32550048828125,32.642826080322266,54.81538772583008,31.47054672241211,50.51811981201172
2018-03-21,51.87446975708008,82.12696075439453,43.58295822143555,53.626556396484375,217.94862365722656,44.64512634277344,91.3684310913086,26.223066329956055,33.36267852783203,84.11002349853516,130.7208251953125,71.20184326171875,85.07688903808594,54.2192268371582,167.91542053222656,79.09300231933594,32.57365798950195,54.636070251464844,31.50642204284668,50.11368179321289
2018-03-22,50.80989074707031,79.78330993652344,43.170345306396484,51.869083404541016,210.2493896484375,42.714229583740234,87.55413818359375,25.136945724487305,33.17646408081055,83.49121856689453,129.38612365722656,70.66014099121094,82.60218811035156,52.194671630859375,163.4546356201172,77.24600219726562,32.94195556640625,54.64324188232422,31.441843032836914,50.450706481933594
2018-03-23,50.38820266723633,79.278076171875,44.117820739746094,50.7765998840332,204.1400146484375,40.70515823364258,85.2129898071289,24.001461029052734,32.84284210205078,82.10667419433594,127.68885040283203,70.2302474975586,80.20112609863281,50.87636947631836,158.0025177001953,74.77799987792969,32.4536018371582,53.911705017089844,30.939453125,49.724212646484375
2018-03-26,51.155540466308594,80.94107055664062,45.14167022705078,51.029930114746094,212.1471405029297,42.44843673706055,87.8407974243164,25.04643440246582,33.12215042114258,82.61717987060547,130.18528747558594,72.2508544921875,86.27279663085938,52.24126434326172,158.6666259765625,77.79299926757812,32.848358154296875,54.449607849121094,31.449012756347656,50.41326904296875
2018-03-27,50.94814682006836,80.4569320678711,45.187530517578125,51.045772552490234,205.80470275878906,41.549442291259766,86.13668060302734,24.289447784423828,33.2773323059082,83.25917053222656,129.74862670898438,72.12186431884766,82.30780792236328,49.904483795166016,150.8948974609375,74.85250091552734,33.08438491821289,55.295902252197266,31.95856285095215,51.25211715698242
2018-03-28,50.332908630371094,78.66058349609375,44.87424850463867,50.040367126464844,207.5609588623047,41.361820220947266,86.00133514404297,24.182483673095703,33.610958099365234,84.45036315917969,130.514892578125,72.44001770019531,82.23424530029297,49.8172607421875,151.69786071777344,71.57099914550781,33.019290924072266,55.525390625,32.037513732910156,51.42436981201172
2018-03-29,51.57722091674805,80.02188873291016,45.30214309692383,51.28324890136719,209.6334686279297,42.182647705078125,87.57005310058594,24.676170349121094,33.6963005065918,84.42713165283203,128.84234619140625,73.19664001464844,83.96371459960938,51.401214599609375,158.39901733398438,72.36699676513672,33.23497772216797,55.5612678527832,32.05186462402344,51.3719367980957
2018-04-02,50.6163215637207,78.75880432128906,44.38523864746094,50.254112243652344,205.87962341308594,41.21329116821289,85.88188171386719,24.116661071777344,33.10663604736328,82.80281066894531,129.94635009765625,72.0014877319336,81.4338607788086,50.186485290527344,154.0373077392578,68.59950256347656,33.03961944580078,55.295902252197266,31.72890281677246,51.1397705078125
2018-04-03,51.86064910888672,80.57621002197266,45.8675537109375,51.29117965698242,208.56805419921875,41.56507110595703,87.06043243408203,24.347043991088867,33.65749740600586,83.68460845947266,132.1544189453125,72.31962585449219,82.5285873413086,50.48632049560547,154.75100708007812,69.60250091552734,32.9643440246582,55.41067123413086,31.7001953125,51.267093658447266
2018-04-04,51.756954193115234,80.33061218261719,45.50844192504883,51.307003021240234,210.2660675048828,41.955936431884766,88.38230895996094,24.585664749145508,34.32476043701172,85.22383117675781,133.25021362304688,73.44598388671875,84.93888854980469,51.03297424316406,153.74986267089844,70.52850341796875,33.03148651123047,55.7333984375,32.14516067504883,51.43186569213867
2018-04-05,52.55194854736328,82.3023910522461,46.19609832763672,52.06699752807617,212.9212646484375,42.88621139526367,89.54278564453125,24.94770050048828,34.44890213012695,85.52552795410156,135.0792999267578,73.95327758789062,84.98483276367188,51.178192138671875,157.95291137695312,72.5875015258789,33.371307373046875,56.37168884277344,32.30306625366211,51.634098052978516
2018-04-06,51.756954193115234,80.52709197998047,45.27920913696289,50.95077133178711,208.06036376953125,41.46345138549805,87.30982971191406,24.37995719909668,34.07648468017578,84.54318237304688,132.85475158691406,72.62059020996094,83.0069808959961,50.05366134643555,155.83154296875,70.2614974975586,33.116947174072266,56.05614471435547,32.14516067504883,51.3270149230957
2018-04-09,51.756954193115234,81.38316345214844,46.3183479309082,50.87160110473633,209.90814208984375,41.705787658691406,88.35828399658203,24.577436447143555,34.006656646728516,84.60504913330078,132.83828735351562,72.6119613647461,83.50372314453125,50.556209564208984,156.55519104003906,70.30400085449219,32.99079132080078,56.27846145629883,32.130821228027344,51.46181869506836
2018-04-10,53.277809143066406,83.39704895019531,47.632568359375,52.8111686706543,213.5538330078125,42.32335662841797,90.0470199584961,25.079349517822266,34.130794525146484,84.62052917480469,134.1071319580078,73.58354949951172,85.4448471069336,51.36949157714844,163.6033172607422,71.81099700927734,32.92365264892578,55.59711456298828,31.793500900268555,50.83269119262695
2018-04-11,53.52666091918945,83.6777114868164,48.31259536743164,53.476139068603516,210.5324249267578,41.22892379760742,88.53433990478516,24.602121353149414,34.130794525146484,84.06359100341797,134.5767364501953,73.46318817138672,84.50650787353516,50.80252456665039,164.87217712402344,71.35250091552734,32.76898193359375,55.281551361083984,31.915510177612305,50.772769927978516
2018-04-12,53.38148880004883,83.66368865966797,48.32023239135742,53.48404312133789,216.0674591064453,42.09666442871094,90.73529815673828,25.219228744506836,34.16181945800781,83.77740478515625,133.15960693359375,73.729736328125,86.08882904052734,51.40864562988281,162.44349670410156,72.42500305175781,32.36814498901367,54.6074104309082,31.449012756347656,49.91143798828125
2018-04-13,53.810089111328125,84.14785766601562,49.5886116027832,53.792789459228516,213.01275634765625,41.41654968261719,88.27823638916016,24.51983642578125,34.534236907958984,84.51224517822266,133.25021362304688,73.44598388671875,85.62884521484375,51.34669494628906,163.08786010742188,71.53949737548828,32.60212707519531,54.987510681152344,31.53513526916504,50.43572998046875
2018-04-16,54.29401779174805,84.69519805908203,50.22279739379883,54.244041442871094,214.6441650390625,41.74488067626953,88.20621490478516,24.62680435180664,34.66615295410156,85.02277374267578,133.16781616210938,74.16824340820312,86.631591796875,51.845272064208984,163.39512634277344,72.07499694824219,32.98875045776367,55.91267776489258,32.34611511230469,51.132266998291016
2018-04-17,54.148834228515625,85.2284927368164,50.81876754760742,54.35487747192383,211.10671997070312,41.61980056762695,88.20621490478516,24.717313766479492,34.82133102416992,84.2105712890625,133.92581176757812,74.46058654785156,88.37948608398438,53.49365997314453,167.19178771972656,75.19149780273438,33.212581634521484,56.29997634887695,32.884376525878906,51.574180603027344
2018-04-18,54.76409149169922,86.88449096679688,50.750003814697266,55.68484115600586,211.4146728515625,41.63542938232422,87.493896484375,24.297677993774414,34.534236907958984,82.74866485595703,133.3161163330078,74.79591369628906,88.7198715209961,53.29690170288086,164.91180419921875,76.39199829101562,33.139347076416016,56.1422119140625,32.604488372802734,51.47679901123047
2018-04-19,54.902339935302734,86.80729675292969,50.66594314575195,55.63735580444336,211.55615234375,42.761131286621094,89.41471862792969,24.83250617980957,34.37907791137695,81.65802001953125,131.4376220703125,74.3230209350586,88.41625213623047,53.99372863769531,166.6366729736328,77.84549713134766,33.074222564697266,56.31432342529297,32.72649383544922,51.31951141357422
2018-04-20,54.61198806762695,85.8249282836914,50.26864242553711,54.806121826171875,209.7167205810547,42.573516845703125,89.21465301513672,24.898330688476562,33.936824798583984,79.2679214477539,130.8114776611328,74.19405364990234,87.3951416015625,53.392555236816406,164.83251953125,76.37449645996094,32.71812057495117,55.711883544921875,32.45376968383789,51.27458572387695
2018-04-23,55.006019592285156,86.71607208251953,50.03177261352539,54.55278778076172,205.3135986328125,41.9324951171875,88.78246307373047,24.94770050048828,34.1230354309082,79.34526062011719,130.99273681640625,73.85009002685547,87.71712493896484,53.21859359741211,164.39634704589844,75.89299774169922,32.78730010986328,55.93422317504883,32.46813201904297,51.25960159301758
2018-04-24,54.16265869140625,85.98631286621094,49.901885986328125,54.05404281616211,201.83441162109375,41.48689651489258,88.36627960205078,24.840734481811523,33.4169921875,78.46348571777344,129.61679077148438,73.2396240234375,85.66566467285156,50.68258285522461,158.29991149902344,73.00450134277344,32.99894332885742,56.09916305541992,32.79826736450195,51.589134216308594
2018-04-25,54.9576416015625,86.11264038085938,49.71086120605469,54.70319747924805,199.12098693847656,40.68171691894531,88.03013610839844,24.799592971801758,32.92043685913086,78.23917388916016,128.47979736328125,73.30842590332031,84.92047882080078,50.69993591308594,158.29991149902344,73.00849914550781,32.62451934814453,56.579681396484375,33.03508377075195,51.746429443359375
2018-04-26,55.89779281616211,87.16517639160156,51.170249938964844,54.996124267578125,199.8368377685547,40.806785583496094,88.11815643310547,24.74199104309082,33.168697357177734,79.87125396728516,130.91860961914062,74.59812927246094,86.71438598632812,51.707000732421875,172.6439208984375,75.89800262451172,33.21055221557617,57.261024475097656,33.078163146972656,52.255733489990234
2018-04-27,53.775535583496094,88.84925079345703,49.62680435180664,54.68736267089844,199.59544372558594,40.736106872558594,87.55792999267578,24.807819366455078,33.60319519042969,78.6723403930664,130.42422485351562,74.84750366210938,88.14949035644531,51.11921310424805,172.07888793945312,78.63099670410156,33.363162994384766,57.73436737060547,33.30064010620117,52.83994674682617
2018-04-30,53.747886657714844,87.78968048095703,50.04705047607422,54.27570343017578,198.3719024658203,40.54758071899414,87.06170654296875,24.618572235107422,33.52560806274414,78.07677459716797,137.9547576904297,74.89048767089844,86.03363800048828,50.48137283325195,170.50270080566406,78.30650329589844,33.35300064086914,57.490509033203125,33.09968566894531,52.41303253173828
2018-05-01,53.19483947753906,87.61424255371094,50.2075080871582,54.149044036865234,196.99017333984375,40.69682312011719,87.06170654296875,24.64325523376465,33.044559478759766,76.67671203613281,134.6591033935547,74.4949722290039,87.3951416015625,51.58013153076172,172.34652709960938,79.11299896240234,33.212581634521484,57.253841400146484,32.8772087097168,52.00857925415039
2018-05-02,53.09116744995117,88.05632781982422,50.00884246826172,54.35487747192383,194.80943298339844,40.61040115356445,86.37339782714844,24.338817596435547,32.63334655761719,75.20706939697266,132.3851318359375,68.95770263671875,86.0243911743164,50.85158920288086,174.5373077392578,78.48400115966797,33.2593879699707,57.36142349243164,33.1929931640625,51.82134246826172
2018-05-03,52.91141891479492,88.42122650146484,50.421443939208984,53.61072540283203,194.27676391601562,40.12340545654297,85.82918548583984,24.02614974975586,32.5014533996582,75.49324035644531,131.89080810546875,71.08148193359375,86.53958129882812,50.86397933959961,172.50514221191406,78.60399627685547,33.18002700805664,57.20366287231445,33.20016098022461,51.85877227783203
2018-05-04,53.16029739379883,88.08438873291016,51.08620071411133,54.457786560058594,195.55026245117188,40.3747673034668,86.78158569335938,24.108427047729492,32.86612319946289,76.56842041015625,135.96913146972656,70.8751220703125,87.54234313964844,52.08811950683594,175.07260131835938,79.04750061035156,33.38960647583008,57.289695739746094,33.03508377075195,51.971126556396484
2018-05-07,53.740970611572266,87.6703872680664,51.017433166503906,54.790279388427734,197.4313507080078,41.15241622924805,87.5339126586914,24.388185501098633,32.69541931152344,75.9805679321289,135.94439697265625,71.45980072021484,88.51746368408203,52.50740051269531,176.42074584960938,80.00700378417969,33.23904800415039,57.017181396484375,32.61884307861328,51.51425552368164
2018-05-08,53.982913970947266,88.81415557861328,51.758575439453125,55.05152893066406,197.26483154296875,41.930057525634766,88.83048248291016,24.62680435180664,32.439388275146484,74.86673736572266,135.75489807128906,71.80371856689453,88.1402816772461,52.46428680419922,177.36248779296875,79.61949920654297,32.539058685302734,55.85529708862305,31.68584632873535,50.36832809448242
2018-05-09,55.254886627197266,90.32282257080078,52.492095947265625,56.11233901977539,201.20181274414062,42.52702713012695,90.76732635498047,25.276823043823242,32.41609191894531,74.37944030761719,135.31820678710938,72.6119613647461,89.1798324584961,53.96894073486328,181.06991577148438,80.4000015258789,32.209407806396484,55.683189392089844,31.427478790283203,50.09619140625
2018-05-10,56.492305755615234,90.39298248291016,52.981101989746094,56.30234146118164,202.62513732910156,43.233985900878906,91.47164154052734,25.416702270507812,32.72645950317383,75.2380142211914,136.0020751953125,72.80970764160156,90.07220458984375,54.787681579589844,183.9149627685547,80.4540023803711,32.60417938232422,56.05614471435547,32.087745666503906,50.663143157958984
2018-05-11,56.75766372680664,91.10871887207031,53.276485443115234,56.27069091796875,202.1923370361328,43.35966491699219,91.12747192382812,25.441389083862305,32.69541931152344,75.36175537109375,136.2657012939453,72.75813293457031,89.8790054321289,54.68410110473633,185.3622283935547,80.14550018310547,32.70794677734375,55.876827239990234,32.24564743041992,50.76898956298828
2018-05-14,57.141719818115234,91.49465942382812,53.39156723022461,56.68232345581055,203.01638793945312,43.3753776550293,91.15950012207031,25.60595703125,32.61783981323242,75.14518737792969,135.71368408203125,71.88111877441406,90.18258666992188,54.84368896484375,185.01528930664062,80.0770034790039,32.59805679321289,55.819454193115234,31.97292709350586,50.73119354248047
2018-05-15,57.11377716064453,91.03855895996094,53.77517318725586,56.68232345581055,201.06033325195312,43.08475112915039,90.46319580078125,25.688232421875,32.36954879760742,74.87446594238281,134.3460235595703,71.96746063232422,89.5293960571289,53.76674270629883,182.71546936035156,78.80599975585938,32.323368072509766,55.17398452758789,31.72890281677246,50.50440979003906
2018-05-16,57.274410247802734,90.91226196289062,53.59103775024414,57.87773132324219,200.56097412109375,43.17900466918945,90.71129608154297,25.556583404541016,32.2376594543457,75.17613983154297,134.1894989013672,72.16607666015625,89.76038360595703,53.72808074951172,181.60519409179688,79.36399841308594,31.98150634765625,54.528499603271484,31.499244689941406,50.005470275878906
2018-05-17,57.1766242980957,91.63423919677734,54.2125129699707,58.92272186279297,199.01283264160156,43.10045623779297,90.40716552734375,25.350887298583984,32.819557189941406,75.74079132080078,132.90420532226562,71.67385864257812,88.86419677734375,53.58782958984375,182.16033935546875,79.08799743652344,31.828895568847656,53.8100700378418,31.305471420288086,49.30246353149414
2018-05-18,56.77162551879883,90.50171661376953,53.36087417602539,58.8118896484375,197.26483154296875,42.354225158691406,88.94253540039062,24.898330688476562,32.72645950317383,75.42366027832031,132.6322784423828,71.10391235351562,89.03047180175781,53.01193618774414,181.08973693847656,78.71849822998047,31.834993362426758,53.55606460571289,31.094432830810547,49.08322525024414
2018-05-21,57.455970764160156,91.57054138183594,54.2125129699707,59.39769744873047,197.84754943847656,42.699851989746094,89.7588882446289,25.136945724487305,32.904903411865234,76.97064208984375,133.0442352294922,71.40614318847656,90.17616271972656,53.724117279052734,182.8839874267578,79.27300262451172,32.60212707519531,53.46898651123047,31.611106872558594,49.20417785644531
2018-05-22,57.009056091308594,90.76361846923828,53.80587387084961,58.36855697631836,198.09719848632812,43.10830307006836,90.44717407226562,25.416702270507812,32.78076171875,77.29550170898438,131.37173461914062,71.13847351074219,90.08377075195312,53.292938232421875,182.20001220703125,79.06999969482422,32.44138717651367,53.752010345458984,31.691146850585938,49.46876907348633
2018-05-23,57.36518096923828,91.09628295898438,53.03097915649414,58.146873474121094,197.93905639648438,42.691993713378906,90.03099060058594,25.04643440246582,32.89714813232422,77.69770050048828,133.15960693359375,71.7515640258789,91.15555572509766,53.82075500488281,185.2730255126953,80.09300231933594,32.61434555053711,54.33257293701172,32.01134490966797,50.24737548828125
2018-05-24,56.05237579345703,89.616943359375,52.516937255859375,56.38150405883789,196.5157928466797,42.41706466674805,89.0225601196289,24.85719108581543,32.835079193115234,77.48889923095703,133.7940216064453,72.0797119140625,90.8321533203125,53.79548263549805,184.31146240234375,80.15350341796875,32.80154800415039,54.96391677856445,32.20054244995117,50.527069091796875
2018-05-25,54.963035583496094,86.48838806152344,50.230587005615234,54.307376861572266,195.60850524902344,41.63942337036133,88.56636810302734,24.81604766845703,32.89714813232422,77.5894546508789,134.46961975097656,71.26800537109375,90.87836456298828,53.72758102416992,183.31021118164062,80.50749969482422,33.049808502197266,55.01472091674805,32.397010803222656,50.814334869384766
2018-05-29,54.76051712036133,85.92212677001953,50.41472625732422,53.88779830932617,188.9664306640625,39.2436408996582,84.7807388305664,23.828676223754883,33.11439514160156,78.20051574707031,132.33567810058594,70.73262023925781,90.55499267578125,52.934120178222656,184.12313842773438,80.64350128173828,33.31637191772461,55.58799743652344,32.23692321777344,51.11671829223633
2018-05-30,56.911293029785156,88.59062957763672,52.210044860839844,55.00402069091797,191.41383361816406,40.0369987487793,86.71755981445312,24.2647705078125,33.46354293823242,78.76515197753906,133.3244171142578,71.25074005126953,91.42350006103516,53.39999008178711,186.0363006591797,81.24449920654297,33.629730224609375,55.86376953125,32.55710983276367,51.40396499633789
2018-05-31,56.729736328125,87.98188781738281,51.703678131103516,54.36279296875,188.67408752441406,39.385032653808594,85.64509582519531,23.992128372192383,33.36267852783203,78.2562255859375,131.83311462402344,70.23176574707031,91.32185363769531,54.516597747802734,190.11053466796875,81.48100280761719,33.73960494995117,55.99440002441406,32.673545837402344,51.36616134643555
2018-06-01,57.141719818115234,87.66338348388672,52.394168853759766,54.59235763549805,190.73727416992188,40.22551727294922,86.75758361816406,24.289554595947266,33.45577621459961,78.2562255859375,131.9657745361328,70.73262023925781,93.12353515625,56.2512092590332,192.30130004882812,82.0770034790039,33.18410110473633,55.21065139770508,32.16415023803711,50.406131744384766
2018-06-04,56.54117965698242,86.5379638671875,52.09495162963867,54.6794319152832,192.02357482910156,40.49258041381836,86.79762268066406,24.289554595947266,33.74285888671875,78.15470886230469,132.8446807861328,71.06073760986328,93.93658447265625,57.14528274536133,191.5974884033203,83.26349639892578,33.02019119262695,54.69541931152344,31.967676162719727,49.92988586425781
2018-06-05,56.33866882324219,86.87062072753906,51.83409118652344,54.59173583984375,190.72894287109375,39.88774871826172,86.30939483642578,24.0582218170166,33.448020935058594,78.22496795654297,132.23109436035156,71.59613800048828,94.41703796386719,57.045162200927734,191.26043701171875,84.81749725341797,32.63707733154297,54.24546813964844,31.85124969482422,49.35537338256836
2018-06-06,57.30231857299805,87.33069610595703,52.079612731933594,54.93463134765625,193.97811889648438,40.77537155151367,88.32625579833984,24.81830406188965,33.71958541870117,78.70896911621094,134.63558959960938,72.20061492919922,94.6942138671875,56.84345626831055,189.6743621826172,84.7874984741211,31.987619400024414,53.07711410522461,31.210880279541016,48.2365837097168
2018-06-07,57.87493896484375,89.86469268798828,53.30718994140625,55.500797271728516,194.99720764160156,40.956031799316406,88.67842102050781,24.8596134185791,33.704071044921875,78.96654510498047,140.5224609375,72.70149230957031,93.2066650390625,56.22246170043945,186.54188537597656,84.46499633789062,32.03883361816406,53.32384490966797,31.42190170288086,48.49359893798828
2018-06-08,58.37770080566406,89.49662017822266,53.26882553100586,55.365238189697266,194.94708251953125,40.77537155151367,88.926513671875,24.79351234436035,34.09976577758789,80.0047836303711,140.0498809814453,71.82930755615234,93.89964294433594,56.13771057128906,187.453857421875,84.19950103759766,32.12488555908203,53.06260681152344,31.49467658996582,48.4633674621582
2018-06-11,58.028564453125,90.28935241699219,54.082088470458984,55.71610641479492,195.53173828125,40.67324447631836,88.70243072509766,24.834821701049805,34.23942184448242,80.56678771972656,138.0433807373047,71.76885986328125,93.36375427246094,56.543609619140625,189.87261962890625,84.45600128173828,31.838048934936523,52.3369026184082,31.174488067626953,47.571346282958984
2018-06-12,57.55373001098633,89.94961547851562,53.26882553100586,54.703372955322266,194.312255859375,40.311927795410156,88.1902084350586,24.702638626098633,34.456661224365234,81.55815887451172,138.2423553466797,71.87247467041016,93.60396575927734,56.9049072265625,190.72512817382812,84.9375,32.249855041503906,52.598140716552734,31.611106872558594,48.055152893066406
2018-06-13,56.918270111083984,89.9425277709961,53.41460418701172,54.20100784301758,195.31454467773438,40.531864166259766,88.01412963867188,24.65306854248047,34.2782096862793,82.17486572265625,138.1179656982422,71.31982421875,93.17894744873047,56.70864486694336,190.73504638671875,85.24299621582031,32.194541931152344,52.43125915527344,31.858518600463867,47.97200012207031
2018-06-14,57.18361282348633,89.54618072509766,52.27141189575195,54.488067626953125,195.16424560546875,40.30406188964844,86.46147155761719,24.372163772583008,34.113834381103516,82.06556701660156,138.50770568847656,72.00200653076172,93.70557403564453,57.495670318603516,195.09674072265625,86.19300079345703,32.53872299194336,53.30934143066406,32.171424865722656,48.84889221191406
2018-06-15,56.32472229003906,87.79784393310547,50.14618682861328,53.29193115234375,193.71923828125,40.18624496459961,86.35740661621094,24.190410614013672,34.536529541015625,84.00148010253906,138.01853942871094,71.34569549560547,92.51371765136719,57.45404815673828,194.14508056640625,85.79850006103516,32.68624496459961,53.918914794921875,32.331520080566406,49.17394256591797
2018-06-18,56.43645095825195,89.16393280029297,51.097537994384766,53.45939636230469,193.2765350341797,39.87990188598633,86.58149719238281,24.289554595947266,34.090335845947266,82.2607421875,137.8691864013672,71.50977325439453,93.18820190429688,58.65885925292969,196.58367919921875,86.18949890136719,32.864498138427734,53.99875259399414,32.43341064453125,49.48387908935547
2018-06-19,56.3526611328125,88.85956573486328,50.83670425415039,52.39085006713867,190.7122039794922,39.21223068237305,86.07730102539062,24.173885345458984,34.12948226928711,82.7134780883789,136.78306579589844,69.95540618896484,93.18820190429688,58.416507720947266,195.7708282470703,86.73899841308594,33.39512634277344,54.913124084472656,32.789974212646484,50.54976272583008
2018-06-20,56.17805099487305,88.68263244628906,51.765045166015625,52.27122497558594,190.29457092285156,39.18865203857422,86.06929779052734,24.157358169555664,33.86333465576172,82.59639739990234,134.7848358154297,69.82589721679688,94.12138366699219,58.683143615722656,200.24156188964844,87.50399780273438,33.33367156982422,55.290496826171875,32.7827033996582,50.572444915771484
2018-06-21,55.64739227294922,86.77152252197266,49.95438766479492,51.66518783569336,189.59286499023438,39.110107421875,86.04527282714844,24.19866943359375,33.730255126953125,83.71267700195312,133.10169982910156,68.85009002685547,93.44690704345703,57.95806884765625,199.7459259033203,86.51100158691406,33.47092819213867,55.81298065185547,32.95734405517578,51.00332260131836
2018-06-22,56.827484130859375,88.54812622070312,52.00288772583008,53.09257507324219,188.7909698486328,38.40314865112305,84.63666534423828,23.95081329345703,33.855499267578125,84.59475708007812,136.434814453125,69.39411163330078,92.77242279052734,57.95064163208008,199.98385620117188,85.78350067138672,33.661468505859375,56.190330505371094,33.335750579833984,50.9126091003418
2018-06-25,55.682289123535156,86.78565216064453,50.74464416503906,52.175533294677734,185.04891967773438,37.649078369140625,83.86833953857422,23.52947425842285,34.113834381103516,85.07872009277344,132.50473022460938,67.86563873291016,90.90608978271484,56.46332550048828,194.64076232910156,83.15750122070312,34.09170150756836,57.38772964477539,33.91062545776367,52.18258285522461
2018-06-26,56.31075668334961,87.88278198242188,51.665306091308594,52.64601516723633,185.08238220214844,37.53911209106445,83.92436981201172,23.579038619995117,33.918128967285156,84.34497833251953,133.41676330566406,69.0918960571289,91.54360961914062,56.13325881958008,197.26768493652344,84.55449676513672,34.16750717163086,57.17726516723633,33.53950500488281,52.386695861816406
2018-06-27,57.05793380737305,89.1851806640625,52.73943328857422,53.2759895324707,183.91294860839844,37.06779479980469,82.62779998779297,23.33119010925293,33.7146110534668,84.51670837402344,130.52304077148438,68.10742950439453,90.12075805664062,55.356143951416016,194.1352081298828,83.02549743652344,34.43589401245117,57.70703887939453,33.714149475097656,52.802452087402344
2018-06-28,57.23949432373047,88.94452667236328,52.48624801635742,53.43546676635742,186.61932373046875,37.931861877441406,83.9803695678711,23.686439514160156,34.0277214050293,84.83673858642578,129.61106872558594,67.26114654541016,91.12782287597656,55.84381866455078,194.52175903320312,85.07250213623047,34.17571258544922,57.496578216552734,33.72141647338867,52.41691970825195
2018-06-29,57.77018356323242,89.48951721191406,53.41460418701172,53.451412200927734,184.2387237548828,37.23276901245117,83.39613342285156,23.289871215820312,34.333011627197266,84.98507690429688,129.9178009033203,67.546142578125,91.1093521118164,55.9632568359375,192.62843322753906,84.98999786376953,34.220787048339844,57.38772964477539,33.6995964050293,52.34888458251953
2018-07-02,57.09283447265625,87.94647979736328,52.624332427978516,52.00009536743164,186.4856414794922,37.4841194152832,84.10042572021484,23.364233016967773,34.246891021728516,85.50028991699219,130.0670166015625,67.45113372802734,92.4028549194336,56.60358428955078,195.64195251464844,85.68900299072266,34.62644958496094,57.881195068359375,34.12894058227539,52.953643798828125
2018-07-03,57.42803192138672,88.2862319946289,53.3685417175293,52.502479553222656,184.0800323486328,36.934268951416016,82.92391204833984,22.95114517211914,34.43475341796875,84.93040466308594,129.7436981201172,67.2179946899414,91.51588439941406,55.32344055175781,191.05223083496094,84.697998046875,34.53425216674805,57.91748046875,34.20171356201172,53.2938117980957
2018-07-05,57.476898193359375,87.75537109375,52.88520812988281,52.972965240478516,184.38072204589844,36.68289566040039,83.46306610107422,23.066810607910156,34.95922088623047,85.5158920288086,130.4401397705078,67.13166046142578,92.171875,56.56293869018555,196.7224884033203,84.98650360107422,34.53014373779297,58.498046875,34.609214782714844,53.77006149291992
2018-07-06,57.49087142944336,87.86865234375,53.4376106262207,53.451412200927734,185.25772094726562,36.98925018310547,83.73666381835938,23.15768814086914,34.943572998046875,85.523681640625,132.1813507080078,67.58932495117188,93.46536254882812,57.24638366699219,201.46084594726562,85.53150177001953,34.892791748046875,59.230987548828125,34.7547492980957,54.09511184692383
2018-07-09,57.88890838623047,89.17809295654297,54.47337341308594,54.49603271484375,190.43655395507812,38.0261116027832,86.32777404785156,24.00039291381836,34.75570297241211,84.11859130859375,132.61253356933594,68.36650085449219,94.10289764404297,57.851016998291016,202.9577178955078,86.95099639892578,33.870445251464844,57.06842803955078,33.743247985839844,52.061649322509766
2018-07-10,58.41960144042969,90.31060791015625,55.0411262512207,55.41306686401367,189.48428344726562,37.782615661621094,85.79669189453125,23.818635940551758,35.20189666748047,88.12312316894531,133.17630004882812,68.48738861083984,94.35237884521484,57.84408187866211,201.76815795898438,87.15350341796875,34.30479049682617,57.70703887939453,34.44912338256836,52.749549865722656
2018-07-11,57.67243957519531,87.42979431152344,53.7445068359375,54.49603271484375,188.49034118652344,37.50768280029297,85.61162567138672,23.694704055786133,35.06100082397461,87.84989929199219,131.51803588867188,68.03836059570312,94.22301483154297,58.058189392089844,200.77685546875,87.75,34.50352096557617,58.33112716674805,34.76203918457031,53.482810974121094
2018-07-12,57.74225997924805,87.95357513427734,54.818603515625,53.80229187011719,189.7933807373047,37.719764709472656,85.98175811767578,23.769060134887695,34.967063903808594,87.0615005493164,131.93264770507812,68.32333374023438,96.26490020751953,59.53507995605469,205.11871337890625,89.83100128173828,34.51990509033203,58.41820526123047,34.914852142333984,53.203102111816406
2018-07-13,58.175193786621094,87.79784393310547,55.24059295654297,54.288719177246094,189.1168212890625,37.766910552978516,85.58744049072266,23.58730125427246,35.021854400634766,87.96701049804688,131.42684936523438,68.3405990600586,97.41057586669922,59.691707611083984,205.5152587890625,90.65149688720703,34.73092269897461,58.50529098510742,34.900291442871094,53.18043518066406
2018-07-16,57.60259246826172,87.04757690429688,54.15114212036133,53.76242446899414,193.31826782226562,38.411014556884766,88.98329162597656,24.60349464416504,35.0140266418457,88.1777572631836,131.6506805419922,67.92609405517578,96.93014526367188,59.299678802490234,205.42604064941406,91.12449645996094,34.726844787597656,58.621402740478516,34.71836471557617,53.23334503173828
2018-07-17,57.476898193359375,86.29019927978516,53.920955657958984,53.22015380859375,192.9674835205078,38.630950927734375,88.91888427734375,24.79351234436035,35.421077728271484,89.6765365600586,132.45497131347656,67.97792053222656,97.89105224609375,60.12089157104492,208.16200256347656,92.19650268554688,34.87229919433594,58.527069091796875,34.67470932006836,53.248470306396484
2018-07-18,57.41407012939453,86.021240234375,53.97465896606445,53.475337982177734,193.15121459960938,39.71494674682617,89.74774932861328,24.892656326293945,35.3193244934082,89.63748931884766,130.9459228515625,68.6428451538086,97.12416076660156,60.11246871948242,207.53750610351562,92.14600372314453,34.710445404052734,58.37468338012695,34.60193634033203,53.0972785949707
2018-07-19,57.267417907714844,86.12032318115234,53.46830368041992,53.36369705200195,191.80638122558594,39.15723419189453,88.42807006835938,24.512615203857422,35.311485290527344,90.37125396728516,130.51478576660156,68.50466918945312,96.45892333984375,59.42803955078125,206.2785186767578,90.64849853515625,34.880496978759766,58.92620086669922,34.87118911743164,53.3996467590332
2018-07-20,56.841461181640625,86.5450210571289,53.93436813354492,52.70183563232422,193.52708435058594,39.487144470214844,89.54656982421875,24.892656326293945,35.44456481933594,90.55860137939453,130.97909545898438,68.48738861083984,98.18667602539062,59.367576599121094,208.11244201660156,90.68499755859375,34.8231201171875,58.527069091796875,34.58010482788086,53.22577667236328
2018-07-23,56.841461181640625,85.87964630126953,53.911258697509766,52.4227409362793,195.25607299804688,39.856327056884766,91.2122802734375,25.40488624572754,35.186241149902344,89.29403686523438,131.62583923339844,68.17652130126953,99.75738525390625,60.01780319213867,209.07400512695312,90.0999984741211,34.589569091796875,58.033592224121094,34.46367263793945,52.49251937866211
2018-07-24,57.9657096862793,87.66338348388672,54.58150100708008,52.24729537963867,197.02696228027344,40.04484939575195,91.85606384277344,25.470985412597656,35.42890167236328,89.56725311279297,130.9542236328125,67.57205963134766,99.47095489501953,62.354591369628906,212.80130004882812,91.46199798583984,34.87229919433594,57.97552490234375,34.594661712646484,52.20526123046875
2018-07-25,58.3707160949707,88.40658569335938,55.0899543762207,52.45463180541992,197.7034912109375,40.09198760986328,92.68488311767578,25.66925811767578,36.078617095947266,89.93411254882812,131.74191284179688,67.93472290039062,102.39983367919922,63.236270904541016,215.60665893554688,93.18049621582031,34.36830139160156,58.18598937988281,34.60193634033203,52.447174072265625
2018-07-26,58.82461929321289,87.73413848876953,55.313350677490234,53.31584548950195,198.0543212890625,40.052711486816406,92.4193344116211,25.561861038208008,36.19603729248047,89.77020263671875,129.46180725097656,68.17652130126953,101.2818832397461,63.71007537841797,174.72561645507812,90.4000015258789,34.45228958129883,58.88264846801758,34.98762130737305,53.70201873779297
2018-07-27,57.204559326171875,89.16393280029297,55.0437126159668,53.45939636230469,198.4970245361328,40.09983825683594,93.36888885498047,25.660999298095703,36.17254638671875,89.20817565917969,130.5728302001953,68.14198303222656,99.48944091796875,62.09389877319336,173.3675537109375,90.8635025024414,34.210548400878906,58.84638595581055,34.90757369995117,53.77763366699219
2018-07-30,57.0788688659668,90.48046875,55.67543411254883,53.88999938964844,199.59124755859375,40.218360900878906,93.93215942382812,25.86754608154297,36.188201904296875,89.13011169433594,131.5346221923828,67.99516296386719,97.35517120361328,60.96144485473633,169.57089233398438,88.96099853515625,34.0568733215332,58.614131927490234,34.86389923095703,53.21821975708008
2018-07-31,56.918270111083984,89.37628936767578,55.598411560058594,53.8421516418457,198.3216094970703,39.94970703125,92.49978637695312,25.512285232543945,36.501319885253906,89.77020263671875,130.62252807617188,68.47013854980469,98.01116180419922,60.821678161621094,171.07769775390625,88.87200164794922,34.32527160644531,59.230987548828125,35.36600875854492,53.77763366699219
2018-08-01,56.136173248291016,88.7533950805664,55.32106399536133,53.1563720703125,197.16055297851562,39.649444580078125,93.07111358642578,25.817974090576172,36.31344985961914,88.68515014648438,130.10850524902344,68.62557220458984,98.19595336914062,61.10765075683594,170.15576171875,89.8584976196289,34.39902877807617,58.81732940673828,34.98762130737305,53.14265441894531
2018-08-02,55.800994873046875,87.59966278076172,55.12847137451172,52.58222579956055,195.44822692871094,39.357093811035156,93.4654312133789,25.842756271362305,36.14906692504883,89.52820587158203,128.85650634765625,69.62727355957031,99.38780212402344,61.511070251464844,174.83465576171875,91.71649932861328,34.716583251953125,58.38190841674805,35.271419525146484,53.2862548828125
2018-08-03,56.00349426269531,87.80492401123047,54.920475006103516,52.54234313964844,195.53173828125,39.43612289428711,94.22185516357422,26.03278160095215,36.49349594116211,90.78500366210938,129.51983642578125,70.68944549560547,99.82206726074219,61.363868713378906,176.232421875,91.16449737548828,35.064884185791016,59.180179595947266,35.60615158081055,53.807865142822266
2018-08-06,55.98951721191406,87.98188781738281,55.25944137573242,52.4227409362793,197.06871032714844,39.499332427978516,94.24601745605469,26.041040420532227,36.516971588134766,91.6280517578125,129.94268798828125,70.45624542236328,99.90521240234375,61.3395881652832,184.07354736328125,92.38749694824219,35.03619384765625,58.86813735961914,35.649818420410156,53.875885009765625
2018-08-07,56.75067138671875,88.6047592163086,56.16078567504883,53.17232131958008,198.65574645996094,39.609954833984375,94.59200286865234,26.03278160095215,36.399566650390625,89.16133117675781,129.37887573242188,70.23176574707031,100.59815979003906,62.24010467529297,182.20989990234375,93.1240005493164,34.958351135253906,58.693973541259766,35.715309143066406,53.85321044921875
2018-08-08,56.37360382080078,87.68460083007812,54.99751663208008,52.957027435302734,197.4362030029297,39.6020393371582,94.78514099121094,26.272367477416992,36.12559509277344,88.59146881103516,131.76681518554688,70.7412338256836,101.1617660522461,62.51218795776367,183.56797790527344,94.32599639892578,34.84566116333008,58.36742401123047,34.1143798828125,53.61886978149414
2018-08-09,56.08729934692383,86.7290267944336,55.27482223510742,52.15159225463867,195.27285766601562,39.06474685668945,94.0528793334961,26.10713768005371,36.282142639160156,88.75540924072266,132.08187866210938,71.44071960449219,101.32808685302734,62.66731262207031,181.49618530273438,94.9260025024414,35.003421783447266,58.643165588378906,34.063453674316406,54.12981033325195
2018-08-10,56.03084945678711,87.30237579345703,55.42122268676758,52.66196060180664,191.78968811035156,38.235107421875,93.12744903564453,25.768402099609375,36.0707893371582,88.10749816894531,131.5677947998047,71.62205505371094,100.70903778076172,62.0750617980957,178.69081115722656,94.31500244140625,35.01980209350586,58.70123291015625,33.5686149597168,54.030670166015625
2018-08-13,55.42412185668945,86.66533660888672,54.75099182128906,51.808719635009766,189.49269104003906,37.4133415222168,91.64683532714844,25.181819915771484,35.875099182128906,88.2245864868164,131.12002563476562,71.13847351074219,99.97913360595703,61.883262634277344,178.4826202392578,94.80999755859375,35.095603942871094,58.73750305175781,33.76508331298828,54.09931564331055
2018-08-14,55.24775314331055,86.76443481445312,55.58298873901367,51.67315673828125,191.7479705810547,37.816322326660156,92.25838470458984,25.43793296813965,35.922061920166016,88.28702545166016,133.1597442626953,71.7515640258789,101.2264633178711,62.35409164428711,179.5334014892578,95.98249816894531,35.22673034667969,58.940704345703125,33.99794006347656,54.16033172607422
2018-08-15,54.281211853027344,83.48014068603516,52.24724197387695,49.67162322998047,191.489013671875,37.49235534667969,91.4939193725586,25.082679748535156,36.0707893371582,88.56025695800781,132.562744140625,71.56158447265625,99.853759765625,61.06947708129883,177.9671630859375,94.13099670410156,35.39677429199219,59.405155181884766,34.31085968017578,54.73227310180664
2018-08-16,55.02903747558594,84.08042907714844,53.4721565246582,49.83111572265625,194.621337890625,38.16399002075195,92.35494995117188,25.380098342895508,36.18038558959961,89.18475341796875,134.0966339111328,72.71012115478516,99.83522033691406,60.665069580078125,173.17922973632812,94.32599639892578,35.810638427734375,60.034934997558594,34.5655517578125,55.16697311401367
2018-08-17,55.21247100830078,84.18047332763672,53.74948501586914,50.10222244262695,194.93875122070312,38.219295501708984,92.35494995117188,25.396625518798828,36.47784423828125,89.73897552490234,133.6157684326172,72.6841049194336,99.77957153320312,60.258174896240234,172.2870635986328,94.11100006103516,35.888492584228516,60.39461135864258,34.61713409423828,55.28897476196289
2018-08-20,55.60049057006836,84.14472961425781,54.327266693115234,50.63651657104492,196.943359375,38.15608215332031,92.23426055908203,25.504026412963867,36.57960510253906,89.64532470703125,134.0552215576172,72.94426727294922,99.12106323242188,60.56050109863281,170.9983673095703,93.83550262451172,35.710243225097656,60.04962158203125,34.3518180847168,55.044944763183594
2018-08-21,55.61460494995117,84.28050231933594,54.61231994628906,51.641265869140625,199.34066772460938,38.35361862182617,92.79753875732422,25.62795066833496,36.18038558959961,88.7710189819336,133.5245361328125,73.13507080078125,98.29557800292969,60.335487365722656,171.1173095703125,94.1709976196289,35.368106842041016,59.660587310791016,33.902244567871094,54.640750885009766
2018-08-22,56.411827087402344,84.98084259033203,55.467430114746094,51.904396057128906,199.9169921875,38.40102767944336,92.51590728759766,25.59490203857422,35.953372955322266,87.61570739746094,133.1182403564453,72.6841049194336,99.29727172851562,60.55058288574219,172.12843322753906,95.24500274658203,35.17961502075195,59.33028030395508,33.356849670410156,53.946800231933594
2018-08-23,55.790985107421875,84.39485931396484,55.50596618652344,51.553558349609375,197.41116333007812,38.0296630859375,92.32276153564453,25.479244232177734,35.77333450317383,87.37372589111328,131.87457275390625,72.43258666992188,99.76101684570312,60.52134323120117,171.3948974609375,95.1449966430664,35.1632194519043,59.36699295043945,33.26841735839844,54.41960525512695
2018-08-24,56.17195129394531,85.04513549804688,55.93737030029297,52.03199768066406,196.38377380371094,38.03755187988281,92.28252410888672,25.52054786682129,35.71854782104492,87.54545593261719,132.14820861816406,72.97030639648438,100.54012298583984,61.29399490356445,173.12966918945312,95.26950073242188,35.38243865966797,59.75602340698242,33.187347412109375,54.56450271606445
2018-08-27,56.72224426269531,86.00269317626953,56.11455535888672,51.71302032470703,202.64007568359375,39.42032241821289,93.91608428955078,25.86754608154297,35.76549530029297,87.74842834472656,133.06027221679688,73.27381896972656,101.65309143066406,62.26141357421875,175.91519165039062,96.38400268554688,35.12839126586914,59.15412139892578,32.892547607421875,54.2671012878418
2018-08-28,56.637577056884766,85.6525650024414,55.50596618652344,51.091033935546875,202.44790649414062,39.507225036621094,93.4573974609375,25.83449935913086,35.515018463134766,86.78045654296875,134.0220489501953,74.0370101928711,102.2652359008789,61.7454833984375,174.72561645507812,96.64099884033203,34.944000244140625,58.97795104980469,32.67143630981445,54.22896957397461
2018-08-29,57.04676818847656,85.9098129272461,56.65382385253906,51.42595291137695,202.30543518066406,39.46772766113281,93.15159606933594,25.727096557617188,35.48370361328125,87.4674072265625,135.24085998535156,74.57472229003906,103.89762115478516,62.67673110961914,174.36875915527344,99.90499877929688,35.16671371459961,59.25687026977539,32.82622146606445,54.67890167236328
2018-08-30,56.799842834472656,85.61680603027344,56.66923522949219,51.306339263916016,200.6293487548828,38.954132080078125,92.69294738769531,25.61968994140625,35.186241149902344,87.39715576171875,134.98385620117188,74.32320404052734,103.83267974853516,62.17071533203125,176.0936279296875,100.11900329589844,35.228580474853516,59.68994903564453,32.56825637817383,54.76279067993164
2018-08-31,56.55995559692383,84.65211486816406,56.5690803527832,50.365379333496094,199.2968292236328,38.58275604248047,92.20207214355469,25.553598403930664,34.88877487182617,87.43616485595703,135.35093688964844,75.35523223876953,104.18515014648438,61.048667907714844,174.2002410888672,100.635498046875,35.07804870605469,59.63120651245117,32.266090393066406,54.701778411865234
2018-09-04,56.64463806152344,84.94508361816406,56.32256317138672,49.77057647705078,199.17112731933594,38.487937927246094,92.66075897216797,25.727096557617188,35.037506103515625,86.64777374267578,134.92544555664062,75.46796417236328,103.6100845336914,60.03316879272461,169.6700439453125,101.97550201416016,35.0636100769043,59.76335906982422,32.34716796875,55.1059684753418
2018-09-05,57.3995246887207,84.98084259033203,56.23781967163086,49.04716873168945,199.08734130859375,38.495845794677734,92.21009826660156,25.76014518737793,35.52284240722656,88.30266571044922,136.19357299804688,75.21646881103516,100.62357330322266,59.42803955078125,165.72467041015625,99.74099731445312,35.391510009765625,61.062564849853516,32.9146728515625,55.85331344604492
2018-09-06,56.76457214355469,82.34391784667969,54.342681884765625,48.396095275878906,196.53970336914062,37.87162399291992,91.81581115722656,25.61071014404297,35.8281364440918,89.3321304321289,136.6107635498047,76.24846649169922,100.8554458618164,58.67918014526367,161.1151580810547,97.91549682617188,35.84518814086914,61.2680778503418,33.725364685058594,55.921958923339844
2018-09-07,57.73110580444336,81.89372253417969,54.096160888671875,47.98616027832031,196.0284881591797,38.100772857666016,91.99283599853516,25.619014739990234,35.78899383544922,88.73396301269531,136.7442626953125,76.66475677490234,100.36388397216797,58.36199951171875,161.62071228027344,97.60350036621094,35.4904899597168,60.5340576171875,32.67143630981445,55.426265716552734
2018-09-10,57.646453857421875,81.80796813964844,54.812618255615234,48.21122741699219,194.35232543945312,37.87953186035156,91.5019760131836,25.58580780029297,36.05514144897461,89.38722229003906,137.72039794921875,76.71681213378906,101.44904327392578,58.23660659790039,162.75079345703125,96.95050048828125,35.47605895996094,60.416603088378906,32.69355392456055,55.9753303527832
2018-09-11,58.45778274536133,82.19384765625,55.059139251708984,48.48451614379883,192.9276885986328,37.816322326660156,92.08136749267578,25.61071014404297,36.02382278442383,89.19832611083984,137.34500122070312,76.517333984375,103.1741714477539,58.976539611816406,164.49546813964844,99.35749816894531,35.500797271728516,59.733978271484375,32.55351638793945,55.65503692626953
2018-09-12,58.64826965332031,82.74411010742188,55.444313049316406,48.886409759521484,191.20130920410156,37.51605224609375,90.99502563476562,25.262042999267578,36.19603729248047,89.60760498046875,137.44509887695312,76.60406494140625,103.6100845336914,58.06512451171875,160.5897674560547,99.5,35.572975158691406,59.37432098388672,32.51667785644531,55.29661178588867
2018-09-13,58.076812744140625,83.10856628417969,55.89114761352539,49.04716873168945,191.35211181640625,37.70569610595703,91.34910583496094,25.02128791809082,36.18025588989258,90.50486755371094,135.4927520751953,76.74280548095703,104.72311401367188,58.58749771118164,159.95535278320312,99.49349975585938,36.006038665771484,60.29917907714844,32.641963958740234,55.64741134643555
2018-09-14,58.50010681152344,83.88034057617188,56.623023986816406,49.215965270996094,192.11477661132812,38.07707595825195,91.3329849243164,25.212230682373047,36.30655288696289,90.17430877685547,134.19126892089844,76.43928527832031,105.14974975585938,58.381317138671875,160.90699768066406,98.5094985961914,35.81013107299805,59.96885681152344,32.35453796386719,55.365230560302734
2018-09-17,58.84579849243164,83.97322845458984,57.19308853149414,49.00697326660156,190.9833984375,37.674095153808594,91.6065902709961,25.13751220703125,36.567081451416016,90.82756042480469,131.9385528564453,76.04901885986328,104.0089111328125,57.4818000793457,159.18214416503906,95.40149688720703,35.85344314575195,60.247806549072266,32.71567153930664,55.517757415771484
2018-09-18,59.001014709472656,84.41629791259766,57.80940628051758,49.02304458618164,191.82142639160156,37.80842971801758,91.97673797607422,25.07939910888672,36.259193420410156,89.70995330810547,131.6298828125,76.56936645507812,105.00133514404297,57.842594146728516,158.9045867919922,97.05249786376953,35.766815185546875,60.130340576171875,33.01045227050781,55.235591888427734
2018-09-19,59.706504821777344,85.40245056152344,58.18689727783203,49.215965270996094,197.42800903320312,38.79609680175781,94.64833068847656,25.735233306884766,36.28287887573242,89.54466247558594,132.80628967285156,76.79485321044922,103.6008071899414,58.197452545166016,161.6405487060547,96.32099914550781,34.88625717163086,58.78711700439453,32.20713424682617,54.12981033325195
2018-09-20,59.84056091308594,85.33811950683594,58.05592346191406,49.48925018310547,198.95321655273438,39.41241455078125,95.46109008789062,25.892969131469727,36.8197021484375,90.68589782714844,134.14952087402344,77.15043640136719,105.33524322509766,59.054847717285156,164.5747528076172,97.21499633789062,34.90687942504883,59.1761360168457,31.90496063232422,54.20608139038086
2018-09-21,60.087493896484375,86.56010437011719,58.76469039916992,49.13558578491211,197.2268829345703,39.04104995727539,94.83341979980469,25.760143280029297,36.77233123779297,90.44190216064453,137.9123077392578,77.6447525024414,105.9752197265625,58.09089660644531,161.51165771484375,95.75050354003906,35.21415710449219,58.588924407958984,32.435611724853516,54.45012283325195
2018-09-24,61.096336364746094,87.62487030029297,59.365570068359375,49.513370513916016,195.18202209472656,38.36942672729492,93.92411041259766,25.51939582824707,36.369712829589844,88.3640365600586,136.25198364257812,77.4452896118164,106.35546875,58.459632873535156,163.97010803222656,96.71800231933594,34.812015533447266,58.43476867675781,32.302947998046875,53.87053680419922
2018-09-25,61.02579879760742,88.16081237792969,60.17445755004883,50.26087951660156,194.8468017578125,38.1481819152832,93.6585693359375,25.461278915405273,36.06182098388672,88.12792205810547,138.83837890625,77.94831848144531,106.15142059326172,59.16983413696289,163.47442626953125,98.72750091552734,34.40782928466797,57.84757614135742,31.49223518371582,53.23756790161133
2018-09-26,60.51782989501953,87.14608001708984,59.535037994384766,48.93463134765625,191.8130645751953,37.68989562988281,92.5561294555664,25.012990951538086,36.1960334777832,87.75799560546875,138.29608154296875,77.94831848144531,105.71552276611328,59.178253173828125,165.49667358398438,98.74250030517578,33.912906646728516,57.31907653808594,31.440654754638672,52.596988677978516
2018-09-27,60.51078414916992,87.51768493652344,59.71995162963867,49.16773986816406,190.85769653320312,37.745216369628906,92.1537857055664,24.855257034301758,36.32234191894531,87.40382385253906,138.93850708007812,78.32989501953125,106.11431884765625,59.83740997314453,167.37022399902344,100.64900207519531,34.14800262451172,57.94301223754883,31.868099212646484,53.19944381713867
2018-09-28,59.981651306152344,87.38189697265625,59.627479553222656,48.9667854309082,187.92449951171875,36.79702377319336,90.80188751220703,24.456771850585938,36.464439392089844,87.9941177368164,139.57257080078125,78.84159088134766,106.07722473144531,59.82353591918945,163.0283660888672,100.1500015258789,34.56250762939453,58.735721588134766,32.1334342956543,54.05356216430664
2018-10-01,60.53900146484375,88.88970947265625,61.54573440551758,49.50532913208008,188.8380126953125,36.84444046020508,91.3329849243164,24.6145076751709,36.49602127075195,87.13621520996094,139.05531311035156,78.4166030883789,107.2273178100586,59.89539337158203,161.02597045898438,100.21800231933594,34.43670654296875,58.3907585144043,31.823890686035156,54.06882095336914
2018-10-02,60.9975700378418,89.13982391357422,60.305419921875,49.7464599609375,189.45811462402344,36.84444046020508,91.71121978759766,24.556394577026367,36.717071533203125,85.5699691772461,137.8121795654297,78.0350341796875,106.80067443847656,59.85128402709961,157.94302368164062,98.56549835205078,34.92131423950195,59.02933883666992,32.00814437866211,54.41197967529297
2018-10-03,60.77885437011719,89.54714965820312,60.52883529663086,50.33322525024414,190.8911895751953,37.223716735839844,92.57223510742188,24.905071258544922,36.21182632446289,84.62548828125,137.37832641601562,77.84423065185547,106.81919860839844,60.044071197509766,161.0159912109375,97.63800048828125,34.69448471069336,58.126502990722656,31.536453247070312,53.55023956298828
2018-10-04,60.376731872558594,89.28988647460938,60.305419921875,50.51810073852539,190.6397705078125,37.35013961791992,93.4068832397461,25.262042999267578,36.1960334777832,83.90924835205078,138.32945251464844,77.67945861816406,104.61180114746094,58.33622360229492,157.46722412109375,95.47100067138672,34.90275955200195,58.677024841308594,31.67648696899414,53.80952835083008
2018-10-05,60.20741271972656,89.56145477294922,60.390174865722656,50.638668060302734,189.15640258789062,36.93925857543945,92.88015747070312,25.09600830078125,36.219722747802734,83.8147964477539,138.97193908691406,78.05233764648438,103.99964904785156,57.87828063964844,155.96043395996094,94.48249816894531,35.546173095703125,59.7486572265625,32.21450424194336,54.80855178833008
2018-10-08,60.76476287841797,89.2112808227539,60.305419921875,50.59044647216797,188.85475158691406,37.1525993347168,93.44738006591797,25.129215240478516,36.69338607788086,85.15281677246094,139.97305297851562,78.60740661621094,102.81245422363281,57.28801727294922,155.88111877441406,93.22100067138672,35.74208068847656,60.29183578491211,32.36928176879883,55.555904388427734
2018-10-09,61.03286361694336,90.62621307373047,61.168251037597656,50.727081298828125,186.80990600585938,36.47307205200195,92.79911804199219,24.88846206665039,36.62234115600586,85.09771728515625,141.69175720214844,79.07572174072266,104.12023162841797,56.7552375793457,156.5254669189453,93.51599884033203,35.826622009277344,60.372589111328125,32.51667785644531,55.70842361450195
2018-10-10,59.62889862060547,87.61058044433594,57.8478889465332,48.886409759521484,180.08868408203125,35.256248474121094,90.3276138305664,24.274139404296875,36.06182098388672,84.48381042480469,140.47360229492188,77.35855102539062,98.4625244140625,54.1280403137207,150.06222534179688,87.76249694824219,35.624534606933594,60.10099411010742,32.38401794433594,55.441505432128906
2018-10-11,57.56884002685547,84.63067626953125,56.0760383605957,47.51995849609375,178.47964477539062,34.36338806152344,87.62110900878906,23.543594360351562,35.24079513549805,82.68927001953125,135.96832275390625,75.5113296508789,98.23065185546875,54.057655334472656,152.01510620117188,85.96800231933594,34.8697624206543,58.70638656616211,32.089210510253906,54.3128547668457
2018-10-12,57.41362762451172,84.15902709960938,57.116546630859375,47.68876266479492,179.23391723632812,34.31597900390625,86.66490173339844,23.626605987548828,35.27238845825195,82.8624496459961,136.677490234375,76.3612289428711,101.6252670288086,55.53456115722656,152.40167236328125,89.43049621582031,34.92544174194336,58.713706970214844,32.11870574951172,54.06882095336914
2018-10-15,57.018558502197266,83.56590270996094,56.6833381652832,47.86559295654297,180.36524963378906,34.34758377075195,86.17061614990234,23.178316116333008,35.45395278930664,83.1379165649414,136.55238342285156,76.70812225341797,99.79812622070312,54.637516021728516,152.18359375,88.04750061035156,34.983184814453125,58.81645965576172,32.59037780761719,54.16033172607422
2018-10-16,57.286643981933594,83.97322845458984,57.09334182739258,47.9700927734375,185.79580688476562,36.29922866821289,88.01815795898438,23.684720993041992,35.91184997558594,84.52316284179688,136.88607788085938,78.4252700805664,102.95158386230469,56.15605545043945,157.39781188964844,90.99800109863281,35.32345199584961,59.41101837158203,32.804107666015625,54.67890167236328
2018-10-17,57.4983024597168,83.8160171508789,56.07217788696289,47.616416931152344,191.31027221679688,37.286922454833984,88.99866485595703,23.99188232421875,36.20392608642578,85.24725341796875,139.1387176513672,79.23180389404297,102.6826171875,55.88396072387695,158.0322265625,91.58650207519531,35.226524353027344,59.286231994628906,32.65669631958008,54.69414138793945
2018-10-18,57.74522018432617,83.94465637207031,56.15725326538086,46.965362548828125,188.51950073242188,36.37034606933594,87.58867645263672,23.452268600463867,36.006561279296875,84.94818878173828,139.172119140625,77.89625549316406,100.63282775878906,54.41300964355469,153.57142639160156,88.53600311279297,35.381187438964844,59.645904541015625,32.64934158325195,54.66365432739258
2018-10-19,57.82988739013672,84.42342376708984,56.07990646362305,46.997501373291016,190.20404052734375,36.67851638793945,87.44283294677734,23.5103816986084,36.57496643066406,86.80567169189453,139.7394561767578,77.5320053100586,100.78125762939453,54.773311614990234,152.70896911621094,88.20149993896484,35.77094650268555,60.73959732055664,33.21683120727539,55.86857223510742
2018-10-22,57.25135803222656,83.75885009765625,55.73953628540039,45.6632194519043,185.71209716796875,35.6434211730957,86.1867904663086,22.73002815246582,36.290771484375,86.10517120361328,139.02194213867188,77.48867797851562,101.68089294433594,55.08009338378906,153.43260192871094,89.46499633789062,35.60597229003906,60.65885925292969,33.143131256103516,55.78467559814453
2018-10-23,56.32716751098633,81.03620910644531,53.550167083740234,44.28068923950195,183.16436767578125,35.1772346496582,85.28733825683594,22.43115997314453,36.59865188598633,86.67972564697266,147.79891967773438,77.02899932861328,100.26185607910156,55.25553512573242,153.04600524902344,88.43499755859375,35.18735122680664,60.40928649902344,32.96623992919922,56.005828857421875
2018-10-24,54.76095962524414,78.75659942626953,50.81927490234375,42.608829498291016,175.303466796875,34.36338806152344,83.6991195678711,21.74211883544922,36.890743255615234,88.90711975097656,147.9657745361328,75.50265502929688,94.90097045898438,52.39142990112305,144.76870727539062,83.20999908447266,36.21226119995117,62.207618713378906,33.916988372802734,57.6225700378418
2018-10-25,55.24775314331055,79.73561096191406,52.62181854248047,42.8419189453125,179.3512420654297,35.20093536376953,84.97132110595703,22.074190139770508,36.717071533203125,88.82054901123047,146.26376342773438,75.38124084472656,100.4473648071289,54.694515228271484,149.63597106933594,89.1084976196289,35.717323303222656,61.39283752441406,33.36422348022461,56.082088470458984
2018-10-26,54.697452545166016,79.69991302490234,52.97768020629883,42.52040100097656,177.96844482421875,34.74265670776367,83.80442810058594,21.908157348632812,36.25128936767578,86.93158721923828,144.6201629638672,74.39259338378906,99.20452117919922,53.71123123168945,144.1045379638672,82.1405029296875,35.03473663330078,60.10834503173828,33.06206512451172,55.472007751464844
2018-10-29,54.358802795410156,77.8419189453125,52.10348129272461,41.35491943359375,179.75355529785156,34.72686767578125,84.96322631835938,22.090795516967773,36.677589416503906,88.85203552246094,144.5283966064453,74.12372589111328,96.32001495361328,51.281776428222656,140.8531036376953,76.94400024414062,35.630706787109375,61.2607421875,33.82118225097656,56.463401794433594
2018-10-30,55.57932662963867,79.21397399902344,53.782249450683594,42.05420684814453,183.76779174804688,35.40309143066406,86.46231842041016,22.23192024230957,37.60124969482422,89.54466247558594,148.91690063476562,74.956298828125,96.2087173461914,52.0142822265625,144.94715881347656,76.52100372314453,35.78950500488281,61.532310485839844,33.76958084106445,56.65406036376953
2018-10-31,56.21427536010742,79.78564453125,54.07622528076172,41.24238204956055,188.8715057373047,36.325958251953125,88.34230041503906,22.82964324951172,37.798606872558594,88.45061492919922,147.59034729003906,78.40792846679688,99.06539154052734,54.04972457885742,150.46864318847656,79.90049743652344,35.572975158691406,60.65151596069336,33.187347412109375,55.9448356628418
2018-11-01,56.912723541259766,79.4426498413086,53.82866287231445,41.523704528808594,190.21238708496094,36.508949279785156,88.30987548828125,23.08700180053711,37.688087463378906,87.76588439941406,145.90505981445312,76.3091812133789,98.23993682861328,53.82175064086914,150.4290008544922,83.27649688720703,35.15434646606445,59.939510345458984,33.09153747558594,55.64741134643555
2018-11-02,57.815773010253906,81.98662567138672,52.48255920410156,41.31472396850586,192.4918975830078,36.556671142578125,87.82368469238281,23.153411865234375,37.89334487915039,87.4982681274414,147.4652099609375,75.36390686035156,98.4625244140625,53.10361862182617,149.04119873046875,83.27649688720703,34.675926208496094,60.62215805053711,32.97361755371094,55.433895111083984
2018-11-05,57.597076416015625,84.9951171875,53.40317153930664,41.764854431152344,191.67897033691406,36.45326232910156,88.39900207519531,23.29453468322754,38.43806457519531,90.03263092041016,150.50210571289062,75.8582534790039,99.71464538574219,52.32254409790039,147.38572692871094,81.38999938964844,35.2038459777832,61.34883117675781,33.3494873046875,56.05159378051758
2018-11-06,57.84397506713867,84.96651458740234,53.766780853271484,41.861305236816406,191.2432098388672,36.37369155883789,88.81229400634766,23.419065475463867,38.76962661743164,90.67800903320312,152.43775939941406,76.23114776611328,99.90940856933594,53.00846481323242,148.63473510742188,82.1405029296875,35.35850524902344,61.89931869506836,33.659034729003906,56.77605438232422
2018-11-07,58.577720642089844,86.37429809570312,54.176780700683594,42.05420684814453,193.8243865966797,37.08175277709961,90.3357162475586,23.69301986694336,38.97487258911133,90.99284362792969,153.72256469726562,77.51468658447266,103.84200286865234,54.924964904785156,150.2109375,87.77449798583984,35.78744888305664,62.17092514038086,34.64661407470703,57.29463195800781
2018-11-08,57.646453857421875,85.29525756835938,51.763099670410156,41.45941162109375,194.13446044921875,36.93854904174805,91.06500244140625,23.966976165771484,38.94330596923828,91.34703826904297,154.74874877929688,78.45130157470703,103.64720916748047,54.250450134277344,146.58279418945312,87.74549865722656,35.87405014038086,61.89931869506836,34.329708099365234,57.07149124145508
2018-11-09,57.6321907043457,85.40245056152344,51.623836517333984,40.51094436645508,186.59201049804688,36.38165283203125,90.18174743652344,23.67641830444336,39.21961212158203,92.46467590332031,155.13255310058594,78.67677307128906,101.6252670288086,53.37769317626953,143.69810485839844,85.62149810791016,36.41023254394531,62.81683349609375,34.49922180175781,57.95637893676758
2018-11-12,56.89104461669922,83.88746643066406,50.39378356933594,39.74733352661133,172.6803436279297,35.10873031616211,88.28559875488281,23.037193298339844,39.369590759277344,92.06326293945312,153.8226776123047,77.57540130615234,99.12106323242188,52.00684356689453,140.3177947998047,81.84249877929688,36.80823516845703,63.0663948059082,34.55817413330078,58.63351821899414
2018-11-13,55.58687973022461,82.42964935302734,49.295230865478516,38.05133056640625,171.84228515625,35.54630661010742,88.80418395996094,23.04549217224121,39.36170196533203,92.19706726074219,153.5222930908203,77.21112823486328,99.18597412109375,51.93795394897461,140.92247009277344,81.55850219726562,36.843284606933594,63.382049560546875,34.83824920654297,58.81049728393555
2018-11-14,55.152164459228516,82.69408416748047,49.60467529296875,38.42913818359375,169.69688415527344,34.885955810546875,86.97283935546875,22.588895797729492,39.28276062011719,91.81139373779297,153.3888397216797,77.34121704101562,97.77941131591797,52.26554870605469,142.96456909179688,79.95050048828125,36.46385955810547,63.43340301513672,34.934059143066406,58.57964324951172
2018-11-15,55.7222900390625,84.38984680175781,50.44792938232422,38.646141052246094,170.74444580078125,35.24398422241211,89.19314575195312,23.161712646484375,39.2669677734375,91.92947387695312,153.14686584472656,77.00298309326172,99.93115997314453,53.08181381225586,142.59776306152344,80.97200012207031,36.950523376464844,63.914207458496094,34.771907806396484,59.08749008178711
2018-11-16,56.271018981933594,85.91236877441406,51.15193176269531,38.7586784362793,169.38682556152344,35.10873031616211,89.12831115722656,23.037193298339844,39.60643005371094,93.14940643310547,156.50917053222656,77.0897216796875,100.87199401855469,52.94403839111328,138.31536865234375,79.67050170898438,37.20005798339844,64.31491088867188,35.00332260131836,59.26448059082031
2018-11-19,56.45631790161133,86.17214965820312,51.399478912353516,38.83101272583008,166.1184539794922,35.33149337768555,89.80899810791016,23.037193298339844,39.87483596801758,93.66886901855469,155.78334045410156,76.43061065673828,97.45337677001953,50.91948699951172,130.4048309326172,75.614501953125,37.534122467041016,65.0271987915039,35.11530685424805,59.579959869384766
2018-11-20,54.85284423828125,83.77648162841797,49.504112243652344,37.69768524169922,160.35263061523438,34.28928756713867,87.88040161132812,22.73002815246582,38.98278045654297,91.29981231689453,153.27207946777344,75.61538696289062,94.74272155761719,51.06964874267578,131.2771759033203,74.77300262451172,36.865989685058594,65.6801528930664,34.831626892089844,59.880043029785156
2018-11-21,55.273319244384766,84.83721160888672,50.65681076049805,38.292476654052734,161.40855407714844,34.790504455566406,87.22404479980469,22.63870620727539,38.469635009765625,90.73311614990234,152.44606018066406,75.47664642333984,96.04680633544922,51.712947845458984,133.64637756347656,75.83650207519531,36.33185958862305,64.14423370361328,34.062747955322266,58.21031188964844
2018-11-23,53.798126220703125,81.9725112915039,49.357120513916016,37.27165603637695,158.4754180908203,34.27337646484375,86.42180633544922,22.389652252197266,38.69857406616211,90.83544921875,151.786865234375,75.9294662475586,96.00955963134766,51.052310943603516,130.583251953125,75.10299682617188,36.56901931762695,64.36682891845703,34.12992477416992,58.37190246582031
2018-11-26,54.85999298095703,82.96827697753906,50.05337905883789,37.48065185546875,162.86676025390625,35.22806930541992,88.53681182861328,22.87944984436035,38.58015060424805,91.18960571289062,153.42221069335938,76.90483093261719,99.1766586303711,52.332950592041016,135.19281005859375,79.06649780273438,36.50715255737305,64.53748321533203,34.07766342163086,58.44884490966797
2018-11-27,54.90985870361328,83.13426208496094,50.5020866394043,37.13502502441406,162.28851318359375,35.045082092285156,88.9095230102539,23.028884887695312,38.97487258911133,91.64613342285156,154.03961181640625,77.9150161743164,99.80076599121094,52.151554107666016,133.82479858398438,79.07099914550781,36.707191467285156,65.16816711425781,34.406124114990234,58.92592239379883
2018-11-28,55.90756607055664,85.2485122680664,51.329872131347656,37.3038215637207,166.22738647460938,36.047508239746094,89.89814758300781,23.60169792175293,39.2432861328125,93.2674789428711,156.72608947753906,79.88314056396484,103.50811004638672,54.10969924926758,135.56948852539062,83.88749694824219,36.717498779296875,64.99754333496094,34.42852783203125,58.648895263671875
2018-11-29,56.34229278564453,85.76084899902344,51.732154846191406,36.89388656616211,163.95550537109375,35.411048889160156,89.18504333496094,23.277936935424805,38.97275161743164,93.0864486694336,157.90249633789062,79.99634552001953,102.64183044433594,54.24797821044922,137.47274780273438,83.67849731445312,36.75485610961914,64.99754333496094,34.74205780029297,58.74893569946289
2018-11-30,56.655860900878906,85.8257827758789,51.198368072509766,36.2508544921875,160.455078125,35.315582275390625,90.1007080078125,23.576799392700195,40.10262680053711,95.9749984741211,158.24664306640625,80.30984497070312,103.29388427734375,54.994850158691406,139.385986328125,84.50849914550781,37.70734405517578,65.71723937988281,35.331787109375,59.81849670410156
2018-12-03,57.88161849975586,87.07412719726562,53.46506118774414,37.21540832519531,161.24600219726562,36.12705993652344,90.95157623291016,23.69301986694336,39.53770065307617,93.64527893066406,155.61077880859375,80.1792221069336,104.41165924072266,55.327396392822266,139.8617706298828,88.61799621582031,37.869197845458984,66.49632263183594,35.451229095458984,60.25709533691406
2018-12-04,56.60596466064453,84.59906768798828,51.77082443237305,35.85029983520508,155.08665466308594,34.305213928222656,86.89183044433594,22.406259536743164,39.45018005371094,92.71654510498047,155.333740234375,78.96875,101.08622741699219,52.65658187866211,136.7293243408203,83.41999816894531,37.80278778076172,66.81536102294922,35.26460647583008,60.34173583984375
2018-12-06,55.86481475830078,83.63935852050781,51.53101348876953,34.38768768310547,154.90155029296875,33.89945602416992,85.23873901367188,21.938766479492188,39.291038513183594,92.6911392211914,155.6779327392578,79.682861328125,101.71034240722656,53.43022155761719,138.4145050048828,84.95950317382812,37.904476165771484,66.6521224975586,34.72712326049805,60.603363037109375
2018-12-07,55.330322265625,83.33631134033203,50.989471435546875,34.97273635864258,151.18231201171875,32.873172760009766,83.6991195678711,21.229177474975586,39.06028366088867,91.88196563720703,153.58766174316406,78.75102996826172,97.63967895507812,51.86906433105469,136.2237548828125,81.45649719238281,37.94597625732422,66.77083587646484,35.07051467895508,61.03425979614258
2018-12-10,54.54640579223633,82.93944549560547,50.440189361572266,34.1032829284668,150.47555541992188,32.38786315917969,82.1351547241211,20.669857025146484,39.17963409423828,92.17549133300781,155.00634765625,78.60298156738281,100.21990203857422,52.1961669921875,140.61517333984375,82.05149841308594,37.89409255981445,67.15666961669922,35.249671936035156,61.065040588378906
2018-12-11,54.64619445800781,83.32186889648438,50.62586975097656,33.510128021240234,148.7673797607422,32.316253662109375,81.33293151855469,20.51959228515625,39.418331146240234,93.04814910888672,154.11651611328125,78.21109771728516,101.15143585205078,52.615943908691406,140.84315490722656,82.16200256347656,37.970890045166016,67.36444854736328,35.50347900390625,61.372833251953125
2018-12-12,54.17582702636719,83.43011474609375,50.494361877441406,33.67262268066406,148.68325805664062,32.46742630004883,81.8596420288086,20.46950340270996,39.163719177246094,92.81808471679688,154.024169921875,78.77716064453125,101.60784912109375,53.21463394165039,143.2421112060547,83.177001953125,37.62433624267578,66.48149108886719,35.0929069519043,61.18815231323242
2018-12-13,54.85999298095703,83.66102600097656,51.159664154052734,33.33135223388672,148.02691650390625,32.30034637451172,81.940673828125,20.369327545166016,39.36265182495117,93.88904571533203,156.50054931640625,81.38969421386719,101.95249938964844,53.20521545410156,143.7476806640625,82.91899871826172,37.80903244018555,67.44605255126953,35.49602127075195,61.83452606201172
2018-12-14,53.862281799316406,82.13846588134766,49.93735122680664,31.771228790283203,145.3763885498047,31.536609649658203,81.26810455322266,20.43610954284668,39.25920867919922,90.39845275878906,153.8646697998047,79.85701751708984,98.76679229736328,52.12331008911133,142.80593872070312,79.59549713134766,37.60980987548828,67.3347396850586,35.331787109375,61.565189361572266
2018-12-17,52.76477813720703,81.1426773071289,48.8310546875,31.73059844970703,141.3711395263672,31.50477409362793,80.2308578491211,20.427764892578125,38.45555877685547,89.54167938232422,151.76602172851562,78.12401580810547,95.8418960571289,50.831764221191406,138.9696502685547,76.04550170898438,36.44980239868164,65.36106872558594,34.33893966674805,59.503013610839844
2018-12-18,51.31098175048828,79.18717193603516,47.89497756958008,30.747392654418945,144.30775451660156,31.735490798950195,79.85002136230469,20.427764892578125,38.44760513305664,88.72454071044922,150.85943603515625,78.46366882324219,96.847900390625,51.71196365356445,142.409423828125,77.5739974975586,36.52244186401367,65.04203033447266,33.98808288574219,59.44914245605469
2018-12-19,50.4415283203125,77.80892944335938,47.407596588134766,30.706768035888672,142.41448974609375,31.2661075592041,78.83709716796875,20.185670852661133,38.11342239379883,87.29658508300781,150.397705078125,78.48108673095703,96.58709716796875,51.31795120239258,132.0801544189453,74.75399780273438,36.21531295776367,64.72298431396484,33.801456451416016,59.141353607177734
2018-12-20,48.909324645996094,75.75240325927734,46.41735076904297,29.41478729248047,141.7076873779297,30.955827713012695,78.15642547607422,20.127235412597656,37.826969146728516,87.43144989013672,145.79745483398438,75.8685073852539,94.5564193725586,50.72917175292969,132.23873901367188,73.04149627685547,36.296241760253906,65.39818572998047,33.65962219238281,59.726158142089844
2018-12-21,48.5458869934082,75.19678497314453,46.262630462646484,29.00851058959961,134.6731719970703,29.97727394104004,76.30889129638672,19.509477615356445,37.85083770751953,86.80474090576172,146.19200134277344,76.75679016113281,91.50110626220703,49.12687301635742,123.86228942871094,68.87249755859375,36.1302375793457,65.04944610595703,33.65962219238281,58.81049728393555
2018-12-24,46.685855865478516,72.87324523925781,44.104225158691406,28.59410285949707,131.5598602294922,29.444236755371094,74.66390228271484,18.975191116333008,36.56978225708008,84.1153793334961,142.9432830810547,75.78143310546875,87.68195343017578,48.800777435302734,122.98003387451172,67.197998046875,34.87892150878906,62.25959777832031,32.114383697509766,56.594425201416016
2018-12-26,48.91645812988281,77.49143981933594,47.57779312133789,29.747949600219727,137.09652709960938,31.2661075592041,77.75938415527344,20.127235412597656,37.34955596923828,85.94002532958984,146.09124755859375,78.36785888671875,93.67150115966797,51.932010650634766,133.01194763183594,73.54499816894531,35.347904205322266,63.25382614135742,32.57719802856445,57.21770095825195
2018-12-27,49.13025665283203,78.88410949707031,48.14253234863281,29.520423889160156,139.18336486816406,31.552507400512695,78.63453674316406,20.344280242919922,37.81901550292969,86.80474090576172,147.50157165527344,79.21260833740234,94.2490234375,52.18228530883789,133.3489990234375,73.08200073242188,35.72557067871094,63.78065490722656,32.808624267578125,57.74094772338867
2018-12-28,48.58151626586914,78.40065002441406,47.70930862426758,29.739816665649414,137.18072509765625,31.32178497314453,78.46439361572266,20.360977172851562,37.55643081665039,87.55044555664062,147.3756866455078,79.77864837646484,93.51313018798828,51.8740234375,132.04046630859375,73.9010009765625,35.84178161621094,63.899375915527344,32.808624267578125,57.50239944458008
2018-12-31,48.595767974853516,78.50165557861328,48.235374450683594,29.31729507446289,140.56329345703125,31.5445499420166,79.10452270507812,20.56968116760254,37.6757926940918,87.64567565917969,149.06297302246094,80.0486068725586,94.61231231689453,51.788780212402344,129.94883728027344,75.09850311279297,36.07006072998047,64.03294372558594,32.78623962402344,57.51008605957031
2019-01-02,49.66474151611328,79.8726806640625,49.032196044921875,30.227359771728516,144.7537384033203,32.141239166259766,80.47399139404297,20.83681869506836,37.34159469604492,86.69365692138672,147.7953643798828,79.63058471679688,94.19314575195312,52.2705078125,134.49887084960938,76.95649719238281,35.2420768737793,62.84577560424805,32.636924743652344,56.125038146972656
2019-01-03,48.90220642089844,78.34290313720703,48.1038703918457,30.552377700805664,142.63323974609375,31.568418502807617,79.3302993774414,20.502899169921875,37.11085891723633,85.88449096679688,146.82162475585938,77.62761688232422,90.72796630859375,50.82284164428711,130.59320068359375,75.01399993896484,35.154930114746094,62.823509216308594,33.099754333496094,55.994239807128906
2019-01-04,50.7052116394043,79.96648406982422,49.31843566894531,31.763093948364258,147.29486083984375,32.85725021362305,82.25484466552734,21.354400634765625,37.85083770751953,87.64567565917969,149.65896606445312,79.64800262451172,94.94763946533203,53.42972183227539,136.74911499023438,78.76950073242188,35.80236053466797,63.34290313720703,33.375946044921875,56.509769439697266
2019-01-07,50.968894958496094,81.00556945800781,49.101837158203125,32.64065933227539,148.111083984375,33.18345260620117,82.31202697753906,21.33769989013672,37.35751724243164,86.89199829101562,151.2875213623047,79.56090545654297,95.06875610351562,53.323177337646484,136.8482666015625,81.47550201416016,35.750484466552734,63.07579040527344,33.30131149291992,56.194297790527344
2019-01-08,51.33946990966797,80.65198516845703,49.75941467285156,33.04695510864258,147.56414794921875,32.976593017578125,82.15681457519531,21.295970916748047,37.77922058105469,87.7249755859375,151.6065673828125,79.4041748046875,95.758056640625,53.79151916503906,141.2892608642578,82.8290023803711,36.01195526123047,63.86970520019531,34.24935531616211,56.88682174682617
2019-01-09,51.610294342041016,81.734375,51.4072151184082,33.510128021240234,148.4897003173828,33.20731735229492,82.01793670654297,21.50466537475586,37.05516052246094,85.27362823486328,151.3462677001953,79.36932373046875,97.12736511230469,53.607154846191406,142.9744415283203,82.97100067138672,35.85631561279297,62.92738723754883,33.958229064941406,56.45590591430664
2019-01-10,51.34660720825195,81.86425018310547,52.5599250793457,33.8432731628418,148.09422302246094,33.14365768432617,82.00975799560547,21.4796199798584,37.45299530029297,85.79723358154297,152.4040069580078,79.9354019165039,96.50326538085938,53.4673957824707,142.94471740722656,82.81099700927734,36.395851135253906,63.2686882019043,34.59275436401367,57.49469757080078
2019-01-11,51.111427307128906,81.20763397216797,51.36080551147461,33.9163932800293,148.8767852783203,33.20731735229492,81.61766052246094,21.730066299438477,37.6678352355957,85.8051528930664,153.0923614501953,79.19515991210938,95.758056640625,52.75570297241211,142.54820251464844,82.02799987792969,36.462249755859375,62.77898406982422,34.794307708740234,57.27924728393555
2019-01-14,51.04728698730469,80.61590576171875,50.757381439208984,33.57512283325195,150.38294982910156,33.796024322509766,82.45907592773438,22.013900756835938,37.51665115356445,85.13877868652344,152.12701416015625,78.37654876708984,95.0594253540039,52.113399505615234,144.12435913085938,80.8604965209961,35.5325927734375,62.0741081237793,34.45838928222656,56.77909469604492
2019-01-15,51.07579803466797,80.90454864501953,51.08230209350586,33.900146484375,151.38427734375,34.1142578125,83.0635986328125,22.164161682128906,37.85083770751953,86.46360778808594,151.9591064453125,78.71621704101562,97.81666564941406,53.8480224609375,147.6533660888672,83.72799682617188,36.2568244934082,63.17223358154297,34.92868423461914,58.002540588378906
2019-01-16,51.05441665649414,80.385009765625,50.796058654785156,33.51824188232422,165.83189392089844,35.395137786865234,83.73345947265625,23.750301361083984,37.33363723754883,85.94795989990234,150.55722045898438,78.22853088378906,98.16130828857422,53.99669647216797,146.25564575195312,84.18900299072266,36.2485237121582,63.2686882019043,34.98839569091797,58.2641716003418
2019-01-17,51.40361404418945,80.78909301757812,51.87913131713867,33.615745544433594,167.523193359375,33.835811614990234,84.07658386230469,24.201091766357422,37.44504165649414,86.64608764648438,152.03466796875,78.98615264892578,98.85063171386719,54.47297668457031,147.00906372070312,84.66100311279297,36.41661071777344,63.543212890625,35.1376953125,58.479618072509766
2019-01-18,52.01650619506836,82.52812957763672,52.528968811035156,36.3459587097168,170.4261932373047,34.7586784362793,85.4407958984375,24.459882736206055,37.88267135620117,87.32040405273438,153.26028442382812,80.43177795410156,100.33171081542969,54.878387451171875,148.73387145996094,84.80999755859375,36.54111099243164,63.5135498046875,35.249671936035156,58.54888153076172
2019-01-22,51.232566833496094,81.06330108642578,50.86570358276367,35.72028732299805,166.3367919921875,33.74033737182617,84.0928955078125,24.28458023071289,37.97019577026367,87.19346618652344,154.939208984375,80.16181182861328,98.4407730102539,53.457481384277344,146.28536987304688,81.6084976196289,36.808807373046875,63.52097702026367,35.1376953125,58.772029876708984
2019-01-23,50.81211853027344,80.37777709960938,50.950775146484375,35.19212341308594,165.68045043945312,33.53349304199219,83.88050079345703,24.14266014099121,38.40782928466797,87.84397888183594,156.21511840820312,80.79753112792969,99.40021514892578,53.74393844604492,143.04385375976562,82.0009994506836,37.22382354736328,63.90678787231445,35.51841354370117,59.256797790527344
2019-01-24,50.88338088989258,81.90756225585938,51.15193176269531,35.39525604248047,166.437744140625,33.453948974609375,83.92952728271484,24.276227951049805,37.946311950683594,86.86820220947266,157.2896728515625,80.9107666015625,98.92514038085938,53.7236213684082,144.56051635742188,82.74649810791016,37.41060256958008,64.3297348022461,35.80208206176758,59.82619094848633
2019-01-25,51.111427307128906,81.69829559326172,51.82497024536133,36.56535339355469,168.91159057617188,34.193817138671875,84.46049499511719,24.693632125854492,37.691707611083984,86.74919128417969,154.460693359375,80.73658752441406,99.8287124633789,54.591426849365234,147.7128448486328,83.52850341796875,36.14890670776367,63.69902420043945,35.45869445800781,59.09519958496094
2019-01-28,50.76936340332031,80.94062805175781,50.556251525878906,35.94780349731445,168.05331420898438,33.9312744140625,84.86079406738281,24.735370635986328,37.532562255859375,86.32874298095703,154.12496948242188,80.63207244873047,97.88186645507812,53.51844024658203,146.18624877929688,81.89450073242188,35.7899169921875,63.550662994384766,35.40642547607422,59.13367462158203
2019-01-29,50.96176528930664,80.6952896118164,50.5175666809082,35.752784729003906,168.7096405029297,33.803993225097656,85.0976791381836,24.535018920898438,37.715576171875,86.47154998779297,152.9244842529297,80.70172882080078,95.88848114013672,53.032745361328125,142.934814453125,79.69400024414062,35.87084197998047,63.53580856323242,35.51841354370117,59.22600555419922
2019-01-30,51.517642974853516,81.54674530029297,50.81927490234375,36.56535339355469,170.3756866455078,34.284732818603516,85.29375457763672,24.26788330078125,38.08158493041992,87.91535949707031,152.5886993408203,81.38098907470703,99.09281921386719,54.41697311401367,149.11056518554688,83.52149963378906,36.0223274230957,63.84744644165039,35.73489761352539,59.3722038269043
2019-01-31,52.223182678222656,82.73018646240234,52.366512298583984,35.923423767089844,166.6144256591797,33.892127990722656,84.55034637451172,23.766998291015625,38.29643249511719,89.38301849365234,150.07872009277344,81.8425521850586,97.27638244628906,55.79971694946289,165.2389373779297,85.9365005493164,37.140830993652344,65.13106536865234,36.27982711791992,60.88037872314453
2019-02-01,54.10456466674805,85.41447448730469,53.132408142089844,36.207828521728516,165.3775177001953,33.507530212402344,84.86079406738281,23.691862106323242,38.749969482421875,89.00224304199219,148.3494415283203,81.97317504882812,95.73945617675781,55.43941116333008,164.26748657226562,81.3115005493164,36.900108337402344,65.13106536865234,36.19772720336914,60.87266540527344
2019-02-04,53.32063674926758,86.4030532836914,54.09943389892578,36.240318298339844,166.3704071044922,34.020320892333984,85.1630630493164,24.109262466430664,39.18759536743164,89.7162094116211,149.04620361328125,82.42601013183594,98.49667358398438,56.56938171386719,167.77667236328125,81.66549682617188,36.95821762084961,65.16075134277344,36.28730010986328,61.14969253540039
2019-02-05,53.86939239501953,86.21543884277344,53.58111572265625,36.67911148071289,166.6144256591797,34.01231002807617,84.78727722167969,24.025785446166992,39.19554901123047,89.56549072265625,149.06297302246094,82.24313354492188,99.8752670288086,57.0872917175293,169.6700439453125,82.94049835205078,36.97273635864258,65.66529846191406,36.376888275146484,60.795719146728516
2019-02-06,53.634212493896484,85.78248596191406,53.46506118774414,36.622230529785156,165.44479370117188,33.95622253417969,84.74642944335938,23.984046936035156,39.19554901123047,89.68447875976562,147.8960723876953,82.37376403808594,98.76679229736328,55.651031494140625,169.00587463378906,82.01300048828125,36.95821762084961,65.63560485839844,36.235042572021484,60.94961166381836
2019-02-07,53.22087478637695,85.3134536743164,52.20405578613281,35.314002990722656,162.45765686035156,33.235107421875,83.63544464111328,23.574996948242188,39.32286071777344,89.7162094116211,147.14059448242188,82.39118957519531,98.058837890625,54.80949020385742,164.93162536621094,80.71849822998047,37.63264465332031,66.3924331665039,36.697879791259766,61.65580368041992
2019-02-08,53.307350158691406,84.84442901611328,51.49299240112305,34.76144790649414,161.27964782714844,32.69829177856445,82.80218505859375,23.616727828979492,39.386512756347656,89.6606674194336,146.69569396972656,82.28668975830078,98.43144226074219,54.634544372558594,165.87338256835938,79.41100311279297,37.97710418701172,67.00086975097656,36.66802215576172,62.09813690185547
2019-02-11,53.3938102722168,84.38984680175781,51.86600875854492,35.500892639160156,160.9935760498047,32.21755599975586,82.4100570678711,23.716909408569336,39.474037170410156,89.62101745605469,146.2843475341797,81.21552276611328,98.04022216796875,54.62165832519531,164.34677124023438,79.55000305175781,37.97710418701172,66.9044189453125,36.75760269165039,62.152469635009766
2019-02-12,54.33054733276367,85.66704559326172,52.41776657104492,36.21601104736328,163.65255737304688,32.970703125,83.81514739990234,23.950653076171875,39.51382827758789,90.27153015136719,146.04087829589844,81.90351104736328,99.56787872314453,55.88346481323242,163.6033172607422,81.90049743652344,38.03105926513672,66.94891357421875,36.854637145996094,62.31545639038086
2019-02-13,54.94302749633789,86.28038024902344,52.67422103881836,36.51191711425781,163.8208465576172,33.002750396728516,84.21543884277344,23.95900535583496,39.61726760864258,90.5333251953125,146.19200134277344,81.6410903930664,99.49334716796875,55.935508728027344,162.6417694091797,82.0,37.943904876708984,66.47404479980469,36.742671966552734,61.73341369628906
2019-02-14,54.95743179321289,86.12005615234375,53.700042724609375,36.28176498413086,162.00328063964844,32.626182556152344,83.66809844970703,23.700214385986328,36.27538299560547,89.31953430175781,147.6359100341797,82.09593963623047,99.57718658447266,55.9637565612793,162.52279663085938,81.13249969482422,37.89409255981445,65.84275817871094,36.72774887084961,61.57821273803711
2019-02-15,55.99505615234375,86.98737335205078,54.53935241699219,36.94756317138672,167.02676391601562,33.64373016357422,86.22505950927734,24.3012752532959,35.996891021728516,91.95338439941406,151.07765197753906,82.33214569091797,100.80677032470703,55.489463806152344,161.08541870117188,80.39749908447266,38.19084167480469,65.61034393310547,36.697509765625,61.5161247253418
2019-02-19,56.3697509765625,86.95819091796875,54.00313186645508,37.43252944946289,167.16976928710938,33.779964447021484,85.92278289794922,24.31797218322754,35.670658111572266,91.9692153930664,150.47329711914062,82.68203735351562,100.76020812988281,55.83043670654297,160.8772430419922,81.37899780273438,38.466835021972656,65.93273162841797,36.96956253051758,62.14470291137695
2019-02-20,56.585914611816406,87.6651840209961,54.904598236083984,37.728424072265625,167.11090087890625,33.98826599121094,86.33940124511719,24.551712036132812,35.8854866027832,91.88990020751953,151.51416015625,82.85700988769531,100.23634338378906,55.53703689575195,161.1448974609375,81.1050033569336,38.522865295410156,66.61499786376953,37.589256286621094,62.486167907714844
2019-02-21,56.07431411743164,86.83431243896484,54.585975646972656,36.75851821899414,165.22605895996094,33.619693756103516,86.15967559814453,24.451536178588867,36.490211486816406,92.10409545898438,153.46177673339844,82.99694061279297,102.35050964355469,54.72523880004883,158.64678955078125,80.97200012207031,38.713783264160156,67.16980743408203,37.95199966430664,62.97506332397461
2019-02-22,56.50665283203125,87.01649475097656,54.37614440917969,36.462608337402344,164.92315673828125,33.483489990234375,85.7757568359375,24.276227951049805,36.02870559692383,92.62769317626953,153.7639617919922,83.4430923461914,103.80986022949219,55.337310791015625,160.48072814941406,81.5780029296875,39.03956985473633,67.40975189208984,38.065345764160156,63.41737747192383
2019-02-25,56.564300537109375,87.18415832519531,53.816612243652344,36.81605529785156,167.15296936035156,33.80398178100586,86.67435455322266,24.434844970703125,35.758174896240234,92.07234191894531,153.29380798339844,81.78977966308594,104.38984680175781,55.37547302246094,163.1869659423828,81.6500015258789,38.98769760131836,67.08734893798828,37.45323181152344,62.68791580200195
2019-02-26,56.679588317871094,87.4173812866211,53.560157775878906,36.42149353027344,167.36329650878906,33.980255126953125,86.01264190673828,24.451536178588867,35.55924987792969,92.00096130371094,153.79754638671875,81.6673355102539,105.11016845703125,55.60741424560547,162.70123291015625,81.81999969482422,39.060325622558594,66.63749694824219,37.19627380371094,62.40855407714844
2019-02-27,57.263240814208984,87.51940155029297,53.79330062866211,36.454368591308594,167.36331176757812,34.10045623779297,85.90643310546875,24.65188980102539,35.758174896240234,91.52497863769531,153.92343139648438,81.4486312866211,104.93241882324219,55.651031494140625,161.39271545410156,82.05449676513672,39.02481460571289,66.93739318847656,37.31718444824219,62.5715217590332
2019-02-28,56.94618606567383,87.15499877929688,52.72861862182617,36.21601104736328,166.18052673339844,33.63572692871094,85.25292205810547,24.40016746520996,36.07646942138672,92.48309326171875,155.3089141845703,82.66455841064453,104.80146026611328,55.832420349121094,160.04454040527344,81.99150085449219,39.21491622924805,67.22232055664062,37.55146408081055,62.97506332397461
2019-03-01,57.64515686035156,88.94066619873047,53.56793975830078,37.14482879638672,167.44776916503906,34.0523681640625,85.31009674072266,24.593154907226562,36.10828399658203,92.91494750976562,156.33116149902344,83.42559814453125,105.26920318603516,56.92127227783203,160.8673095703125,83.58650207519531,39.181488037109375,67.12483215332031,37.7706184387207,63.169063568115234
2019-03-04,57.8685188293457,89.0062484741211,54.321754455566406,37.185935974121094,165.572265625,33.65174865722656,85.11405181884766,24.35821533203125,36.32312774658203,92.90693664550781,152.56326293945312,83.22440338134766,105.01660919189453,57.164119720458984,165.9130096435547,84.80850219726562,39.323543548583984,67.38725280761719,37.86129379272461,63.184600830078125
2019-03-05,57.78206253051758,89.85899353027344,53.6301155090332,36.81605529785156,165.58912658691406,33.57162857055664,85.04872131347656,24.40016746520996,36.2833366394043,92.79496002197266,153.2053680419922,83.91546630859375,104.49275207519531,57.945682525634766,169.76914978027344,84.62149810791016,39.34026336669922,67.12483215332031,37.83863830566406,62.88190841674805
2019-03-06,57.126319885253906,90.03392791748047,53.0705680847168,35.648841857910156,164.5247039794922,33.347286224365234,84.7300796508789,24.198795318603516,36.16398620605469,93.29881286621094,153.77981567382812,84.50154876708984,104.5395278930664,57.73505783081055,171.00827026367188,83.44750213623047,39.1835823059082,67.15481567382812,37.88399124145508,63.0604362487793
2019-03-07,57.76043701171875,88.87504577636719,52.80634689331055,34.92551803588867,162.8603057861328,32.98672866821289,84.11737823486328,23.955469131469727,36.02870559692383,92.8509521484375,152.50418090820312,84.44904327392578,103.26728057861328,57.036739349365234,167.65771484375,81.29750061035156,39.258792877197266,67.1623306274414,38.156044006347656,63.2078857421875
2019-03-08,56.931785583496094,88.64183044433594,50.84796142578125,33.93914794921875,164.94708251953125,33.13896942138672,84.15010070800781,24.03937530517578,35.678619384765625,92.15515899658203,151.64248657226562,84.5627670288086,103.3795394897461,56.99312973022461,168.12359619140625,81.04000091552734,39.419639587402344,67.62715148925781,38.46588897705078,63.59588623046875
2019-03-11,57.486629486083984,90.09952545166016,51.18989944458008,34.58851623535156,165.56381225585938,33.53156661987305,85.24474334716797,24.282703399658203,36.74483108520508,93.24281311035156,152.9772491455078,85.54249572753906,105.54987335205078,58.44475555419922,170.57212829589844,83.53099822998047,39.586753845214844,67.74712371826172,38.84374237060547,64.10030364990234
2019-03-12,57.64515686035156,90.30359649658203,51.00338363647461,35.007713317871094,166.12144470214844,33.67578125,84.99148559570312,24.282703399658203,36.64140319824219,93.22684478759766,153.61085510253906,85.7087173461914,106.28887939453125,59.33635330200195,170.42343139648438,83.65499877929688,39.87712860107422,67.85960388183594,39.055335998535156,64.49609375
2019-03-13,58.1567268371582,90.86479187011719,52.34004592895508,35.468013763427734,166.64520263671875,33.980255126953125,85.27742767333984,24.57637596130371,36.77666473388672,93.23482513427734,153.80520629882812,86.28604125976562,107.11207580566406,59.426048278808594,171.86077880859375,84.54049682617188,39.89384841918945,67.8970718383789,39.093116760253906,64.55040740966797
2019-03-14,57.962181091308594,90.81378936767578,52.083595275878906,35.418704986572266,166.83103942871094,34.20459747314453,86.0534896850586,24.71901512145996,36.68033981323242,92.37110137939453,154.37965393066406,86.58346557617188,107.19627380371094,59.10242462158203,168.6886444091797,84.31099700927734,39.89594650268555,67.74712371826172,38.941978454589844,64.39520263671875
2019-03-15,57.753211975097656,91.33125305175781,52.526580810546875,34.843318939208984,167.49847412109375,34.717403411865234,87.04193878173828,24.58476448059082,36.35929489135742,92.49908447265625,156.5676727294922,88.26299285888672,108.43113708496094,58.99190902709961,164.53512573242188,85.61799621582031,39.95024490356445,67.96453857421875,39.19136428833008,65.03929901123047
2019-03-18,58.42338562011719,91.74669647216797,52.5421142578125,35.640628814697266,171.05526733398438,35.27824020385742,87.56478881835938,25.021087646484375,36.44758224487305,93.78666687011719,155.40182495117188,87.68566131591797,109.98400115966797,58.90517044067383,159.07308959960938,87.10749816894531,39.87294387817383,67.52220916748047,39.13090515136719,64.7832260131836
2019-03-19,58.27202606201172,91.30939483642578,52.34004592895508,35.550209045410156,169.9147491455078,35.21416473388672,87.24617767333984,24.878446578979492,36.56797409057617,94.44244384765625,154.69219970703125,86.81086730957031,110.05885314941406,59.59455871582031,160.1634979248047,88.09249877929688,39.377872467041016,66.81742858886719,38.533905029296875,64.06927490234375
2019-03-20,58.59627151489258,90.8793716430664,52.48771286010742,36.405059814453125,164.1698455810547,34.47702407836914,85.38360595703125,24.030977249145508,36.54389572143555,94.62640380859375,156.26356506347656,86.22479248046875,109.93724060058594,60.782527923583984,163.9998016357422,89.8635025024414,39.66404342651367,67.01235961914062,38.677490234375,64.3098373413086
2019-03-21,58.9349479675293,91.73211669921875,52.95400619506836,36.34751892089844,164.38946533203125,34.55714797973633,84.03571319580078,23.645009994506836,36.5278434753418,95.52213287353516,157.44627380371094,86.76715087890625,112.4630126953125,61.26326370239258,164.63424682617188,90.96299743652344,40.0902214050293,67.40975189208984,38.97221374511719,65.25658416748047
2019-03-22,57.991024017333984,89.71324157714844,51.3453254699707,34.909080505371094,159.64146423339844,33.42741394042969,81.49510955810547,22.663297653198242,36.86494445800781,96.5457992553711,157.8179931640625,86.5747299194336,109.49757385253906,59.85177993774414,162.90940856933594,88.2385025024414,40.51218795776367,68.00202941894531,39.206485748291016,66.0714340209961
2019-03-25,57.587501525878906,89.56745910644531,52.122467041015625,34.909080505371094,159.26132202148438,33.05082702636719,80.81707763671875,22.52065086364746,36.94522476196289,96.6497802734375,156.89715576171875,86.5747299194336,110.06818389892578,59.34279251098633,164.84243774414062,88.71299743652344,40.445343017578125,68.05451965332031,39.3349494934082,66.21110534667969
2019-03-26,58.336875915527344,90.47122192382812,53.280391693115234,35.38581466674805,161.10304260253906,33.55560302734375,81.6258316040039,22.831111907958984,37.4348258972168,97.5854721069336,158.3839874267578,86.38227844238281,110.30208587646484,58.9691047668457,166.22032165527344,89.18800354003906,40.735721588134766,68.62432861328125,39.69769287109375,66.72330474853516
2019-03-27,57.89013671875,89.49457550048828,52.77524948120117,35.08168411254883,160.54544067382812,33.146968841552734,81.34806823730469,22.680076599121094,37.410743713378906,97.48151397705078,158.4093475341797,86.58346557617188,109.23560333251953,58.382816314697266,164.42605590820312,88.28500366210938,40.51010513305664,67.83711242675781,39.47098159790039,66.14129638671875
2019-03-28,58.1783561706543,89.66221618652344,52.36338806152344,35.85434341430664,161.5170440673828,33.59566116333008,82.27119445800781,22.931800842285156,37.386653900146484,97.44152069091797,159.9976043701172,86.72341918945312,109.38529968261719,58.09832763671875,164.10888671875,88.6709976196289,40.092308044433594,67.01235961914062,38.80595397949219,65.02379608154297
2019-03-29,58.22159957885742,89.7788314819336,51.86600875854492,35.8132438659668,162.20130920410156,33.8120002746582,82.69596862792969,23.149953842163086,37.61140823364258,98.00933837890625,160.42843627929688,87.30950927734375,110.33011627197266,58.32730484008789,165.2389373779297,89.0374984741211,40.384769439697266,67.47721862792969,39.055335998535156,64.99275207519531
2019-04-01,58.8917350769043,91.06159210205078,52.604278564453125,36.791378021240234,166.21434020996094,34.87763595581055,85.48165893554688,23.94707679748535,37.499027252197266,97.5694808959961,159.1527862548828,87.98307800292969,111.34043884277344,59.422096252441406,167.23146057128906,90.70950317382812,39.7935791015625,66.93739318847656,38.85129165649414,64.27104187011719
2019-04-02,58.63954162597656,91.0542984008789,51.56291961669922,36.5694580078125,166.8563995361328,35.013851165771484,85.89012145996094,24.223966598510742,37.37864685058594,97.31355285644531,159.11898803710938,87.63317108154297,111.49948120117188,59.74721145629883,172.68356323242188,90.6989974975586,39.58258819580078,66.82494354248047,39.02510452270508,64.47279357910156
2019-04-03,58.29365921020508,90.29630279541016,50.910125732421875,35.82969284057617,169.695068359375,35.55868148803711,86.06163787841797,24.198795318603516,37.065608978271484,97.21761322021484,159.11898803710938,87.94808197021484,112.2291488647461,60.008392333984375,172.02932739257812,91.03500366210938,39.54706954956055,66.61499786376953,38.919307708740234,64.34089660644531
2019-04-04,59.12230682373047,90.95955657958984,50.63813781738281,36.24888610839844,170.8525390625,35.99936294555664,86.89306640625,24.458904266357422,37.30640411376953,97.1456069946289,160.40310668945312,87.86934661865234,111.65849304199219,60.43659973144531,174.48773193359375,90.94300079345703,39.356964111328125,66.98989868164062,38.692604064941406,64.1158218383789
2019-04-05,59.43934631347656,92.14026641845703,51.38417053222656,36.988651275634766,170.97926330566406,35.97532653808594,86.68726348876953,24.40016746520996,37.29837417602539,97.26556396484375,161.1127471923828,87.44071960449219,112.15430450439453,60.04011154174805,174.1903533935547,91.86399841308594,39.707923889160156,67.87458801269531,39.03266906738281,64.85308074951172
2019-04-08,59.80683898925781,92.32978820800781,51.71834945678711,37.95035934448242,171.1143798828125,36.0394172668457,86.9671401977539,24.475690841674805,37.36258316040039,97.5694808959961,160.38616943359375,87.11705017089844,112.19171905517578,59.88300704956055,173.40721130371094,92.49299621582031,39.4071044921875,67.55967712402344,38.9268684387207,64.5271224975586
2019-04-09,59.035823822021484,91.49888610839844,51.05777359008789,37.46540451049805,169.49229431152344,35.46253967285156,86.32505798339844,24.24074935913086,37.45890808105469,97.70545196533203,160.58050537109375,87.0208740234375,111.58367156982422,59.605960845947266,176.03416442871094,91.79199981689453,39.63063049316406,67.66464233398438,39.2593879699707,64.85308074951172
2019-04-10,58.76921081542969,91.46246337890625,52.04475021362305,37.44074249267578,171.48614501953125,35.614776611328125,86.71196746826172,24.39177894592285,37.4348258972168,97.60147094726562,159.85398864746094,87.51069641113281,112.4349365234375,59.79230880737305,176.27206420898438,92.36650085449219,39.402923583984375,67.43222045898438,39.123355865478516,64.68233489990234
2019-04-11,59.05023956298828,91.8268814086914,51.57846450805664,37.24346160888672,171.35943603515625,35.895206451416016,87.44457244873047,24.39177894592285,37.49100875854492,97.30557250976562,159.56678771972656,88.1492691040039,112.56591033935547,59.94792556762695,175.96475219726562,92.20349884033203,39.699562072753906,67.67215728759766,39.38785171508789,65.14021301269531
2019-04-12,58.308074951171875,87.28617858886719,52.35561752319336,37.5229377746582,175.5920867919922,37.409523010253906,91.54393768310547,25.314754486083984,37.51507568359375,97.75341796875,161.86460876464844,88.70037841796875,113.14588928222656,60.59916305541992,177.54092407226562,92.15299987792969,39.8687744140625,67.81458282470703,39.67502975463867,65.30315399169922
2019-04-15,58.113521575927734,87.56316375732422,51.555145263671875,38.1394157409668,168.89247131347656,36.9207763671875,90.49852752685547,25.03786849975586,37.72376251220703,98.89705657958984,162.07583618164062,88.91031646728516,113.2394790649414,60.7874870300293,178.08612060546875,92.24349975585938,39.933536529541016,67.8071060180664,39.841278076171875,65.38853454589844
2019-04-16,58.50982666015625,88.3138427734375,51.16658020019531,38.91206359863281,170.52305603027344,37.67393493652344,91.45337677001953,25.071430206298828,37.68364334106445,97.89737701416016,161.94908142089844,88.90155792236328,112.97754669189453,61.05411911010742,177.3129119873047,93.1520004272461,39.5909423828125,66.794921875,39.591896057128906,64.44952392578125
2019-04-17,58.675559997558594,87.65791320800781,51.11995315551758,38.9696044921875,175.6427764892578,38.66746520996094,94.0875015258789,25.19729232788086,37.94849395751953,101.57622528076172,161.87306213378906,88.78782653808594,113.91300201416016,61.46200180053711,177.2237091064453,93.24099731445312,39.61809539794922,66.77245330810547,39.41807556152344,64.56593322753906
2019-04-18,58.45938491821289,87.35909271240234,51.21321105957031,37.4489631652832,173.96151733398438,38.09859085083008,93.39603424072266,25.19729232788086,38.109031677246094,101.64022064208984,164.6609344482422,90.37989044189453,115.40975952148438,61.527915954589844,176.7280731201172,93.08450317382812,39.55752182006836,66.83244323730469,39.26694107055664,64.41849517822266
2019-04-22,59.73478698730469,88.84591674804688,52.0369758605957,37.68733215332031,172.8548126220703,37.8902702331543,93.51129150390625,25.21407127380371,38.044822692871094,101.120361328125,163.82460021972656,90.2574462890625,115.77459716796875,62.13701629638672,179.8605499267578,94.3655014038086,39.770591735839844,66.5250473022461,39.244266510009766,64.35641479492188
2019-04-23,60.08064270019531,88.93338012695312,51.64063262939453,37.72022247314453,172.46621704101562,37.93834686279297,93.62653350830078,25.230854034423828,38.6949577331543,101.64022064208984,164.9565887451172,90.03002166748047,117.34622955322266,62.97111511230469,182.18019104003906,96.1884994506836,39.6473388671875,66.73495483398438,39.17625045776367,64.85308074951172
2019-04-24,58.913352966308594,86.20751190185547,50.280643463134766,36.36396408081055,169.4247283935547,37.9623908996582,93.47013854980469,25.18889617919922,38.510345458984375,101.5042495727539,166.9587860107422,90.39741516113281,116.9439468383789,62.448753356933594,180.99063110351562,95.0875015258789,39.70375061035156,67.23729705810547,39.47098159790039,65.20226287841797
2019-04-25,59.24477767944336,85.93054962158203,49.71334457397461,35.59130859375,170.15133666992188,37.8902702331543,93.51949310302734,25.239240646362305,38.397972106933594,100.87247467041016,167.21218872070312,90.49362182617188,120.81681060791016,62.810054779052734,191.57763671875,95.11250305175781,39.79148483276367,67.81458282470703,39.62969207763672,65.83087921142578
2019-04-26,57.99821472167969,85.34745025634766,48.788543701171875,35.59130859375,171.57061767578125,38.371009826660156,94.22743225097656,25.46579360961914,38.73508071899414,101.08837127685547,166.78138732910156,91.05345916748047,121.50906372070312,63.30961608886719,189.82305908203125,97.53150177001953,40.048423767089844,67.71711730957031,39.705257415771484,65.73773956298828
2019-04-29,57.6235237121582,85.7993392944336,48.68751907348633,35.69816589355469,174.81478881835938,39.07247543334961,95.58566284179688,25.818201065063477,38.86350631713867,101.32029724121094,166.5279541015625,90.79979705810547,121.39681243896484,64.24036407470703,193.0844268798828,96.92150115966797,40.06096649169922,67.1623306274414,39.49365234375,65.2177963256836
2019-04-30,57.84689712524414,87.50483703613281,49.05278015136719,35.08168411254883,173.97000122070312,38.903160095214844,95.52802276611328,25.65877914428711,39.377201080322266,102.40796661376953,166.9081268310547,91.31588745117188,122.17328643798828,59.421104431152344,191.71641540527344,96.32599639892578,40.61873245239258,68.31694030761719,40.219139099121094,66.38960266113281
2019-05-01,56.68679428100586,85.86493682861328,48.703067779541016,34.004905700683594,172.96461486816406,38.35486602783203,94.79541778564453,25.390275955200195,38.99994659423828,101.76016998291016,164.03578186035156,89.17274475097656,119.62876892089844,58.150367736816406,191.34963989257812,95.57599639892578,40.37430953979492,67.78461456298828,39.69013977050781,65.92398071289062
2019-05-02,55.69242477416992,84.82270050048828,47.630619049072266,33.79940414428711,173.1842803955078,38.54838943481445,95.00120544433594,25.59165382385254,38.83943176269531,101.4322738647461,164.407470703125,88.9977798461914,118.06651306152344,57.8128547668457,190.85398864746094,95.04100036621094,40.050506591796875,67.33474731445312,39.86396026611328,65.72996520996094
2019-05-03,55.822113037109375,85.47135925292969,48.19015884399414,33.930931091308594,175.32174682617188,38.74996566772461,95.58566284179688,25.767852783203125,39.10430145263672,102.10405731201172,166.86581420898438,89.85506439208984,120.58293914794922,58.954734802246094,193.76840209960938,98.12300109863281,40.19464874267578,67.59718322753906,40.2342529296875,66.2964859008789
2019-05-06,55.577125549316406,86.29496002197266,48.08912658691406,33.898067474365234,174.40087890625,38.46776580810547,94.73780059814453,25.566476821899414,38.90363693237305,101.78417205810547,168.03170776367188,89.58387756347656,119.88133239746094,59.14851760864258,192.1922607421875,97.52749633789062,39.879215240478516,67.08734893798828,40.06044006347656,65.83087921142578
2019-05-07,55.28168869018555,86.20021057128906,47.405242919921875,33.37199020385742,171.1904754638672,37.661476135253906,93.19023895263672,25.1049861907959,38.52640151977539,100.75248718261719,167.3051300048828,88.76160430908203,117.42105865478516,58.4249382019043,188.11802673339844,96.05000305175781,39.638980865478516,66.92241668701172,39.947086334228516,65.67565155029297
2019-05-08,55.36815643310547,85.63899993896484,47.73941421508789,33.100738525390625,169.7711181640625,37.516361236572266,92.69635009765625,25.004302978515625,38.406009674072266,100.78446197509766,167.2967071533203,87.90435791015625,117.41168212890625,58.02448272705078,187.89004516601562,95.88849639892578,39.248329162597656,65.8277816772461,39.44832229614258,64.97723388671875
2019-05-09,55.31771469116211,88.32842254638672,47.82489776611328,33.100738525390625,170.34559631347656,37.451839447021484,92.62226867675781,24.92878532409668,38.044822692871094,100.8084716796875,167.04327392578125,88.12303924560547,117.40234375,57.885215759277344,187.0077667236328,94.99349975585938,39.400840759277344,65.10051727294922,39.5692253112793,64.82859802246094
2019-05-10,55.79874038696289,88.91148376464844,48.359886169433594,32.51713943481445,170.70046997070312,37.3631591796875,92.61402130126953,24.819705963134766,38.67890167236328,102.37596893310547,168.95254516601562,88.72662353515625,118.92716979980469,57.868865966796875,186.70045471191406,94.4990005493164,40.058876037597656,65.97023010253906,40.33250427246094,66.22891998291016
2019-05-13,55.17924118041992,87.78179931640625,47.78974151611328,31.366382598876953,164.71900939941406,35.621578216552734,90.09513854980469,23.7037410736084,38.5665283203125,101.6961898803711,168.14151000976562,87.83436584472656,115.39105224609375,56.33000183105469,179.95965576171875,91.13400268554688,40.72109603881836,66.01520538330078,40.884159088134766,67.54315185546875
2019-05-14,55.252113342285156,88.65641021728516,48.67229461669922,32.05683898925781,165.82569885253906,35.48452377319336,90.81133270263672,24.01420021057129,39.08022689819336,101.89612579345703,167.27980041503906,88.07054901123047,116.6820297241211,55.74866485595703,179.15672302246094,92.00599670410156,40.71483612060547,65.23548126220703,40.528987884521484,66.9329605102539
2019-05-15,55.6602668762207,89.02084350585938,48.45361328125,32.328086853027344,165.9270782470703,35.39582824707031,90.4655990600586,23.737308502197266,39.473506927490234,103.44766998291016,168.17532348632812,88.15838623046875,118.32514953613281,58.025474548339844,184.6485137939453,93.55750274658203,40.70646286010742,65.07054138183594,40.53654098510742,66.53398895263672
2019-05-16,55.65296936035156,88.91043090820312,48.8675422668457,32.76374435424805,168.24197387695312,35.702213287353516,91.62622833251953,23.989030838012695,39.7945671081543,104.18341827392578,168.95254516601562,88.60638427734375,121.05746459960938,58.7044563293457,185.3622283935547,95.37850189208984,41.17649459838867,65.35700988769531,40.85394287109375,66.80778503417969
2019-05-17,55.32503128051758,88.70435333251953,48.50046920776367,32.07328414916992,166.79725646972656,35.37969207763672,91.18172454833984,23.82960319519043,39.489566802978516,104.37535858154297,168.3020782470703,88.98410034179688,120.25000762939453,57.92536544799805,183.6869354248047,93.44999694824219,41.567142486572266,66.08452606201172,41.14445114135742,67.15983581542969
2019-05-20,55.31772232055664,88.93986511230469,48.773826599121094,32.15546798706055,166.63674926757812,35.37162780761719,91.65914916992188,23.82960319519043,39.20863723754883,103.9594955444336,168.10775756835938,88.4482650756836,118.5129623413086,56.72996139526367,181.12937927246094,92.94850158691406,41.64443588256836,65.90264129638672,41.34321212768555,67.74655151367188
2019-05-21,55.57280731201172,89.30787658691406,49.687591552734375,32.46782302856445,168.21661376953125,35.7908935546875,91.97196960449219,24.07293701171875,39.00798034667969,103.20771026611328,168.8258056640625,89.40575408935547,119.15141296386719,57.21466827392578,183.2111358642578,92.8759994506836,41.550418853759766,65.99359893798828,41.25912094116211,67.75436401367188
2019-05-22,55.069915771484375,88.74114990234375,49.24242401123047,31.51433563232422,165.18365478515625,35.06525421142578,91.2228775024414,23.90511131286621,39.850746154785156,104.02349090576172,168.92713928222656,89.12464904785156,119.87439727783203,57.2845458984375,183.70677185058594,92.98400115966797,42.18339538574219,66.54682922363281,41.366146087646484,68.28633117675781
2019-05-23,53.7798957824707,86.75392150878906,46.46985626220703,30.815670013427734,162.18447875976562,34.436344146728516,89.42839050292969,23.292598724365234,40.01127243041992,103.9435043334961,168.09083557128906,89.06317901611328,118.47537231445312,56.76366424560547,179.29550170898438,90.77400207519531,42.517642974853516,67.37287139892578,41.5419807434082,68.98255157470703
2019-05-24,54.00584030151367,87.37215423583984,46.76663589477539,30.41289520263672,163.0546417236328,34.63792419433594,90.30917358398438,23.645009994506836,39.818634033203125,103.56761932373047,167.0770721435547,88.7117919921875,118.53173828125,56.43012237548828,179.4838409423828,91.16400146484375,42.48421859741211,67.30464935302734,41.54962158203125,69.06861877441406
2019-05-28,52.919883728027344,87.07775115966797,46.899410247802734,30.001903533935547,160.0469512939453,34.00095748901367,89.32960510253906,23.410070419311523,39.409297943115234,102.07208251953125,166.1477508544922,87.66647338867188,118.45661163330078,56.477203369140625,182.70556640625,91.82150268554688,42.02463150024414,66.02391815185547,40.9456787109375,67.80132293701172
2019-05-29,52.59192657470703,85.94429779052734,46.969703674316406,29.73887825012207,159.58872985839844,34.0170783996582,89.0826644897461,23.284210205078125,39.01600646972656,102.50394439697266,165.59864807128906,87.53471374511719,117.31112670898438,55.50482940673828,180.6040496826172,90.95950317382812,41.5128288269043,65.03111267089844,40.433475494384766,67.03466796875
2019-05-30,52.45344543457031,84.9212417602539,46.04030227661133,28.916908264160156,159.01161193847656,33.72682571411133,88.12779235839844,22.789154052734375,39.529693603515625,102.8558349609375,168.31887817382812,89.20370483398438,118.0528793334961,55.57768630981445,181.41688537597656,90.81600189208984,41.55878448486328,64.81892395019531,40.51757049560547,66.72956085205078
2019-05-31,51.578857421875,83.79512786865234,46.04811096191406,28.514144897460938,154.87022399902344,32.80765914916992,87.22232055664062,22.319276809692383,39.43337631225586,102.36798858642578,168.4803924560547,89.90644836425781,116.1280517578125,54.83873748779297,175.92510986328125,88.75350189208984,41.66810989379883,64.87955474853516,40.89981460571289,67.37103271484375
2019-06-03,52.387855529785156,85.37020874023438,46.40736770629883,29.17171859741211,155.46424865722656,32.839908599853516,87.63391876220703,22.386402130126953,40.11561584472656,103.1517333984375,168.91372680664062,91.45247650146484,112.52250671386719,51.48051834106445,162.72105407714844,84.6344985961914,41.95610809326172,65.19026184082031,41.40437698364258,68.3488998413086
2019-06-04,53.63412857055664,86.3343734741211,46.15745544433594,29.788673400878906,161.1417236328125,34.25090026855469,90.33387756347656,23.426849365234375,40.13166809082031,103.22371673583984,169.63601684570312,93.96476745605469,115.6397933959961,52.26108932495117,166.04190063476562,86.47799682617188,41.914066314697266,65.09931945800781,41.43495559692383,68.09857177734375
2019-06-05,53.1895637512207,86.59199523925781,44.579830169677734,29.13003921508789,159.91969299316406,34.2105827331543,90.65489959716797,23.41845703125,40.75772476196289,105.0791244506836,170.0609130859375,94.24585723876953,118.14675903320312,51.772911071777344,166.70603942871094,86.92500305175781,43.021934509277344,66.09968566894531,41.90127944946289,69.9134750366211
2019-06-06,54.15888595581055,88.82211303710938,45.45454788208008,29.221738815307617,161.08233642578125,34.5169792175293,90.85247802734375,23.519691467285156,41.25535583496094,106.32379150390625,172.54220581054688,95.23845672607422,120.0152359008789,51.927547454833984,166.86468505859375,87.71800231933594,43.255271911621094,66.47103881835938,42.337032318115234,70.40634155273438
2019-06-07,54.35567855834961,89.41092681884766,46.04811096191406,29.68029022216797,161.08233642578125,34.42828369140625,89.85645294189453,23.224424362182617,41.32759475708008,107.52415466308594,174.60704040527344,95.80943298339844,123.37664794921875,52.9489860534668,171.84097290039062,90.20149993896484,42.96726989746094,65.9632797241211,41.8248291015625,70.0464859008789
2019-06-10,54.59619140625,90.007080078125,46.282405853271484,29.5719051361084,164.7400665283203,34.90398406982422,90.82776641845703,23.679975509643555,41.23930740356445,107.62080383300781,171.0551300048828,95.44051361083984,124.50337219238281,53.66215896606445,173.29815673828125,93.03150177001953,42.76335525512695,65.39486694335938,41.64900207519531,69.63969421386719
2019-06-11,54.545166015625,89.18275451660156,45.86848068237305,30.589038848876953,165.2576904296875,35.21038055419922,91.10768127441406,23.823387145996094,41.19917678833008,107.30663299560547,172.72064208984375,94.4917984008789,124.03394317626953,53.57691955566406,176.5496368408203,93.18499755859375,42.458534240722656,64.90226745605469,41.70252227783203,69.09208679199219
2019-06-12,53.95481872558594,88.46147918701172,45.727901458740234,29.663618087768555,161.4302978515625,34.36378479003906,89.94698333740234,23.578744888305664,41.44797897338867,107.25829315185547,174.13970947265625,95.69525146484375,123.46115112304688,53.48078155517578,173.51625061035156,92.76599884033203,43.00090408325195,65.6677017211914,42.16120910644531,69.92912292480469
2019-06-13,54.428558349609375,88.99139404296875,46.12620162963867,30.672412872314453,162.47412109375,34.62985610961914,90.16925048828125,23.570310592651367,41.359012603759766,107.09717559814453,173.76585388183594,95.73039245605469,124.24048614501953,54.07103729248047,175.92510986328125,93.51499938964844,43.047157287597656,65.75865173339844,42.16120910644531,70.0855712890625
2019-06-14,54.188045501708984,88.91778564453125,45.93877410888672,29.95541000366211,162.65231323242188,34.525028228759766,90.39972686767578,23.65467071533203,41.50461196899414,106.927978515625,174.4456329345703,96.4419174194336,124.36251831054688,53.83760452270508,179.7515106201172,93.4834976196289,43.507545471191406,66.59228515625,42.54346466064453,70.8600845336914
2019-06-17,54.72737503051758,89.34468078613281,46.087154388427734,30.56403350830078,161.9479522705078,34.27508544921875,89.90583801269531,23.561872482299805,41.1486930847168,106.75883483886719,173.18800354003906,95.88850402832031,124.7381362915039,54.213775634765625,187.36463928222656,94.30149841308594,43.38351058959961,66.65292358398438,42.42877197265625,70.46893310546875
2019-06-18,55.201114654541016,90.47813415527344,46.72758865356445,30.789127349853516,165.46986389160156,34.94430923461914,91.13233184814453,24.143964767456055,40.962646484375,106.38823699951172,173.78280639648438,95.49320220947266,126.90705871582031,54.77628707885742,186.829345703125,95.06849670410156,43.18379592895508,66.1148452758789,42.24530029296875,70.23423767089844
2019-06-19,54.89501190185547,90.44868469238281,46.587005615234375,30.438968658447266,166.0299835205078,34.78304672241211,90.47383117675781,23.890884399414062,41.35091018676758,107.02467346191406,173.8168182373047,96.14325714111328,127.40470886230469,54.7401008605957,185.84796142578125,95.43949890136719,43.3561897277832,66.42558288574219,42.61225509643555,71.07911682128906
2019-06-20,55.8351936340332,91.47176361083984,47.40706253051758,31.8896484375,166.08090209960938,35.04106521606445,90.70430755615234,23.848703384399414,41.7877197265625,108.08003234863281,174.30116271972656,97.17098236083984,128.58778381347656,55.1707878112793,187.88011169433594,95.90950012207031,43.385616302490234,67.13037109375,42.82631301879883,71.08694458007812
2019-06-21,56.622314453125,91.95014953613281,47.11809158325195,32.41487503051758,166.28457641601562,35.1378059387207,90.08692932128906,23.722158432006836,41.698734283447266,107.91888427734375,173.57037353515625,96.86351776123047,128.60655212402344,55.77394485473633,189.47608947753906,95.56500244140625,43.63157653808594,67.85032653808594,43.01743698120117,71.61888885498047
2019-06-24,56.0829963684082,91.9354476928711,47.26647186279297,32.22312545776367,167.59999084472656,34.72660446166992,89.44486236572266,23.60405158996582,41.99803161621094,108.06387329101562,173.28146362304688,97.20612335205078,129.36712646484375,55.34424591064453,190.9233856201172,95.69499969482422,43.768226623535156,68.13831329345703,43.025062561035156,71.11041259765625
2019-06-25,55.58738327026367,91.0007095336914,46.68073272705078,32.164764404296875,166.38636779785156,34.396034240722656,88.70401763916016,23.418460845947266,41.86861038208008,107.79803466796875,174.80255126953125,96.89868927001953,125.28267669677734,53.90105056762695,187.19610595703125,93.91349792480469,43.35198974609375,68.29743957519531,42.79572296142578,70.69580078125
2019-06-26,55.8278923034668,91.21414947509766,49.00812911987305,32.53159713745117,167.1925811767578,34.662113189697266,89.29669952392578,23.54499626159668,41.35091018676758,106.59770965576172,173.8168182373047,96.73180389404297,125.75216674804688,53.54124069213867,186.02642822265625,94.8915023803711,42.689781188964844,66.67565155029297,42.03124237060547,69.2328872680664
2019-06-27,55.25941467285156,90.61063385009766,47.852237701416016,32.606624603271484,169.15298461914062,35.06525421142578,89.593017578125,23.798078536987305,41.31855010986328,106.09017181396484,175.27838134765625,97.1182861328125,125.9587173461914,53.35836410522461,187.85037231445312,95.21399688720703,43.00090408325195,67.1076431274414,42.107696533203125,68.76353454589844
2019-06-28,55.84975051879883,91.58950805664062,47.641357421875,33.13187026977539,173.63389587402344,35.323265075683594,92.02957916259766,24.464527130126953,41.18914031982422,105.63903045654297,176.45953369140625,97.21492004394531,125.78034210205078,53.66415023803711,191.31991577148438,94.68150329589844,43.06608200073242,66.87267303466797,42.260589599609375,68.84956359863281
2019-07-01,55.79874038696289,91.8839111328125,48.617618560791016,32.78171157836914,175.5518341064453,35.43613815307617,93.57713317871094,24.81884002685547,41.73918914794922,106.23516082763672,175.30389404296875,96.17837524414062,127.39531707763672,54.516597747802734,191.31991577148438,96.1094970703125,42.889503479003906,66.69835662841797,41.92422103881836,68.94345092773438
2019-07-02,55.18653869628906,90.47813415527344,46.938453674316406,32.66498947143555,174.80502319335938,35.33938217163086,93.67594146728516,24.591068267822266,42.04656982421875,106.68629455566406,178.09107971191406,97.41694641113281,128.2404022216797,55.141056060791016,193.30250549316406,96.71549987792969,43.65470504760742,67.55476379394531,42.70398712158203,69.7726821899414
2019-07-03,55.711299896240234,90.78726959228516,47.250858306884766,32.9234504699707,174.85592651367188,35.46839141845703,93.52671813964844,24.5067081451416,42.14364242553711,107.94306182861328,180.83575439453125,97.48722839355469,129.06663513183594,55.655982971191406,195.48333740234375,96.94999694824219,43.879634857177734,68.28230285644531,43.04801559448242,70.515869140625
2019-07-05,55.48533630371094,90.9271240234375,46.782264709472656,32.990142822265625,176.43443298339844,35.64577865600586,94.08212280273438,24.683866500854492,42.151729583740234,107.16160583496094,179.50167846679688,96.83719635009766,128.69105529785156,56.1357307434082,194.69029235839844,97.14550018310547,43.74928665161133,67.96399688720703,43.08623504638672,70.28118133544922
2019-07-08,55.740440368652344,90.97128295898438,46.77445983886719,33.25693130493164,174.6098175048828,35.06525421142578,93.5681381225586,24.63325309753418,42.0627555847168,106.79105377197266,180.28347778320312,96.67030334472656,128.59715270996094,55.34870910644531,194.055908203125,97.61599731445312,43.96372604370117,67.94886016845703,43.04801559448242,70.35157012939453
2019-07-09,55.70399856567383,90.78726959228516,46.77445983886719,33.515384674072266,176.32411193847656,35.299068450927734,93.966064453125,24.759788513183594,41.73110580444336,106.13042449951172,180.2239532470703,97.05680084228516,128.127685546875,55.72041702270508,197.47586059570312,99.41500091552734,43.759822845458984,67.7518081665039,43.239131927490234,70.6879653930664
2019-07-10,56.49113082885742,92.32553100585938,47.80537414550781,33.865535736083984,174.7965545654297,34.92011260986328,93.69248962402344,24.481403350830078,41.91714859008789,108.28141021728516,180.99722290039062,97.48722839355469,129.43280029296875,56.54411315917969,200.96522521972656,100.87049865722656,44.03731155395508,67.92609405517578,43.50669479370117,71.04000854492188
2019-07-11,56.534847259521484,92.31816864013672,48.00062561035156,34.1573371887207,179.36227416992188,35.621578216552734,94.58779907226562,24.76822853088379,42.09511184692383,108.23306274414062,180.7338104248047,97.94400787353516,129.94924926757812,56.70121383666992,199.478271484375,100.05349731445312,44.230712890625,67.7896957397461,43.18560791015625,71.13387298583984
2019-07-12,56.57857131958008,92.72297668457031,48.23491668701172,34.023956298828125,181.56028747558594,36.17792510986328,95.5826187133789,24.84415054321289,42.15980911254883,107.3710708618164,180.9887237548828,97.54872131347656,130.418701171875,56.76366424560547,203.08657836914062,100.55000305175781,43.879634857177734,67.22130584716797,42.55873489379883,70.6019287109375
2019-07-15,56.1777458190918,92.5316162109375,47.36802291870117,33.74048614501953,179.55746459960938,35.82315444946289,94.42200469970703,24.650121688842773,42.167903900146484,108.07196044921875,182.0254364013672,98.32172393798828,130.418701171875,57.01988983154297,202.1349334716797,101.04949951171875,43.904869079589844,67.73664093017578,42.895111083984375,71.3372802734375
2019-07-16,55.339595794677734,91.82504272460938,46.66511154174805,33.40700149536133,182.90113830566406,35.82315444946289,95.43336486816406,24.456090927124023,42.175994873046875,107.79002380371094,181.60902404785156,97.9791259765625,128.7098388671875,57.16609191894531,202.06553649902344,100.49500274658203,43.70094299316406,67.47140502929688,42.551090240478516,70.8052978515625
2019-07-17,55.011627197265625,91.36872100830078,46.68852615356445,32.206451416015625,181.01715087890625,35.2910041809082,94.4966049194336,24.624814987182617,42.20834732055664,106.96827697753906,181.60052490234375,98.1811752319336,127.94927978515625,56.83304977416992,200.04331970214844,99.60150146484375,44.12770080566406,67.55476379394531,42.65047836303711,71.20427703857422
2019-07-18,54.545166015625,91.76614379882812,47.11027526855469,32.331504821777344,182.0524444580078,35.82315444946289,95.06034088134766,24.86945915222168,42.08701705932617,107.0488510131836,183.4700164794922,99.3143310546875,128.0901336669922,56.857826232910156,199.0321807861328,98.8949966430664,44.64274597167969,68.04735565185547,42.910404205322266,71.78316497802734
2019-07-19,54.65449523925781,92.0311279296875,47.357547760009766,32.27313995361328,181.203857421875,35.7908935546875,94.12358093261719,24.801973342895508,41.56932067871094,104.80118560791016,181.7364959716797,98.84878540039062,128.27792358398438,56.080230712890625,196.6332550048828,98.22599792480469,44.0898551940918,67.03182983398438,42.25294876098633,70.6253890991211
2019-07-22,54.712799072265625,92.22984313964844,47.44389343261719,32.9234504699707,181.61117553710938,35.87960433959961,94.72874450683594,24.945384979248047,41.43180847167969,104.95425415039062,182.6967315673828,99.50759887695312,129.97735595703125,56.45985794067383,200.5587921142578,99.28150177001953,44.01206970214844,66.80448150634766,42.41349411010742,70.5002212524414
2019-07-23,54.93144989013672,92.60521697998047,47.31829071044922,33.14021301269531,186.21934509277344,36.363365173339844,96.46134948730469,25.519031524658203,43.947479248046875,105.3248519897461,182.1104278564453,99.19136810302734,130.78488159179688,56.897979736328125,200.59841918945312,99.72450256347656,43.57901382446289,66.44828033447266,42.36762619018555,70.02301025390625
2019-07-24,54.924163818359375,93.13513946533203,47.16130447387695,33.6237678527832,188.4258575439453,36.68587112426758,96.85095977783203,25.873350143432617,43.50259017944336,104.09227752685547,180.81027221679688,98.96296691894531,132.12754821777344,56.48563003540039,202.87840270996094,100.04049682617188,44.159236907958984,66.0693588256836,42.535797119140625,70.10124206542969
2019-07-25,54.610774993896484,92.46537017822266,46.344932556152344,33.30695343017578,186.68609619140625,36.17792510986328,95.9224624633789,25.594953536987305,42.92827224731445,103.9150161743164,182.22088623046875,99.16500854492188,131.62989807128906,56.29779815673828,198.96279907226562,98.69100189208984,43.648399353027344,65.54646301269531,42.32175064086914,69.68663024902344
2019-07-26,54.52329635620117,91.05960083007812,46.117286682128906,33.35697937011719,188.51922607421875,36.879390716552734,96.34526824951172,25.95771026611328,43.81806182861328,105.71153259277344,183.1895751953125,100.15760040283203,132.70970153808594,61.71377182006836,198.01112365722656,97.15249633789062,43.97213363647461,65.86477661132812,42.61225509643555,69.58492279052734
2019-07-29,54.909568786621094,91.43496704101562,45.67770004272461,32.690006256103516,186.9746856689453,36.468177795410156,96.03853607177734,25.746807098388672,43.672462463378906,105.96124267578125,182.6797637939453,100.22789764404297,132.41868591308594,61.5462532043457,194.23428344726562,95.62249755859375,44.436729431152344,66.53165435791016,42.895111083984375,70.20293426513672
2019-07-30,54.9168815612793,91.51591491699219,46.713871002197266,32.97346496582031,187.8911895751953,36.29753875732422,95.82296752929688,26.058944702148438,43.45405960083008,105.11539459228516,180.43638610839844,99.47245788574219,131.78012084960938,60.8603401184082,195.32472229003906,94.92649841308594,44.01839065551758,66.49375915527344,42.26824188232422,69.4050064086914
2019-07-31,54.19534683227539,90.61063385009766,46.37632751464844,33.32362747192383,186.8134307861328,36.20817184448242,96.16291046142578,25.881784439086914,42.57234573364258,102.96440887451172,179.059814453125,98.84000396728516,127.94927978515625,60.37464141845703,192.5391845703125,93.33899688720703,43.55168914794922,65.72074127197266,42.96392059326172,68.693115234375
2019-08-01,52.8105583190918,88.86626434326172,46.15653610229492,32.106388092041016,179.57444763183594,34.8836669921875,93.62615966796875,24.877893447875977,42.08701705932617,102.42467498779297,179.51019287109375,102.72260284423828,129.6299591064453,60.05646514892578,191.05223083496094,92.76599884033203,44.20127487182617,66.31187438964844,43.560218811035156,69.47539520263672
2019-08-02,52.29309844970703,88.85893249511719,44.327552795410156,31.197654724121094,177.68194580078125,34.225486755371094,93.61786651611328,24.78509521484375,42.32969284057617,103.05302429199219,182.25485229492188,103.08277893066406,128.5408172607422,59.29025650024414,187.3745574951172,91.16200256347656,44.44303512573242,66.78176879882812,43.8507194519043,69.38935852050781
2019-08-05,51.22173309326172,87.39424133300781,42.922447204589844,30.005441665649414,171.15579223632812,32.90099334716797,90.8324966430664,23.68841552734375,41.779632568359375,100.2173080444336,178.83035278320312,101.0799789428711,124.13723754882812,57.23002624511719,180.1480255126953,88.25650024414062,43.73668670654297,65.90264129638672,42.75750732421875,68.8573989868164
2019-08-06,51.71733093261719,87.86528778076172,42.56920623779297,29.56356430053711,174.83050537109375,33.494171142578125,91.54541015625,23.975238800048828,42.281150817871094,101.86878967285156,181.91497802734375,101.94080352783203,126.46577453613281,58.03935241699219,182.90379333496094,89.3915023803711,44.4409294128418,67.38803100585938,43.529632568359375,69.73356628417969
2019-08-07,51.3820686340332,87.65919494628906,41.85488510131836,28.963293075561523,174.60133361816406,32.9578742980957,89.55582427978516,23.528127670288086,43.017250061035156,102.94023895263672,184.25181579589844,102.12530517578125,127.01973724365234,58.27872848510742,183.5382537841797,89.66999816894531,44.74995422363281,67.3274154663086,43.919517517089844,70.20293426513672
2019-08-08,52.752254486083984,90.69894409179688,43.22857666015625,29.35513687133789,175.67066955566406,33.5348014831543,91.0728759765625,23.941495895385742,43.42979431152344,104.30172729492188,185.2545166015625,103.05642700195312,130.4093475341797,59.77942657470703,188.50465393066406,91.64450073242188,45.24397659301758,67.68360137939453,44.48523712158203,70.54974365234375
2019-08-09,51.6298713684082,90.10277557373047,42.39649963378906,28.788209915161133,175.58580017089844,33.72168731689453,90.9734115600586,23.89931297302246,43.211395263671875,103.6008529663086,187.92271423339844,104.54973602294922,129.3013916015625,58.92251968383789,186.21475219726562,90.37899780273438,45.508853912353516,68.01703643798828,44.59225845336914,70.91230010986328
2019-08-12,51.37900161743164,89.46244049072266,41.69788360595703,28.571447372436523,171.02005004882812,32.79536056518555,89.26569366455078,23.317222595214844,43.033416748046875,103.39945220947266,184.53219604492188,102.37126159667969,127.4985580444336,58.208839416503906,183.7563018798828,89.24600219726562,45.292327880859375,67.82759094238281,44.859825134277344,71.27487182617188
2019-08-13,52.01357650756836,90.08069610595703,42.28660583496094,28.871583938598633,173.218017578125,33.06351852416992,90.6418228149414,23.384714126586914,43.276092529296875,104.67227172851562,186.71607971191406,102.88951110839844,130.13699340820312,59.310577392578125,186.80953979492188,91.21700286865234,45.32807159423828,68.0700912475586,43.7283935546875,71.13300323486328
2019-08-14,49.9179801940918,86.65821838378906,40.64601135253906,26.96237564086914,165.96206665039062,31.95840835571289,86.87821197509766,22.288028717041016,42.86355972290039,104.0197525024414,183.95436096191406,101.50163269042969,126.21802520751953,57.70085525512695,178.14559936523438,88.14800262451172,45.1893196105957,67.30464935302734,43.621376037597656,69.73792266845703
2019-08-15,49.622833251953125,86.07678985595703,39.96308517456055,26.38711166381836,166.4882354736328,31.771516799926758,87.2098159790039,22.14461326599121,43.57539367675781,105.30874633789062,185.47543334960938,102.2482681274414,125.93540954589844,57.952125549316406,181.0005340576172,88.80599975585938,45.649696350097656,68.38856506347656,44.05712127685547,71.21968841552734
2019-08-16,50.39760971069336,86.11394500732422,40.402679443359375,27.279186248779297,169.23788452148438,32.454078674316406,89.298828125,22.802629470825195,44.01219940185547,106.14655303955078,185.64540100097656,101.930908203125,128.2434844970703,58.442283630371094,182.10086059570312,89.62850189208984,45.729576110839844,68.7638931274414,44.42034149169922,71.11723327636719
2019-08-19,51.24617004394531,87.22931671142578,42.341556549072266,28.429712295532227,171.5971221923828,32.80348587036133,90.10296630859375,23.005096435546875,44.238685607910156,106.79911041259766,185.9088134765625,102.67143249511719,130.3914031982422,59.494449615478516,184.5493621826172,90.80599975585938,46.03021240234375,69.45329284667969,44.77581787109375,71.36943817138672
2019-08-20,50.9362678527832,86.3519058227539,41.376041412353516,28.262968063354492,169.71311950683594,32.42156982421875,88.95895385742188,22.541105270385742,43.58347702026367,106.38823699951172,185.64540100097656,102.76840209960938,129.3080291748047,58.65637969970703,182.20989990234375,90.06900024414062,46.065948486328125,69.8439712524414,44.58262252807617,71.54283905029297
2019-08-21,51.445396423339844,87.6531753540039,41.31324005126953,28.087888717651367,170.3071746826172,32.454078674316406,89.20765686035156,22.7182674407959,43.76143264770508,106.61380767822266,187.548828125,103.35026550292969,130.7493133544922,59.05534362792969,181.95217895507812,91.177001953125,46.51371765136719,69.8899154663086,44.78356170654297,71.99999237060547
2019-08-22,51.334716796875,87.54161071777344,41.022796630859375,28.10456657409668,171.7838134765625,32.722225189208984,90.1278305053711,22.937604904174805,44.076904296875,106.87159729003906,186.5121307373047,103.4207763671875,129.7978973388672,59.0523681640625,180.455322265625,90.23300170898438,46.58939743041992,69.95120239257812,45.169952392578125,71.70050811767578
2019-08-23,49.7999153137207,85.64549255371094,39.57843780517578,26.70391845703125,166.5052490234375,31.95840835571289,87.8895492553711,22.33020782470703,43.470237731933594,104.94622039794922,182.40780639648438,101.65757751464844,125.66217041015625,57.17204666137695,176.2026824951172,87.48100280761719,46.648258209228516,69.50692749023438,44.57490158081055,70.60491180419922
2019-08-26,50.0655517578125,86.06189727783203,40.32417678833008,26.337087631225586,169.43304443359375,32.632843017578125,88.59420776367188,22.59172821044922,44.11735153198242,107.74164581298828,184.3197479248047,103.35026550292969,127.60285186767578,58.04430389404297,178.7899627685547,88.44349670410156,47.00983810424805,69.97418212890625,45.084957122802734,71.59013366699219
2019-08-27,49.57855224609375,86.12886047363281,40.018028259277344,26.053625106811523,168.09217834472656,32.33220291137695,87.65741729736328,22.33020782470703,44.2629508972168,108.56336212158203,183.58895874023438,103.12104797363281,127.87606048583984,58.02646255493164,179.72177124023438,88.09149932861328,47.091827392578125,70.58698272705078,44.636714935302734,71.46402740478516
2019-08-28,49.94010543823242,86.8724136352539,40.77945327758789,26.362096786499023,170.0864715576172,32.811614990234375,88.5361557006836,22.65077781677246,44.578426361083984,108.90979766845703,185.3054656982422,103.11225128173828,127.70649719238281,58.17168045043945,180.177734375,88.2125015258789,46.75992965698242,70.70187377929688,44.67536926269531,70.64430236816406
2019-08-29,50.493534088134766,87.3854751586914,41.04634475708008,26.89567756652832,173.73301696777344,33.55105209350586,90.54235076904297,23.055707931518555,44.52988815307617,109.57843780517578,187.40432739257812,103.4207763671875,130.11817932128906,59.18717575073242,183.95460510253906,89.31999969482422,46.745121002197266,71.05422973632812,44.91492462158203,71.50345611572266
2019-08-30,50.530426025390625,87.5341796875,40.96000671386719,27.03740882873535,174.13438415527344,33.71356964111328,91.0728759765625,23.207561492919922,44.52180480957031,110.1504135131836,186.19985961914062,102.95354461669922,129.8732452392578,59.00331115722656,184.05372619628906,88.81449890136719,46.31387710571289,71.03892517089844,45.02311325073242,71.84236145019531
2019-09-03,50.58945083618164,86.45601654052734,40.8501091003418,26.859580993652344,169.91571044921875,33.30727767944336,89.99520111083984,22.819503784179688,44.73211669921875,110.73854064941406,185.48231506347656,102.89183807373047,128.1586456298828,57.963523864746094,180.8022918701172,89.49199676513672,47.68375015258789,71.75129699707031,46.19004440307617,73.12708282470703
2019-09-04,51.12810516357422,87.18470001220703,41.839176177978516,27.926513671875,172.27272033691406,33.74607467651367,91.08116149902344,23.19068717956543,45.11229705810547,112.09999084472656,186.652587890625,103.93212127685547,129.65655517578125,58.593936920166016,185.51092529296875,90.03099822998047,47.37933349609375,71.98111724853516,46.452789306640625,73.33988189697266
2019-09-05,51.85123825073242,87.4747085571289,41.949066162109375,28.841033935546875,176.8158416748047,34.509891510009766,93.15365600585938,23.878507614135742,44.58651351928711,110.30320739746094,187.49830627441406,104.17018127441406,131.9363555908203,60.076786041259766,189.23817443847656,92.03600311279297,46.46818923950195,71.55215454101562,45.98139572143555,72.1418685913086
2019-09-06,52.33824157714844,87.93573760986328,42.09822082519531,28.95958137512207,176.95249938964844,34.27424240112305,93.35260772705078,23.547330856323242,44.67549514770508,111.4307632446289,187.9595947265625,105.09584045410156,131.0413818359375,59.785865783691406,185.8578643798828,91.67549896240234,46.53795623779297,71.82023620605469,46.1204948425293,71.79505157470703
2019-09-09,52.75145721435547,88.77596282958984,43.15009307861328,30.678524017333984,181.0259246826172,35.02992630004883,95.6655044555664,24.311586380004883,44.101165771484375,110.6439208984375,185.5933380126953,103.86160278320312,129.55294799804688,59.73382568359375,187.11680603027344,91.56749725341797,46.48509979248047,71.78959655761719,45.610443115234375,72.02362060546875
2019-09-10,53.1794319152832,90.60518646240234,44.20979309082031,31.720048904418945,184.14297485351562,35.411834716796875,96.8841323852539,24.922983169555664,44.00410461425781,110.20589447021484,179.11817932128906,101.62232971191406,128.19638061523438,59.75514221191406,184.5493621826172,91.02749633789062,46.110931396484375,71.95811462402344,45.74180603027344,71.79505157470703
2019-09-11,53.07612991333008,90.18132781982422,44.90057373046875,31.60150718688965,185.14210510253906,35.7043571472168,97.14938354492188,25.01638412475586,44.30340576171875,110.61145782470703,179.56240844726562,100.32637786865234,128.2340545654297,60.4638557434082,186.84918212890625,91.14949798583984,46.52103805541992,72.37943267822266,46.14366912841797,72.26795196533203
2019-09-12,53.1130256652832,90.28543853759766,44.23335266113281,31.245868682861328,186.79885864257812,36.013153076171875,97.74628448486328,25.194711685180664,44.578426361083984,111.36585998535156,181.22813415527344,99.85914611816406,129.55294799804688,61.205772399902344,185.8380584716797,92.17749786376953,46.66480255126953,72.73944854736328,46.360050201416016,72.5280532836914
2019-09-13,53.60002517700195,90.34492492675781,45.010475158691406,31.609975814819336,187.7894744873047,36.69569778442383,99.66952514648438,25.619293212890625,44.211761474609375,110.67638397216797,179.22921752929688,98.17527770996094,129.36451721191406,61.4565544128418,185.56048583984375,91.96700286865234,46.18914794921875,71.92748260498047,46.46824264526367,72.14973449707031
2019-09-16,54.40431594848633,92.29310607910156,49.0844841003418,33.286582946777344,185.50082397460938,36.36254119873047,98.7824935913086,25.5853271484375,43.96731948852539,109.41094207763672,177.17050170898438,97.45234680175781,128.43190002441406,61.04023742675781,184.59893798828125,90.39199829101562,46.151084899902344,71.3299789428711,46.25959396362305,72.2837142944336
2019-09-17,53.99109649658203,92.1220703125,48.05617904663086,32.32125473022461,184.38209533691406,35.92375183105469,98.29340362548828,25.42399024963379,44.19546890258789,110.07611083984375,179.26341247558594,99.44477844238281,129.4304962158203,60.953514099121094,186.44273376464844,91.12750244140625,46.97766876220703,71.90449523925781,46.792823791503906,73.08770751953125
2019-09-18,53.73285675048828,92.33771514892578,47.106361389160156,32.20271682739258,185.3812713623047,36.04564666748047,99.27989196777344,25.474939346313477,44.187313079833984,109.91387176513672,179.75888061523438,101.0140380859375,130.49501037597656,61.090789794921875,186.50221252441406,90.87300109863281,47.33282470703125,72.20325469970703,46.986019134521484,73.31625366210938
2019-09-19,53.37127685546875,91.9510726928711,47.07496643066406,31.974069595336914,183.80137634277344,35.76937484741211,98.96485900878906,25.32208824157715,44.42359924316406,109.89766693115234,179.83572387695312,100.59085083007812,132.89727783203125,61.39311218261719,188.4848175048828,91.07499694824219,47.54423141479492,72.37943267822266,47.186954498291016,73.44233703613281
2019-09-20,53.186805725097656,92.44181060791016,47.74217987060547,31.58456802368164,182.52894592285156,35.4849739074707,98.56695556640625,25.126779556274414,43.92658233642578,109.27303314208984,178.8704833984375,99.00396728515625,131.3616943359375,60.95153045654297,188.27664184570312,89.70800018310547,47.71758270263672,72.97691345214844,47.2255859375,73.44233703613281
2019-09-23,53.22370147705078,92.87309265136719,47.239803314208984,31.609975814819336,182.28985595703125,35.39558792114258,98.55037689208984,25.06734275817871,44.113983154296875,109.86521911621094,180.70709228515625,100.14122009277344,131.0791015625,61.19189453125,185.1937255859375,89.26499938964844,47.62456130981445,73.07649230957031,47.387874603271484,73.61576080322266
2019-09-24,52.49319076538086,92.01052856445312,46.54902267456055,30.111188888549805,177.41363525390625,34.56676483154297,97.26544189453125,24.574819564819336,44.24435043334961,109.80032348632812,181.11709594726562,98.95108032226562,129.42103576660156,60.38108825683594,179.7019500732422,87.08049774169922,48.30738830566406,73.75056457519531,47.897918701171875,74.55368041992188
2019-09-25,52.648155212402344,91.83950805664062,46.69032669067383,29.840227127075195,179.3607177734375,34.97304916381836,97.82086944580078,24.838064193725586,44.138427734375,109.581298828125,181.63821411132812,98.30747985839844,131.28636169433594,61.74945831298828,181.20872497558594,88.41649627685547,48.48919677734375,73.53607177734375,47.70472717285156,74.26995849609375
2019-09-26,52.36776351928711,89.3485336303711,45.277381896972656,29.24748420715332,177.81500244140625,34.63177490234375,97.01675415039062,24.736164093017578,44.317691802978516,110.09232330322266,181.61257934570312,99.45357513427734,131.45591735839844,61.56855773925781,178.54209899902344,86.99199676513672,48.98598098754883,73.68927001953125,47.80518341064453,74.31722259521484
2019-09-27,52.744083404541016,88.18855285644531,45.45005416870117,29.069665908813477,178.45545959472656,34.81053924560547,97.58876037597656,24.922983169555664,44.252506256103516,109.99500274658203,182.09095764160156,99.61226654052734,129.75082397460938,60.75874328613281,175.55831909179688,86.27249908447266,48.888736724853516,73.73524475097656,47.73563766479492,74.24628448486328
2019-09-30,52.102115631103516,88.18855285644531,44.727874755859375,28.934179306030273,176.9695587158203,34.67239761352539,97.56388092041016,24.77013397216797,44.358428955078125,111.21173858642578,183.4150390625,100.00019073486328,130.97544860839844,60.520347595214844,176.52978515625,86.79550170898438,49.254459381103516,73.4288330078125,47.73563766479492,73.84431457519531
2019-10-01,50.877235412597656,86.26266479492188,43.29137420654297,27.689420700073242,173.09249877929688,33.624176025390625,95.78985595703125,24.150238037109375,44.52953338623047,111.4307632446289,178.5543975830078,99.52411651611328,129.12901306152344,59.77000045776367,174.27957153320312,86.78250122070312,49.05152130126953,73.68163299560547,47.820648193359375,73.473876953125
2019-10-02,49.549041748046875,83.49656677246094,41.65863037109375,26.89345932006836,169.30087280273438,32.68972396850586,93.8831558227539,23.640748977661133,43.25028610229492,108.64845275878906,176.2052001953125,99.33016967773438,126.8492202758789,58.37834167480469,173.080078125,85.6614990234375,48.434226989746094,72.54793548583984,47.256500244140625,72.6147689819336
2019-10-03,50.16149139404297,84.13603210449219,42.12175750732422,27.139019012451172,168.43836975097656,32.705970764160156,93.74947357177734,23.615270614624023,43.869537353515625,111.88500213623047,179.41717529296875,100.2206039428711,128.3848114013672,58.94879150390625,177.81849670410156,86.22100067138672,48.6583137512207,72.84669494628906,47.41878128051758,72.90637969970703
2019-10-04,50.891998291015625,84.65653228759766,41.99617385864258,26.99506950378418,171.478515625,33.13664245605469,95.78002166748047,24.090805053710938,44.439910888671875,113.79127502441406,180.83517456054688,101.08455657958984,130.11817932128906,60.015830993652344,178.879150390625,86.98249816894531,49.38131332397461,74.43230438232422,47.9520149230957,73.78128051757812
2019-10-07,50.19099807739258,84.21783447265625,42.85964584350586,26.92732810974121,171.13693237304688,33.055389404296875,95.57113647460938,24.039844512939453,43.893985748291016,112.21759033203125,181.03167724609375,100.22940826416016,129.17611694335938,59.88151550292969,178.11585998535156,86.63300323486328,49.16145706176758,74.24081420898438,47.85154724121094,73.8600845336914
2019-10-08,49.21699142456055,83.06529235839844,42.310150146484375,26.004348754882812,168.54933166503906,32.35657501220703,93.44029235839844,23.46241569519043,43.657684326171875,111.32530212402344,180.33975219726562,99.25965118408203,127.81011199951172,58.983482360839844,176.2026824951172,85.27549743652344,48.61603927612305,73.60501861572266,47.41878128051758,72.95369720458984
2019-10-09,49.76302719116211,84.12858581542969,43.126529693603516,26.165233612060547,168.10528564453125,32.8603630065918,94.11712646484375,23.683202743530273,43.861392974853516,111.82012176513672,181.80906677246094,99.91201782226562,130.23126220703125,59.59157943725586,178.28439331054688,86.09950256347656,49.33269500732422,73.55905151367188,47.836097717285156,73.20589447021484
2019-10-10,50.360713958740234,85.206787109375,43.864418029785156,26.309192657470703,170.6842803955078,33.35602951049805,95.43743896484375,24.158729553222656,43.72287368774414,111.85258483886719,180.89500427246094,100.79362487792969,131.0413818359375,59.941978454589844,178.46279907226562,86.01300048828125,49.045188903808594,73.75823211669922,47.758811950683594,72.99309539794922
2019-10-11,50.89937210083008,86.36677551269531,44.296146392822266,27.503131866455078,174.7919464111328,34.07109069824219,97.05022430419922,24.549345016479492,43.429542541503906,111.6498031616211,178.5543975830078,100.89940643310547,131.58779907226562,60.25123977661133,182.5866241455078,86.59600067138672,48.52512741088867,73.51307678222656,47.542442321777344,72.78028869628906
2019-10-14,51.04692840576172,86.38907623291016,44.060665130615234,27.579343795776367,175.76548767089844,34.33110809326172,97.30925750732422,24.74465560913086,43.429542541503906,111.49565887451172,178.0076446533203,99.46239471435547,131.46533203125,60.353328704833984,181.68453979492188,86.82150268554688,48.38983917236328,72.8696517944336,47.07875061035156,72.53596496582031
2019-10-15,51.224037170410156,86.48574829101562,43.91935348510742,27.782569885253906,176.31202697753906,34.55864334106445,100.24229431152344,25.245664596557617,43.60065460205078,110.58714294433594,177.01670837402344,98.12238311767578,133.36827087402344,61.566078186035156,187.2456817626953,88.36900329589844,48.102333068847656,72.77008056640625,46.90874099731445,72.30736541748047
2019-10-16,50.345951080322266,85.59346008300781,43.19172286987305,27.054346084594727,177.13182067871094,34.76991271972656,100.00834655761719,25.619293212890625,43.5843620300293,110.66017150878906,177.9392852783203,98.28107452392578,132.2755126953125,61.6037483215332,187.89996337890625,88.87149810791016,48.60334396362305,72.8696517944336,47.21012878417969,72.98518371582031
2019-10-17,50.279537200927734,85.77190399169922,43.128440856933594,27.003538131713867,176.31202697753906,35.29807662963867,100.5682144165039,25.69571876525879,43.828800201416016,111.09820556640625,176.70068359375,97.3024673461914,131.5972442626953,62.08943557739258,188.73265075683594,89.3740005493164,48.85280227661133,72.9002914428711,47.186954498291016,73.30047607421875
2019-10-18,49.88846206665039,85.31832122802734,42.669715881347656,27.359180450439453,176.36325073242188,35.47685241699219,100.74370574951172,25.772144317626953,44.63547134399414,110.5222396850586,178.1101837158203,99.00396728515625,129.44931030273438,61.67362594604492,184.23214721679688,87.87550354003906,49.14665603637695,73.0381851196289,47.248779296875,74.19901275634766
2019-10-21,50.72228240966797,86.70881652832031,44.25944519042969,28.443050384521484,178.6946258544922,36.5494384765625,103.24224853515625,26.34108543395996,44.187313079833984,110.41679382324219,179.26341247558594,99.01278686523438,130.41017150878906,61.66718673706055,188.10809326171875,89.28299713134766,49.21430969238281,73.02288055419922,47.59653091430664,74.46699523925781
2019-10-22,50.98052978515625,87.59368133544922,44.718177795410156,29.484582901000977,178.99349975585938,36.874481201171875,104.27840423583984,26.493934631347656,43.877681732177734,110.85484313964844,170.22549438476562,97.06444549560547,128.46958923339844,61.51454162597656,180.75270080566406,88.2864990234375,49.941532135009766,73.01521301269531,47.48061752319336,74.20686340332031
2019-10-23,51.467533111572266,87.72753143310547,44.48881912231445,29.91644287109375,180.46234130859375,37.30512237548828,104.55416870117188,26.680753707885742,44.521385192871094,111.49565887451172,170.1742401123047,96.33272552490234,129.2891845703125,62.328819274902344,184.529541015625,88.1084976196289,49.89079284667969,73.66629791259766,47.87473678588867,74.43545532226562
2019-10-24,50.98052978515625,87.43009948730469,44.41764450073242,29.730144500732422,180.23175048828125,37.18324661254883,104.47895812988281,26.629802703857422,44.49694061279297,111.85258483886719,167.44915771484375,96.05060577392578,131.83273315429688,62.40216827392578,184.75755310058594,89.03900146484375,50.21846389770508,73.5896987915039,47.87473678588867,75.44432067871094
2019-10-25,51.09859085083008,88.2406005859375,44.56790542602539,29.713207244873047,182.9473876953125,37.67890548706055,105.31458282470703,26.93549919128418,43.796199798583984,110.83859252929688,166.2446746826172,96.182861328125,132.5769500732422,62.659385681152344,186.25439453125,88.06649780273438,50.076820373535156,73.09947967529297,47.41106033325195,74.36450958251953
2019-10-28,50.64848709106445,88.09931182861328,44.038002014160156,29.653940200805664,185.95339965820312,38.060829162597656,105.71572875976562,27.037403106689453,43.64954376220703,110.78182983398438,163.8272247314453,96.54429626464844,135.83653259277344,63.882537841796875,187.75123596191406,88.85399627685547,49.305198669433594,72.0806884765625,47.1483039855957,73.59210968017578
2019-10-29,50.500919342041016,87.83903503417969,45.15318298339844,29.459171295166016,185.8594512939453,38.05268478393555,105.64886474609375,27.232711791992188,43.51917266845703,110.38436126708984,164.54473876953125,96.72943878173828,134.55532836914062,62.47898864746094,187.66204833984375,88.135498046875,49.17200469970703,71.6440658569336,47.07875061035156,73.43448638916016
2019-10-30,49.96963119506836,86.52294158935547,43.53181838989258,28.028125762939453,184.2966766357422,37.87257766723633,105.06391143798828,26.8505859375,43.951019287109375,111.04951477050781,168.19235229492188,91.10481262207031,136.232177734375,62.4809684753418,186.61126708984375,88.99949645996094,49.77661895751953,72.0117416381836,48.40023422241211,74.16746520996094
2019-10-31,49.85895538330078,86.35933685302734,43.65835952758789,27.68095588684082,182.2215118408203,37.700653076171875,104.38704681396484,26.55337905883789,44.35026931762695,111.2685317993164,168.03005981445312,89.66779327392578,135.0640411376953,62.38679504394531,189.98165893554688,88.83300018310547,50.385475158691406,72.20325469970703,48.42341613769531,74.39604949951172
2019-11-01,51.356842041015625,86.41139221191406,45.20063400268555,29.162805557250977,185.64596557617188,38.74858856201172,106.79365539550781,27.00343132019043,43.91843032836914,111.07384490966797,165.67239379882812,87.85169982910156,135.3937225341797,63.05339050292969,191.9345245361328,89.5719985961914,49.82948303222656,72.295166015625,48.114315032958984,73.74186706542969
2019-11-04,52.884281158447266,90.39697265625,45.87290954589844,30.68698501586914,187.76385498046875,39.976619720458984,107.64600372314453,27.51293182373047,43.29916763305664,109.63807678222656,161.1619415283203,86.79376220703125,136.17567443847656,63.91376495361328,193.02493286132812,90.23300170898438,48.537811279296875,71.72830963134766,47.71245193481445,73.14283752441406
2019-11-05,53.93207931518555,90.67211151123047,46.276275634765625,31.09345054626465,186.7134552001953,39.911128997802734,107.8799819946289,27.869585037231445,42.71249771118164,108.70520782470703,164.16888427734375,86.33533477783203,136.09088134765625,64.00446319580078,192.62843322753906,90.08550262451172,48.01143264770508,71.35299682617188,47.41878128051758,72.03941345214844
2019-11-06,52.75145721435547,89.15520477294922,45.58027267456055,30.111188888549805,186.52557373046875,39.75557327270508,108.047119140625,27.84410858154297,43.02212905883789,109.05401611328125,165.87734985351562,88.23960876464844,135.71405029296875,63.9831428527832,189.88255310058594,89.78849792480469,48.091758728027344,71.51383209228516,47.797454833984375,72.49653625488281
2019-11-07,53.873050689697266,90.6349105834961,47.09092330932617,30.551515579223633,190.6844482421875,39.83743667602539,108.63204193115234,28.217735290527344,42.60657501220703,108.1455078125,164.93768310546875,87.86052703857422,135.90245056152344,64.77265167236328,188.76234436035156,89.41000366210938,47.161598205566406,70.91637420654297,46.916465759277344,70.95573425292969
2019-11-08,52.849937438964844,89.92108917236328,46.79037094116211,30.771665573120117,190.3599090576172,40.23860168457031,108.9495849609375,28.243207931518555,42.54140090942383,107.99138641357422,165.39048767089844,87.19051361083984,137.5039520263672,64.87474822998047,189.17872619628906,89.29399871826172,46.948081970214844,68.90178680419922,47.34150695800781,70.74130249023438
2019-11-11,52.528839111328125,89.83184814453125,46.5926399230957,30.83094596862793,187.04652404785156,40.18946838378906,108.56520080566406,28.175281524658203,42.239906311035156,107.39112091064453,164.5618133544922,87.12876892089844,137.6453094482422,64.34346008300781,187.9594268798828,88.5824966430664,46.97766876220703,67.10166931152344,46.73100280761719,70.5030288696289
2019-11-12,51.8044548034668,89.94338989257812,46.0548210144043,30.661598205566406,188.2250213623047,40.12397766113281,107.93013000488281,28.098852157592773,42.13398361206055,107.05854034423828,165.10855102539062,86.69682312011719,138.5496826171875,64.29042053222656,192.77713012695312,88.9000015258789,47.189083099365234,67.093994140625,46.9010124206543,70.28858947753906
2019-11-13,51.3787956237793,90.92493438720703,45.52490997314453,29.662403106689453,187.29412841796875,39.616397857666016,107.36189270019531,27.84410858154297,42.704349517822266,108.12116241455078,166.57785034179688,86.7320556640625,138.7757568359375,64.23936462402344,191.50827026367188,87.65550231933594,48.1805534362793,67.81404113769531,47.84382629394531,71.36874389648438
2019-11-14,51.154747009277344,90.6869888305664,45.27972412109375,29.391427993774414,187.3880615234375,39.7965087890625,107.46219635009766,27.767681121826172,42.88360595703125,108.15362548828125,165.72360229492188,86.49405670166016,139.48233032226562,64.88216400146484,191.4685821533203,87.7300033569336,48.594886779785156,68.32893371582031,48.21476745605469,71.16223907470703
2019-11-15,51.67002868652344,90.58935546875,46.07065200805664,29.941837310791016,188.08834838867188,40.107601165771484,108.23931884765625,27.96299171447754,42.91621017456055,108.54297637939453,165.69801330566406,86.64388275146484,141.28164672851562,66.09097290039062,193.40164184570312,86.97450256347656,48.92256546020508,68.58444213867188,48.5504035949707,71.13048553466797
2019-11-18,51.169677734375,89.01995849609375,44.8447265625,29.37449836730957,187.64430236816406,40.14035415649414,109.150146484375,27.988468170166016,43.20953369140625,108.74578094482422,165.9627685546875,86.64388275146484,141.6302947998047,65.41197204589844,195.68161010742188,87.62650299072266,49.07900619506836,68.63865661621094,48.768959045410156,71.59906005859375
2019-11-19,50.64693069458008,87.44305419921875,45.21644973754883,29.052724838256836,187.90904235839844,40.385963439941406,109.11670684814453,27.971481323242188,43.25028610229492,109.15947723388672,165.2452392578125,86.46759033203125,141.67730712890625,65.05267333984375,197.5848846435547,87.6395034790039,49.18471145629883,67.38433837890625,48.558204650878906,72.01206970214844
2019-11-20,50.80376052856445,88.11134338378906,46.94855499267578,30.602312088012695,186.09005737304688,40.19765853881836,108.32286834716797,27.759187698364258,43.3643684387207,108.48619079589844,165.83465576171875,86.87487030029297,141.43153381347656,64.52088165283203,195.79066467285156,87.27649688720703,49.72588348388672,67.4617691040039,49.00312423706055,72.6395034790039
2019-11-21,52.02848815917969,89.18515014648438,47.62083053588867,31.008769989013672,186.36329650878906,39.98480224609375,108.57353973388672,27.886566162109375,43.15251159667969,108.6241226196289,164.31411743164062,86.68006896972656,141.29917907714844,64.4356460571289,196.20700073242188,86.7354965209961,49.708980560302734,67.09784698486328,48.92506790161133,72.32976531982422
2019-11-22,51.8044548034668,89.08002471923828,47.375648498535156,31.000303268432617,188.1139678955078,40.32046127319336,109.29220581054688,28.175281524658203,43.20953369140625,108.75392150878906,164.98899841308594,86.4321517944336,141.40321350097656,64.11498260498047,197.08924865722656,87.28600311279297,49.33692169189453,67.46949768066406,49.0889892578125,72.70303344726562
2019-11-25,51.460933685302734,88.89229583740234,48.28519821166992,31.398283004760742,190.2233123779297,40.901729583740234,109.87715911865234,28.421545028686523,43.3643684387207,108.55921936035156,163.92115783691406,86.77748107910156,142.9534454345703,64.70822143554688,198.05081176757812,88.69200134277344,49.1635627746582,67.82566833496094,48.5347900390625,72.18677520751953
2019-11-26,51.333988189697266,88.44927978515625,47.54174041748047,30.814016342163086,189.9670867919922,40.45146179199219,110.02754974365234,28.319644927978516,43.91843032836914,110.07611083984375,165.7321319580078,88.31806182861328,143.70968627929688,65.07298278808594,197.2379608154297,89.84700012207031,49.66246795654297,68.29022216796875,48.589439392089844,72.67127227783203
2019-11-27,51.304107666015625,88.65953063964844,47.72364044189453,31.135787963867188,190.39402770996094,40.75436782836914,110.35348510742188,28.379077911376953,43.959163665771484,110.24647521972656,167.68838500976562,89.1060562133789,143.98382568359375,65.02985382080078,200.24156188964844,90.92549896240234,49.53495788574219,68.56897735595703,48.63626480102539,72.74275970458984
2019-11-29,50.87844467163086,87.95368194580078,47.407283782958984,30.653121948242188,190.093505859375,40.50876235961914,110.102783203125,28.294166564941406,43.83603286743164,110.18155670166016,167.19833374023438,89.13261413574219,143.09521484375,64.63138580322266,199.88470458984375,90.04000091552734,49.69435119628906,68.26700592041016,48.3864860534668,72.55213928222656
2019-12-02,51.09500503540039,87.70587921142578,47.74737548828125,30.788606643676758,186.90737915039062,40.1812858581543,109.86044311523438,28.387575149536133,44.123348236083984,110.22211456298828,167.8000946044922,89.03524017333984,141.3654022216797,63.876590728759766,197.96156311035156,89.08000183105469,49.14814376831055,67.58565521240234,48.082069396972656,71.70232391357422
2019-12-03,50.691734313964844,87.02254486083984,46.57682418823242,30.041641235351562,182.26992797851562,39.38716506958008,108.4482192993164,27.886566162109375,44.16438674926758,109.8814697265625,166.0291290283203,88.05243682861328,141.13851928710938,64.16800689697266,197.08924865722656,88.49800109863281,49.356422424316406,68.02698516845703,48.68309783935547,72.17884063720703
2019-12-04,51.26676940917969,87.81098175048828,47.9530143737793,31.071935653686523,185.4474334716797,39.98480224609375,110.58744049072266,28.149812698364258,44.56663513183594,111.37400817871094,167.0521697998047,87.83106994628906,141.64898681640625,65.36737823486328,196.980224609375,88.03450012207031,49.78786849975586,68.87093353271484,48.9328727722168,73.09221649169922
2019-12-05,51.0875358581543,87.35293579101562,47.32819366455078,30.780025482177734,186.47801208496094,40.173095703125,111.18909454345703,28.252262115478516,44.48454666137695,111.36990356445312,166.96617126464844,87.22903442382812,141.72459411621094,65.76486206054688,197.62452697753906,87.02400207519531,49.85163116455078,69.1341781616211,48.987518310546875,73.43373107910156
2019-12-06,51.90901184082031,88.61446380615234,49.01284408569336,31.672945022583008,192.89315795898438,40.77074432373047,112.84363555908203,28.747467041015625,44.6733512878418,112.20308685302734,167.94625854492188,87.45037841796875,143.44496154785156,66.38088989257812,199.2998504638672,87.58000183105469,49.81548309326172,69.49808502197266,48.50356674194336,73.37812805175781
2019-12-09,52.02101516723633,88.08131408691406,48.902099609375,31.904760360717773,190.48854064941406,40.60700225830078,112.31719970703125,28.610858917236328,44.38603973388672,112.03973388671875,167.3702392578125,87.63630676269531,143.0763702392578,66.55929565429688,199.58731079101562,87.47550201416016,49.78999710083008,69.1264419555664,47.957183837890625,72.9571762084961
2019-12-10,51.57292938232422,88.52436828613281,48.84674072265625,32.05929946899414,190.54869079589844,40.664310455322266,112.39237213134766,28.627931594848633,44.1397705078125,111.31271362304688,167.6024169921875,87.86648559570312,142.8589324951172,66.55435180664062,199.12139892578125,86.96050262451172,49.828250885009766,68.94837188720703,47.09077453613281,73.0207290649414
2019-12-11,51.49826431274414,87.27786254882812,48.78347396850586,32.96940612792969,189.9561004638672,40.48420715332031,112.12498474121094,28.721851348876953,44.28752899169922,111.99071502685547,167.40463256835938,88.04358673095703,143.39773559570312,66.62175750732422,200.49929809570312,87.43599700927734,50.110923767089844,68.90965270996094,47.371768951416016,73.18751525878906
2019-12-12,52.528839111328125,89.2151870727539,49.50320053100586,33.54464340209961,194.1298370361328,41.4993782043457,115.33381652832031,29.609804153442383,44.443504333496094,112.0560531616211,168.7716064453125,88.3888931274414,144.85345458984375,66.83189392089844,195.03724670410156,88.0165023803711,49.71135711669922,69.3432388305664,47.38737869262695,72.38533782958984
2019-12-13,51.69990158081055,88.57691955566406,49.5901985168457,33.484535217285156,193.22811889648438,41.1309700012207,114.32270050048828,29.404882431030273,44.6733512878418,112.67686462402344,169.4679718017578,88.63679504394531,146.0728759765625,66.7516098022461,192.42025756835938,88.0469970703125,50.35957717895508,69.76133728027344,47.426414489746094,73.10808563232422
2019-12-16,52.27492904663086,89.62821197509766,49.68510818481445,33.827972412109375,195.8388214111328,41.52393341064453,114.76560974121094,29.62688446044922,44.6733512878418,111.95802307128906,170.12135314941406,89.32740783691406,147.0181121826172,67.43701934814453,196.1970672607422,88.46050262451172,50.895172119140625,70.06328582763672,48.60504150390625,73.88641357421875
2019-12-17,52.03594970703125,89.05750274658203,50.23875045776367,33.87948989868164,198.5096893310547,41.67130661010742,115.46749877929688,29.917173385620117,44.6733512878418,111.23102569580078,168.95217895507812,88.20297241210938,146.22413635253906,67.14907836914062,196.66299438476562,89.53299713134766,50.96955108642578,70.10975646972656,49.72123718261719,74.03733825683594
2019-12-18,52.17784118652344,89.01995849609375,49.98566436767578,34.0168571472168,197.90850830078125,41.47481918334961,115.35052490234375,29.976938247680664,44.25469207763672,111.0676498413086,168.18699645996094,87.42381286621094,145.92160034179688,67.00138092041016,200.7372283935547,89.20149993896484,51.069435119628906,70.15621185302734,49.666595458984375,74.4582748413086
2019-12-19,51.81938171386719,88.70455932617188,49.977745056152344,34.00827407836914,197.4705352783203,41.638553619384766,114.77394104003906,29.840330123901367,44.59126281738281,111.47607421875,169.41636657714844,88.38001251220703,147.18829345703125,67.22589874267578,204.2661895751953,89.61399841308594,51.14594650268555,69.64520263671875,49.22948455810547,74.63301086425781
2019-12-20,52.230125427246094,89.86846923828125,50.39692306518555,33.85373306274414,196.60311889648438,41.4993782043457,114.68202209472656,29.84886932373047,45.12485122680664,112.66053771972656,169.4851837158203,89.06178283691406,148.7952423095703,66.9671859741211,204.50413513183594,89.32499694824219,51.58376693725586,70.16394805908203,49.846126556396484,75.37163543701172
2019-12-23,52.491485595703125,90.35657501220703,51.092933654785156,35.02139663696289,196.74053955078125,41.52393341064453,114.6485824584961,30.02816390991211,45.07558822631836,111.94170379638672,168.67706298828125,88.37117004394531,148.7952423095703,66.93795013427734,204.3851776123047,89.6500015258789,50.74851608276367,69.80006408691406,49.37779235839844,74.4582748413086
2019-12-24,52.28985595703125,90.36408233642578,51.1483039855957,34.90119171142578,197.4447784423828,41.4993782043457,114.96612548828125,30.070858001708984,44.91142272949219,111.81915283203125,169.08111572265625,88.83160400390625,148.7668914794922,66.63066101074219,203.3343963623047,89.46050262451172,51.1161994934082,69.86198425292969,49.27631378173828,74.52974700927734
2019-12-26,52.37200927734375,90.55931091308594,51.409297943115234,34.403221130371094,198.56118774414062,41.843231201171875,116.1861572265625,30.32699966430664,45.165897369384766,111.65581512451172,169.41636657714844,90.12425994873047,149.98626708984375,67.52474212646484,205.98114013671875,93.4384994506836,51.42437744140625,69.98587036132812,49.30754089355469,74.56150817871094
2019-12-27,52.192771911621094,90.33404541015625,51.39347457885742,34.34313201904297,198.08885192871094,41.82685089111328,116.26972961425781,30.18185043334961,45.436790466308594,112.35013580322266,170.37069702148438,90.22163391113281,150.26040649414062,67.13668060302734,206.28848266601562,93.48999786376953,51.54126739501953,70.43495178222656,49.53389358520508,74.80770874023438
2019-12-30,51.886592864990234,89.99614715576172,51.10083770751953,34.68655776977539,197.3502960205078,41.72041702270508,115.84354400634766,30.011093139648438,45.37111282348633,111.75381469726562,169.28749084472656,89.1060562133789,148.96539306640625,66.39673614501953,202.63058471679688,92.34449768066406,51.2819709777832,70.29558563232422,49.44023895263672,74.68064880371094
2019-12-31,52.110626220703125,90.49174499511719,51.43303298950195,34.51483917236328,197.4619140625,41.851409912109375,116.48696899414062,30.070858001708984,45.436790466308594,111.63943481445312,169.88926696777344,89.18576049804688,149.0693359375,66.38088989257812,203.46327209472656,92.39199829101562,51.46687698364258,70.62076568603516,49.72123718261719,75.06187438964844
2020-01-02,52.947025299072266,91.18255615234375,51.77311325073242,34.48907470703125,201.23204040527344,42.60460662841797,117.89921569824219,30.429458618164062,45.14126968383789,110.94514465332031,172.62318420410156,90.4607162475586,151.82958984375,67.83251190185547,207.95384216308594,94.90049743652344,50.71451187133789,69.94717407226562,48.87823486328125,74.22795104980469
2020-01-03,52.521366119384766,90.86717987060547,51.96293640136719,34.823917388916016,198.87893676757812,41.916908264160156,116.34336853027344,29.797645568847656,44.894996643066406,110.7899169921875,172.01272583007812,90.17738342285156,149.93902587890625,67.4776611328125,206.85348510742188,93.74849700927734,51.07581329345703,69.99362182617188,48.83140182495117,74.1485366821289
2020-01-06,52.92463302612305,90.55931091308594,52.5798454284668,35.04715347290039,200.91429138183594,41.7695426940918,116.25081634521484,29.75494384765625,44.87857437133789,111.21468353271484,173.94715881347656,90.12425994873047,150.32659912109375,69.2762222290039,210.74929809570312,95.14399719238281,51.33085632324219,70.33428955078125,49.02653121948242,74.39472198486328
2020-01-07,52.491485595703125,89.40292358398438,52.5798454284668,34.866851806640625,202.23684692382812,41.687679290771484,114.27449798583984,29.558576583862305,44.5338020324707,109.46660614013672,174.205078125,90.28366088867188,148.95590209960938,69.14240264892578,211.2052764892578,95.34300231933594,51.286224365234375,69.89295196533203,48.87823486328125,74.41061401367188
2020-01-08,51.69990158081055,88.3816909790039,51.36184310913086,33.83655548095703,204.18626403808594,42.21981430053711,115.16595458984375,29.85740852355957,44.61589813232422,110.03024291992188,177.02490234375,90.44302368164062,151.32858276367188,69.63453674316406,213.3464813232422,94.59850311279297,51.26283645629883,69.99362182617188,48.86262893676758,74.18821716308594
2020-01-09,52.09569549560547,88.2390365600586,52.255577087402344,34.22292709350586,208.34288024902344,42.620975494384766,115.58644104003906,29.908634185791016,45.4285774230957,110.10374450683594,179.12261962890625,91.16017150878906,153.21910095214844,70.36554718017578,216.39968872070312,95.05249786376953,51.66452407836914,70.16394805908203,49.37779235839844,74.56150817871094
2020-01-10,51.6326789855957,87.43553161621094,51.7414665222168,34.19715881347656,207.92198181152344,42.7437858581543,114.434326171875,29.661029815673828,45.58454513549805,109.89141082763672,178.19410705566406,90.03573608398438,152.51014709472656,70.82002258300781,216.16175842285156,94.15799713134766,51.762290954589844,70.02456665039062,49.69001770019531,74.92683410644531
2020-01-13,52.125572204589844,87.60076904296875,51.512123107910156,33.68202209472656,210.58433532714844,43.21043395996094,115.38461303710938,29.93425178527832,46.077091217041016,111.52511596679688,177.540771484375,88.8404312133789,154.343994140625,71.36865997314453,219.97825622558594,94.56500244140625,52.368003845214844,70.64399719238281,50.37690353393555,75.15719604492188
2020-01-14,51.67749786376953,87.3304214477539,51.5200309753418,33.939579010009766,210.97073364257812,43.27592849731445,116.73021697998047,30.156246185302734,45.97037124633789,111.78650665283203,178.2371826171875,89.17688751220703,153.25692749023438,70.90080261230469,217.15306091308594,93.47200012207031,52.650672912597656,70.69046020507812,50.67350387573242,75.43515014648438
2020-01-15,51.5953483581543,87.20277404785156,51.409297943115234,32.9093017578125,210.58433532714844,43.34143829345703,114.98094177246094,29.60127067565918,46.545005798339844,113.70611572265625,180.3434600830078,89.63729095458984,154.2494659423828,71.32752990722656,219.22486877441406,93.10099792480469,53.468929290771484,71.61181640625,51.188682556152344,76.72179412841797
2020-01-16,51.393714904785156,87.7734375,51.46466827392578,33.295650482177734,214.4574432373047,46.20684051513672,115.42665100097656,29.643951416015625,46.64350509643555,114.04100799560547,181.27197265625,90.45185852050781,157.0758514404297,71.87071228027344,219.8394775390625,93.89700317382812,53.615577697753906,72.14606475830078,51.63357925415039,77.28569030761719
2020-01-17,51.19954299926758,86.78977966308594,51.46466827392578,32.943634033203125,214.2341766357422,47.08285140991211,116.2256088256836,29.635417938232422,46.74201202392578,115.38880920410156,182.243408203125,93.32051849365234,157.95489501953125,73.32579803466797,220.2062225341797,93.23600006103516,53.85573959350586,72.56417083740234,52.500003814697266,78.27848052978516
2020-01-21,50.46770477294922,85.08522033691406,50.642120361328125,31.724456787109375,211.00511169433594,45.781124114990234,115.08187866210938,29.251211166381836,46.93082046508789,115.87892150878906,181.53846740722656,93.49761199951172,157.38772583007812,73.46111297607422,219.5123291015625,94.5999984741211,54.59749221801758,73.39263916015625,53.17128372192383,78.89796447753906
2020-01-22,50.17647171020508,84.77735137939453,49.83537673950195,31.492637634277344,212.16444396972656,45.73200988769531,114.94731140136719,29.336591720581055,47.292022705078125,117.1205825805664,181.7791748046875,94.28559875488281,156.6315460205078,73.5413818359375,219.3933868408203,94.37300109863281,55.237205505371094,73.79524230957031,53.3117790222168,79.42215728759766
2020-01-23,49.8628044128418,84.92752838134766,49.93820571899414,31.277996063232422,210.9020538330078,45.46182632446289,114.82957458496094,29.131669998168945,47.47261428833008,117.34111022949219,183.48143005371094,93.83406829833984,157.595703125,73.58202362060547,217.8469696044922,94.22899627685547,55.27545166015625,74.39144134521484,53.82693862915039,80.19255828857422
2020-01-24,49.526763916015625,83.98888397216797,49.52692413330078,30.71133041381836,207.75881958007812,44.65951156616211,111.97858428955078,28.636472702026367,47.34947967529297,116.74479675292969,181.6072540283203,92.94868469238281,156.00762939453125,72.66416931152344,216.0428009033203,93.08200073242188,56.04908752441406,74.54629516601562,54.20161437988281,81.13768005371094
2020-01-27,48.34682846069336,82.89256286621094,48.27729034423828,29.157304763793945,204.5126190185547,43.4806022644043,111.03665924072266,28.047348022460938,47.185306549072266,116.10767364501953,179.97373962402344,92.42628479003906,153.39871215820312,70.95730590820312,212.99951171875,91.41699981689453,56.6909294128418,74.40692901611328,54.43577194213867,80.83586883544922
2020-01-28,48.27963638305664,83.44072723388672,48.388004302978516,29.157304763793945,208.3257293701172,44.225616455078125,113.0550537109375,28.38033103942871,46.79947280883789,116.35272979736328,180.87644958496094,92.80699157714844,156.40467834472656,71.8875503540039,215.8941192626953,92.6624984741211,56.4932861328125,74.49211120605469,54.67774963378906,81.1614990234375
2020-01-29,47.87636184692383,82.87753295898438,47.84227752685547,28.959829330444336,206.21302795410156,43.947261810302734,112.8868408203125,28.183956146240234,46.79947280883789,115.77275085449219,184.3583526611328,94.4095687866211,158.84347534179688,72.19482421875,221.28672790527344,92.9000015258789,56.48265838623047,74.91022491455078,54.716773986816406,81.65390014648438
2020-01-30,48.384178161621094,83.65098571777344,48.158653259277344,29.225994110107422,209.65679931640625,44.35104751586914,114.28292083740234,28.58525276184082,48.31814193725586,117.48815155029297,185.854248046875,94.38301849365234,163.3240509033203,72.07341003417969,207.70602416992188,93.53399658203125,57.3689079284668,75.46768188476562,55.302181243896484,82.67845916748047
2020-01-31,46.390262603759766,80.45210266113281,47.00392150878906,28.770938873291016,204.1776885986328,43.06551742553711,111.31419372558594,28.030275344848633,47.94053268432617,116.00963592529297,183.9542999267578,93.64811706542969,160.91363525390625,71.00934600830078,200.15234375,100.43599700927734,57.0012321472168,75.59156799316406,54.9509391784668,82.77376556396484
2020-02-03,45.35222244262695,79.80632781982422,46.806182861328125,28.728017807006836,205.25979614257812,43.3456916809082,112.16361236572266,28.149812698364258,48.08829879760742,116.40989685058594,184.99452209472656,94.21479034423828,164.83653259277344,73.47844696044922,202.4125213623047,100.20999908447266,56.70580291748047,75.62252044677734,55.185115814208984,82.77376556396484
2020-02-04,44.78467559814453,80.23433685302734,44.67863845825195,29.25175666809082,207.77601623535156,44.5158576965332,113.7782974243164,28.70476722717285,48.30173110961914,116.9898681640625,184.5131072998047,94.48038482666016,170.26234436035156,71.63529205322266,208.00341796875,102.4834976196289,56.22335433959961,74.79405975341797,54.2796745300293,81.70155334472656
2020-02-05,46.84579849243164,82.8099594116211,46.48982620239258,30.110328674316406,209.80276489257812,45.31520462036133,115.71256256103516,29.635417938232422,48.309940338134766,117.8720703125,184.29815673828125,94.54238891601562,170.05438232421875,71.66700744628906,208.2809600830078,101.99349975585938,56.68455123901367,75.21216583251953,53.88158416748047,81.10590362548828
2020-02-06,46.21104049682617,82.21674346923828,46.197181701660156,29.62952423095703,207.67298889160156,45.33168411254883,115.72943115234375,29.60127067565918,48.42485809326172,117.89656066894531,183.00856018066406,91.85079193115234,173.58026123046875,73.14985656738281,209.01449584960938,102.5114974975586,57.028846740722656,75.049560546875,53.73328399658203,81.20916748046875
2020-02-07,45.90486145019531,81.80374145507812,45.86499786376953,29.55225372314453,204.39236450195312,45.34816360473633,115.35940551757812,29.550031661987305,48.58904266357422,118.74610137939453,181.9253387451172,90.3456039428711,173.82598876953125,73.30548858642578,210.4816436767578,103.96399688720703,57.286006927490234,74.53856658935547,53.37421417236328,81.04119110107422
2020-02-10,45.4200553894043,82.4420166015625,45.77009201049805,29.492151260375977,203.8427734375,45.61186981201172,115.83875274658203,29.61834144592285,49.04875183105469,118.98300170898438,183.30088806152344,91.08049011230469,178.372802734375,74.77001190185547,211.2052764892578,106.69550323486328,57.75358200073242,74.50758361816406,53.421058654785156,81.50503540039062
2020-02-11,45.85182571411133,83.50829315185547,46.43445587158203,29.875503540039062,203.06983947753906,45.96620178222656,116.05741119384766,29.686647415161133,48.91740036010742,119.32604217529297,185.4673614501953,92.12523651123047,174.34591674804688,74.8393783569336,205.3863983154297,107.54000091552734,57.840728759765625,75.09603118896484,53.53813934326172,81.74494934082031
2020-02-12,46.412384033203125,84.13156127929688,47.26491928100586,30.53766441345215,204.95059204101562,46.295841217041016,116.05741119384766,29.81471824645996,48.7696418762207,119.32604217529297,186.95465087890625,93.26741790771484,174.60116577148438,75.26411437988281,208.92530822753906,108.0,57.43904113769531,75.81608581542969,53.56155776977539,81.40109252929688
2020-02-13,46.15483474731445,83.84619903564453,46.85073471069336,30.206573486328125,204.69297790527344,46.089820861816406,115.95655059814453,29.80617904663086,48.93382263183594,119.64464569091797,186.92030334472656,93.40970611572266,173.65589904785156,75.00440979003906,211.28457641601562,107.49349975585938,58.54634475708008,78.26709747314453,54.2796745300293,82.24873352050781
2020-02-14,45.942726135253906,83.62591552734375,46.69143295288086,29.988771438598633,203.60231018066406,46.01565933227539,115.6032943725586,29.75494384765625,49.21292495727539,120.06941986083984,186.6365966796875,93.63204193115234,175.2061309814453,75.2690658569336,212.31553649902344,106.74349975585938,59.194557189941406,79.18180084228516,54.3584098815918,82.97647094726562
2020-02-18,45.35944366455078,83.74744415283203,46.43655014038086,29.317901611328125,200.27879333496094,45.75196838378906,114.07266998291016,29.259748458862305,48.86814880371094,118.9339599609375,185.8284454345703,92.52034759521484,176.9832000732422,75.30426025390625,215.90403747558594,107.78350067138672,59.942657470703125,79.76033782958984,54.65770721435547,83.43230438232422
2020-02-19,45.70790481567383,84.12728118896484,47.20118713378906,29.875503540039062,203.81700134277344,46.4029655456543,115.62850952148438,29.643951416015625,49.06516647338867,118.87677764892578,185.38140869140625,93.552001953125,177.51402282714844,75.57337951660156,215.59671020507812,108.51100158691406,58.37630844116211,79.29122924804688,54.03550720214844,82.7685317993164
2020-02-20,45.344303131103516,83.4207763671875,46.898521423339844,29.474727630615234,199.86656188964844,44.293365478515625,115.62850952148438,29.75494384765625,49.02412796020508,118.57455444335938,184.90853881835938,92.37805938720703,174.80316162109375,75.1828384399414,212.71205139160156,107.65499877929688,58.87790298461914,79.29905700683594,54.98060607910156,81.87289428710938
2020-02-21,44.79132843017578,82.81302642822266,46.54805374145508,29.091371536254883,198.0544891357422,43.19735336303711,114.21563720703125,29.336591720581055,49.36069869995117,119.13817596435547,185.58775329589844,92.0578842163086,169.2771759033203,73.52106475830078,208.35035705566406,104.79850006103516,58.99689865112305,80.08087158203125,54.33478927612305,81.33710479736328
2020-02-24,42.693023681640625,79.54642486572266,44.90725326538086,26.948076248168945,192.8330841064453,40.93943786621094,111.14602661132812,27.94489288330078,48.14575958251953,116.5160903930664,183.56739807128906,89.15853881835938,161.97869873046875,70.3690185546875,198.9727020263672,100.4645004272461,58.22115707397461,79.979248046875,53.3975830078125,80.00159454345703
2020-02-25,41.05681228637695,76.5076675415039,42.87614822387695,25.56277084350586,186.8816375732422,39.57972717285156,106.18414306640625,26.53612518310547,47.46440505981445,115.25811767578125,182.3466033935547,87.11302185058594,159.3057861328125,68.70674896240234,195.05711364746094,98.63700103759766,57.45391845703125,77.61035919189453,52.657249450683594,78.50617218017578
2020-02-26,40.155391693115234,74.47932434082031,40.75742721557617,24.726360321044922,185.31002807617188,38.92871856689453,106.50369262695312,26.151912689208984,47.283809661865234,115.97695922851562,180.6271514892578,86.71280670166016,161.29627990722656,68.91243743896484,195.48333740234375,98.97949981689453,57.27113342285156,77.35235595703125,52.12958908081055,77.9144058227539
2020-02-27,37.738929748535156,71.50897216796875,37.53952407836914,23.384624481201172,176.6448516845703,37.42068099975586,102.0716781616211,24.8712100982666,45.09199523925781,111.3943862915039,172.8037109375,82.41720581054688,149.9315185546875,65.16961669921875,188.09820556640625,94.21499633789062,54.660423278808594,74.26419830322266,49.522708892822266,73.4600830078125
2020-02-28,38.966094970703125,70.9088134765625,38.56702423095703,23.602432250976562,173.47381591796875,37.10753631591797,97.64801788330078,24.333316802978516,43.9099235534668,107.84922790527344,167.9764404296875,79.37556457519531,153.56175231933594,66.37395477294922,190.79452514648438,94.1875,54.000267028808594,71.6920394897461,47.538021087646484,71.3808822631836
2020-03-02,40.81441116333008,73.37776947021484,39.21218490600586,24.212316513061523,180.990966796875,38.302433013916016,102.19781494140625,25.076126098632812,45.90469741821289,112.38279724121094,175.22596740722656,82.29269409179688,163.77960205078125,68.70674896240234,194.72998046875,97.69750213623047,57.33095169067383,75.57763671875,50.349666595458984,76.04309844970703
2020-03-03,38.860050201416016,71.70646667480469,38.32807159423828,23.35848045349121,175.77215576171875,36.58837890625,98.36287689208984,23.69296646118164,46.019630432128906,110.74908447265625,172.59605407714844,81.2076416015625,155.9314422607422,66.29812622070312,184.27182006835938,95.44950103759766,56.64728546142578,74.7489242553711,50.3260498046875,76.33099365234375
2020-03-04,39.70845413208008,74.85157012939453,39.371498107910156,23.59371566772461,180.36021423339844,37.28059005737305,100.79332733154297,24.23940086364746,48.367401123046875,116.3118896484375,179.093017578125,84.16033935546875,161.65646362304688,68.47283172607422,190.0906982421875,98.79149627685547,60.29417419433594,79.4710693359375,53.3975830078125,79.82565307617188
2020-03-05,37.958614349365234,73.83360290527344,37.993526458740234,22.504642486572266,171.76300048828125,35.09683609008789,95.84829711914062,23.010671615600586,46.577842712402344,113.56926727294922,171.56658935546875,80.86079406738281,157.59963989257812,65.16020202636719,183.5580596923828,96.20149993896484,58.99950408935547,78.28271484375,53.2164421081543,79.00198364257812
2020-03-06,36.12544631958008,72.4129867553711,36.10581970214844,20.779552459716797,166.63059997558594,34.47877883911133,90.89482879638672,22.09128189086914,45.36289978027344,112.87845611572266,172.03370666503906,79.50897979736328,153.14471435546875,64.21757507324219,179.51358032226562,95.05449676513672,58.072288513183594,77.4383544921875,52.66513442993164,78.1303482055664
2020-03-09,31.709197998046875,61.283634185791016,27.137109756469727,15.081512451171875,149.315185546875,30.902347564697266,78.58264923095703,18.843318939208984,42.57185363769531,107.03966522216797,161.65257263183594,74.43961334228516,142.76573181152344,60.25520324707031,168.02447509765625,90.03050231933594,55.82051086425781,73.94364166259766,48.95565414428711,75.93912506103516
2020-03-10,32.88332748413086,64.55787658691406,27.78226661682129,15.84821891784668,159.28622436523438,32.55046463012695,84.68826293945312,20.28685760498047,44.04948043823242,110.31268310546875,172.89881896972656,77.1788558959961,152.52859497070312,63.1981086730957,176.63882446289062,94.59100341796875,54.63479232788086,74.31111907958984,48.845401763916016,75.74723052978516
2020-03-11,31.800092697143555,63.07648468017578,25.934377670288086,15.142502784729004,148.520263671875,30.3831787109375,80.70196533203125,19.479167938232422,42.85916519165039,106.70248413085938,162.85504150390625,72.01166534423828,145.61875915527344,60.01285171508789,168.758056640625,91.04299926757812,51.54338455200195,71.09785461425781,45.821109771728516,71.74874114990234
2020-03-12,28.164072036743164,57.93342590332031,22.461591720581055,12.563570022583008,130.1939239501953,25.8013973236084,74.04969787597656,17.623184204101562,38.713619232177734,94.85211181640625,147.17945861816406,69.77045440673828,131.8085174560547,55.089012145996094,153.12533569335938,83.83049774169922,44.62779235839844,62.92012405395508,41.1035270690918,66.00692749023438
2020-03-13,28.87611961364746,63.37276077270508,24.99448585510254,14.07956600189209,153.08242797851562,30.902347564697266,87.38787078857422,20.75943946838379,40.1379508972168,104.81103515625,153.2351837158203,69.77935028076172,150.54763793945312,60.17987060546875,168.79769897460938,89.25,47.334625244140625,67.05591583251953,42.50541687011719,69.14970397949219
2020-03-16,26.126379013061523,52.94990539550781,20.772991180419922,12.554858207702637,133.63278198242188,26.081579208374023,74.31038665771484,17.563039779663086,37.47975158691406,93.00179290771484,128.9085235595703,62.104164123535156,128.35833740234375,53.17845153808594,144.73895263671875,84.4574966430664,43.02118682861328,59.87105941772461,37.504329681396484,65.30318450927734
2020-03-17,27.8837890625,53.70199966430664,20.90839195251465,12.197640419006348,137.0976104736328,27.84507942199707,78.85176849365234,18.886281967163086,39.069705963134766,105.03305053710938,127.70604705810547,58.24433135986328,138.9268798828125,55.41165542602539,148.11929321289062,90.39199829101562,47.37735366821289,67.23573303222656,44.54524230957031,72.93229675292969
2020-03-18,25.088590621948242,41.82054901123047,18.056884765625,10.498682022094727,120.98322296142578,25.33992576599121,70.5511474609375,17.863771438598633,37.14023208618164,99.44094848632812,118.77821350097656,53.97539138793945,133.0786590576172,54.07996368408203,145.68067932128906,91.5,45.00164794921875,61.981971740722656,44.04119110107422,70.59717559814453
2020-03-19,26.0809268951416,43.59820556640625,20.382699966430664,12.084376335144043,129.1656951904297,25.480010986328125,71.73694610595703,18.216066360473633,34.63937759399414,96.49685668945312,129.3323974609375,55.6740837097168,135.26821899414062,55.0949592590332,151.7969970703125,94.04650115966797,44.245361328125,58.67488479614258,40.08757400512695,64.6234359741211
2020-03-20,24.80073356628418,45.11756896972656,21.378337860107422,12.4415922164917,119.59210968017578,24.44993782043457,70.22315216064453,16.90141487121582,31.7161808013916,85.46887969970703,128.4586944580078,51.654151916503906,130.18772888183594,52.94105911254883,148.4265594482422,92.30449676513672,40.9659423828125,53.47586441040039,36.5119743347168,57.138282775878906
2020-03-23,23.823558807373047,41.19001770019531,19.554323196411133,11.178266525268555,116.61981964111328,22.91718101501465,66.46389770507812,15.535213470458984,31.103391647338867,86.4968490600586,118.60518646240234,50.26675796508789,128.8891143798828,52.24325180053711,146.81077575683594,95.1415023803711,38.8102912902832,50.153160095214844,34.0468635559082,55.97871398925781
2020-03-24,26.846010208129883,50.556907653808594,24.484724044799805,12.763957977294922,132.7169189453125,27.3753662109375,74.36924743652344,18.06999969482422,32.66851043701172,93.61856079101562,140.10293579101562,61.95298767089844,140.6045684814453,56.003902435302734,159.5786590576172,97.00499725341797,44.12357711791992,55.899471282958984,38.62267303466797,57.61811065673828
2020-03-25,28.247394561767578,52.62323760986328,24.644025802612305,12.72039794921875,134.0389404296875,28.0098934173584,77.14453887939453,18.130146026611328,34.45718765258789,92.51658630371094,140.9939727783203,64.80782318115234,139.25863647460938,54.59687805175781,154.8501739501953,94.29199981689453,44.922603607177734,58.409080505371094,39.489009857177734,58.60973358154297
2020-03-26,29.406373977661133,58.02457809448242,25.560012817382812,13.521955490112305,143.24957275390625,29.427265167236328,82.5185317993164,19.522125244140625,36.67649841308594,98.89820098876953,144.77444458007812,67.36917877197266,147.96942138671875,57.63493728637695,161.91810607910156,97.77449798583984,49.37277603149414,63.47521209716797,43.42688751220703,65.41515350341797
2020-03-27,27.98984718322754,52.251007080078125,23.297922134399414,11.988537788391113,136.81248474121094,28.0263671875,76.63994598388672,18.55976676940918,35.45091247558594,99.06266021728516,141.88504028320312,60.94799041748047,141.8936767578125,55.02507781982422,155.4250946044922,95.00499725341797,49.55436325073242,62.69339370727539,44.1120719909668,66.69467163085938
2020-03-30,28.40646743774414,54.6591911315918,23.32978630065918,11.570334434509277,137.91842651367188,28.71034049987793,78.63311767578125,18.93783950805664,37.26444625854492,103.19095611572266,145.44927978515625,62.851219177246094,151.8745574951172,56.81173324584961,164.50537109375,98.19750213623047,52.558189392089844,65.24993133544922,45.671470642089844,66.94256591796875
2020-03-31,28.762495040893555,55.0466423034668,24.532516479492188,11.75329875946045,133.57232666015625,28.01812171936035,75.71487426757812,18.241844177246094,36.643375396728516,98.76659393310547,143.04428100585938,60.94799041748047,149.48599243164062,57.586856842041016,165.34799194335938,97.48600006103516,51.40665054321289,63.232826232910156,42.639305114746094,63.959712982177734
2020-04-01,28.429197311401367,52.0838623046875,23.592636108398438,10.96916389465332,125.53667449951172,26.056865692138672,70.9464111328125,16.987342834472656,34.8795280456543,97.13831329345703,136.83282470703125,60.16534423828125,144.1780242919922,54.62065887451172,158.21067810058594,95.38500213623047,46.62320327758789,60.645050048828125,39.489009857177734,59.633338928222656
2020-04-02,30.60323715209961,57.827064514160156,26.969831466674805,12.09308910369873,129.54588317871094,27.935718536376953,73.59553527832031,17.674741744995117,36.39493942260742,101.85873413085938,139.713623046875,58.742374420166016,147.16375732421875,55.36061096191406,156.81295776367188,95.94149780273438,48.37934112548828,62.067962646484375,41.2689208984375,61.408668518066406
2020-04-03,29.701797485351562,57.05978012084961,26.213151931762695,12.45030689239502,126.95369720458984,27.894515991210938,71.42021179199219,17.21074676513672,36.295570373535156,102.45903778076172,138.7014923095703,56.2966194152832,145.8083038330078,54.1547966003418,152.8378143310547,95.32949829101562,47.351722717285156,59.43325424194336,39.59138870239258,57.977962493896484
2020-04-06,30.656265258789062,61.070919036865234,26.125537872314453,13.652644157409668,136.71743774414062,30.498559951782227,76.01728057861328,18.379322052001953,38.64737319946289,107.8620376586914,153.15728759765625,62.700016021728516,156.65179443359375,58.6395263671875,164.10888671875,99.87950134277344,50.101295471191406,63.52211380004883,43.63165283203125,62.848114013671875
2020-04-07,31.239538192749023,61.473548889160156,26.499895095825195,14.349655151367188,143.44837951660156,30.440874099731445,77.01997375488281,19.023765563964844,38.51487731933594,107.30281829833984,151.90289306640625,63.45600128173828,154.9645538330078,58.60830307006836,167.36032104492188,100.58000183105469,48.81516647338867,62.630855560302734,43.411136627197266,62.976070404052734
2020-04-08,33.21662521362305,65.31754302978516,28.419485092163086,15.055375099182129,152.9009552001953,32.443336486816406,80.1300048828125,20.149375915527344,39.599693298339844,109.05443572998047,153.54656982421875,67.0312271118164,156.51907348632812,59.81956481933594,172.76287841796875,102.1500015258789,49.885528564453125,66.84481811523438,45.821109771728516,66.61470031738281
2020-04-09,32.67122268676758,64.0488510131836,27.662796020507812,14.349655151367188,159.2084503173828,33.85249710083008,87.31877136230469,21.36091423034668,40.576847076416016,109.89327239990234,158.9188690185547,71.47801971435547,156.52854919433594,59.798255920410156,173.6649627685547,102.13800048828125,52.402225494384766,70.6053237915039,47.514404296875,69.02177429199219
2020-04-13,32.39094924926758,64.50467681884766,27.320293426513672,13.896598815917969,154.81912231445312,32.616397857666016,83.43547821044922,20.5532283782959,38.86267852783203,107.63996887207031,155.82183837890625,68.53423309326172,156.8792266845703,59.98857116699219,173.26841735839844,108.44349670410156,50.46448516845703,68.29898071289062,45.458831787109375,66.77462005615234
2020-04-14,32.14097595214844,64.27678680419922,27.145063400268555,13.53938102722168,153.99830627441406,32.847137451171875,81.1496810913086,20.389970779418945,40.510597229003906,113.81597900390625,159.16970825195312,71.0511474609375,164.64215087890625,62.705482482910156,176.61898803710938,114.16600036621094,51.78266525268555,70.69132232666016,46.466922760009766,68.97379302978516
2020-04-15,30.663837432861328,62.66625213623047,25.647634506225586,12.833661079406738,154.2488555908203,31.64400863647461,77.14743041992188,19.066722869873047,39.42578887939453,111.04460144042969,153.84930419921875,69.05007934570312,162.9170684814453,62.312469482421875,175.42945861816406,115.38400268554688,50.68026351928711,68.43970489501953,44.017555236816406,66.86260223388672
2020-04-16,29.656352996826172,60.76704025268555,24.747575759887695,12.241201400756836,152.9700927734375,31.611042022705078,74.20735931396484,18.405099868774414,39.00346374511719,111.54623413085938,155.2854461669922,71.2468032836914,167.80801391601562,62.31890869140625,174.7157440185547,120.40950012207031,50.735809326171875,68.47879028320312,43.56864547729492,67.2144775390625
2020-04-17,32.73939514160156,66.2215576171875,28.08494758605957,13.312853813171387,158.5431365966797,32.21260070800781,80.8777847290039,20.00330352783203,39.79842758178711,113.11693572998047,160.9950714111328,74.85760498046875,169.2866973876953,63.38792419433594,177.67970275878906,118.75,52.611595153808594,70.4411392211914,45.261940002441406,69.07775115966797
2020-04-20,31.194091796875,63.48670959472656,27.535364151000977,13.251863479614258,155.87326049804688,31.611042022705078,77.92919158935547,19.33308982849121,38.531429290771484,110.64986419677734,157.1453857421875,72.9899673461914,165.9312744140625,62.503265380859375,176.68841552734375,119.68049621582031,50.76359558105469,67.743896484375,43.73403549194336,66.30281829833984
2020-04-21,31.027429580688477,62.02052307128906,26.436172485351562,12.798808097839355,150.17919921875,30.44911766052246,75.66889953613281,18.594139099121094,37.579132080078125,107.68111419677734,153.62448120117188,72.21621704101562,159.06875610351562,60.0753059387207,169.31317138671875,116.40599822998047,50.295711517333984,66.79791259765625,43.71040725708008,65.95094299316406
2020-04-22,31.913721084594727,64.14762115478516,27.861921310424805,13.365129470825195,152.05421447753906,31.15781021118164,75.91531372070312,18.731613159179688,37.827552795410156,109.06267547607422,161.32383728027344,77.18773651123047,164.47157287597656,62.36747741699219,180.6932373046875,118.17449951171875,52.80601119995117,68.13479614257812,44.93115234375,67.97418212890625
2020-04-23,32.91362762451172,65.94049072265625,28.817737579345703,14.393217086791992,151.25064086914062,30.87762451171875,75.95780181884766,18.791763305664062,37.322418212890625,107.12188720703125,157.4827880859375,76.13832092285156,162.48106384277344,62.99985885620117,183.51841735839844,119.97250366210938,51.51774978637695,66.54773712158203,44.734256744384766,66.39077758789062
2020-04-24,33.1257209777832,66.10000610351562,28.74605369567871,14.036001205444336,152.93551635742188,31.289655685424805,77.0794677734375,19.058135986328125,37.62052536010742,110.49359130859375,159.19564819335938,76.38732147216797,165.44786071777344,63.26897430419922,188.41546630859375,120.51100158691406,51.21010208129883,66.99337005615234,45.46670150756836,66.5587158203125
2020-04-27,33.2848014831543,68.15116119384766,29.59035873413086,13.983721733093262,158.5863494873047,32.393898010253906,80.40192413330078,20.166561126708984,38.73845672607422,110.57585144042969,160.8134307861328,78.43285369873047,164.973876953125,62.984500885009766,185.86778259277344,118.80000305175781,52.04330062866211,67.82207489013672,46.0573844909668,66.87057495117188
2020-04-28,34.06502914428711,68.30311584472656,30.64971351623535,14.070852279663086,161.58457946777344,33.06963348388672,80.97125244140625,20.527446746826172,38.7053337097168,112.10545349121094,160.8480224609375,78.50399017333984,160.9550323486328,61.08782196044922,181.3177490234375,115.7040023803711,51.1246452331543,68.51006317138672,45.726600646972656,67.67829895019531
2020-04-29,35.951229095458984,71.8812026977539,33.620704650878906,15.856932640075684,164.19398498535156,33.90925598144531,83.15505981445312,21.29218101501465,39.020015716552734,109.67123413085938,162.48306274414062,77.78360748291016,168.17764282226562,66.51915740966797,192.4995574951172,118.635498046875,50.23375701904297,67.7282485961914,45.183170318603516,66.47874450683594
2020-04-30,35.2012939453125,69.89083099365234,33.5330810546875,14.654593467712402,158.4826202392578,32.77867126464844,81.37062072753906,20.66492462158203,38.00146484375,108.79130554199219,162.25811767578125,76.86756896972656,169.86485290527344,66.74317932128906,202.92799377441406,123.69999694824219,49.377052307128906,66.18811798095703,44.67913818359375,66.46275329589844
2020-05-01,32.678802490234375,67.946044921875,31.175413131713867,13.722345352172852,153.0218963623047,31.922422409057617,79.23779296875,19.831459045410156,37.761314392089844,107.023193359375,158.01913452148438,74.53744506835938,165.466796875,65.2870864868164,200.5092315673828,114.302001953125,48.50752639770508,64.60884857177734,42.85195541381836,65.08728790283203
2020-05-04,33.996864318847656,69.46540832519531,32.14715576171875,14.140551567077637,152.09739685058594,31.664718627929688,78.29457092285156,19.702564239501953,37.3803825378418,107.66464233398438,157.33567810058594,73.8970947265625,169.51416015625,65.56362915039062,203.47320556640625,115.79949951171875,49.156986236572266,64.60102844238281,43.25361251831055,66.41476440429688
2020-05-05,33.95899200439453,70.56695556640625,32.59320068359375,14.157975196838379,154.0587615966797,31.57326889038086,78.17561340332031,19.470571517944336,37.595703125,108.28145599365234,155.06048583984375,74.06609344482422,171.33401489257812,66.85816192626953,205.26744079589844,115.88999938964844,49.15913391113281,64.99974060058594,43.81278991699219,66.6226806640625
2020-05-06,33.32267379760742,68.40946197509766,32.25070571899414,13.783331871032715,152.8664093017578,31.007984161376953,76.70557403564453,19.204206466674805,37.057430267333984,107.54949188232422,153.09671020507812,73.96824645996094,173.0211639404297,66.68022918701172,206.65524291992188,117.56300354003906,47.56963348388672,62.599586486816406,42.245513916015625,63.03205490112305
2020-05-07,33.512054443359375,70.37701416015625,33.7879638671875,14.576181411743164,157.53224182128906,32.263267517089844,77.50431823730469,19.625234603881836,36.93320846557617,108.18274688720703,156.68687438964844,75.24005889892578,174.02593994140625,67.86225128173828,209.42092895507812,118.38050079345703,47.95846939086914,62.787208557128906,42.71019744873047,63.41934585571289
2020-05-08,34.981624603271484,72.52693176269531,34.65680694580078,15.72624683380127,160.18479919433594,33.319034576416016,78.77043151855469,20.25248908996582,38.18363952636719,110.38668060302734,156.78201293945312,76.64522552490234,175.04962158203125,68.608642578125,210.50146484375,118.98049926757812,49.08009338378906,63.93648910522461,43.639530181884766,64.43599700927734
2020-05-11,34.6483154296875,70.93160247802734,34.005165100097656,15.12507152557373,158.25804138183594,33.1111946105957,76.4506607055664,19.40183448791504,37.71162796020508,110.51004028320312,156.47926330566406,76.81421661376953,177.00218200683594,69.56266784667969,211.32424926757812,120.44999694824219,48.57802963256836,63.84267044067383,43.954551696777344,63.879241943359375
2020-05-12,34.06916809082031,69.20712280273438,33.45008850097656,14.881120681762695,153.1169891357422,31.93905258178711,73.95242309570312,18.791763305664062,37.115386962890625,109.32585144042969,152.72476196289062,74.70643615722656,172.99276733398438,68.1546630859375,208.27105712890625,117.84750366210938,48.69552993774414,64.0146484375,43.72616195678711,62.86260223388672
2020-05-13,32.37806701660156,67.38388061523438,32.090518951416016,13.809471130371094,148.4425048828125,30.750268936157227,71.40323638916016,17.932514190673828,36.386661529541016,109.34227752685547,149.50656127929688,71.54029846191406,170.3766632080078,66.8239517211914,203.31459045410156,118.39600372314453,49.16340255737305,64.02249908447266,42.36366271972656,62.71736145019531
2020-05-14,32.663787841796875,68.40946197509766,32.122703552246094,14.027288436889648,150.73219299316406,31.43194007873535,74.36878967285156,18.654285430908203,36.18791580200195,109.44097137451172,151.74720764160156,74.07498931884766,171.1160430908203,67.24671936035156,205.00970458984375,119.44249725341797,49.61418533325195,65.09420013427734,43.11972427368164,63.01591491699219
2020-05-15,32.43212127685547,67.73333740234375,32.878902435302734,13.896598815917969,148.50296020507812,30.999658584594727,72.99222564697266,18.422290802001953,35.82355880737305,111.80117797851562,150.36300659179688,75.50685119628906,173.60894775390625,68.04957580566406,209.0442657470703,120.48899841308594,48.678443908691406,64.21627044677734,41.86861038208008,63.282161712646484
2020-05-18,35.0112419128418,71.34083557128906,35.07512664794922,15.639120101928711,157.15203857421875,33.48527908325195,76.8585205078125,19.702564239501953,37.23960494995117,111.44757080078125,155.57093811035156,77.16105651855469,175.2676239013672,68.65026092529297,211.3341522216797,121.31300354003906,50.3021240234375,67.16645050048828,43.36676025390625,64.45213317871094
2020-05-19,33.930171966552734,69.08230590820312,34.32695007324219,14.90726089477539,153.65267944335938,32.69554138183594,75.34599304199219,19.08390998840332,36.883522033691406,108.33077239990234,155.3459930419922,77.25001525878906,174.0543975830078,68.1159896850586,214.99203491210938,122.46649932861328,49.24458312988281,65.8772201538086,42.68939971923828,62.2413330078125
2020-05-20,35.03440856933594,71.6877212524414,35.51759719848633,15.865641593933105,156.77183532714844,34.13371276855469,77.6063003540039,19.685380935668945,38.00146484375,107.94424438476562,159.264892578125,78.34391784667969,176.4686279296875,69.83871459960938,227.9680938720703,124.89700317382812,49.733829498291016,65.89303588867188,43.69349670410156,62.73350143432617
2020-05-21,34.408931732177734,70.9477310180664,35.17166519165039,15.499712944030762,155.61407470703125,33.50191116333008,76.62060546875,19.676788330078125,37.40522384643555,107.0807876586914,160.11265563964844,78.27277374267578,174.3489990234375,69.71928405761719,229.37571716308594,122.33699798583984,48.90277099609375,65.12581634521484,42.896602630615234,62.42689895629883
2020-05-22,34.4398307800293,69.59103393554688,34.81769943237305,15.316752433776855,155.4671173095703,33.360591888427734,76.02579498291016,19.470571517944336,37.28929138183594,107.30281829833984,159.53305053710938,77.59687042236328,174.42506408691406,70.04093170166016,232.86508178710938,121.84400177001953,49.960296630859375,65.82977294921875,43.49428176879883,63.564571380615234
2020-05-26,35.4514045715332,71.9189682006836,35.13144302368164,16.031187057495117,169.40419006347656,36.3200569152832,81.4216079711914,20.862552642822266,38.167076110839844,106.70248413085938,159.9050750732422,78.30834197998047,172.58111572265625,70.44385528564453,230.17868041992188,121.09300231933594,50.05856704711914,65.49757385253906,43.558013916015625,64.4843978881836
2020-05-27,35.70621871948242,72.38145446777344,35.935916900634766,16.597497940063477,181.15513610839844,38.955322265625,86.13763427734375,22.32327651977539,38.69705581665039,107.57418823242188,162.39654541015625,80.25605773925781,172.80921936035156,70.38983917236328,227.1453094482422,120.51950073242188,51.51560592651367,66.21733856201172,43.83692169189453,65.71082305908203
2020-05-28,34.77959060668945,70.04585266113281,34.60047912597656,16.3709774017334,173.8625946044922,36.910301208496094,84.85453796386719,21.36091423034668,38.99517059326172,108.79130554199219,163.2703094482422,81.2215805053711,172.4195098876953,70.28874206542969,223.4973602294922,120.05500030517578,53.701175689697266,67.88622283935547,45.35102844238281,68.66393280029297
2020-05-29,35.111637115478516,70.6856460571289,33.932777404785156,16.092172622680664,170.83697509765625,36.74403381347656,82.68770599365234,20.725072860717773,38.65565490722656,108.18274688720703,162.26007080078125,80.22029113769531,174.1779327392578,71.04601287841797,223.13055419921875,122.11849975585938,54.59846878051758,67.72801971435547,45.4785270690918,68.78498077392578
2020-06-01,35.737117767333984,71.52584838867188,34.90618133544922,16.05732536315918,173.82785034179688,37.159706115722656,83.78384399414062,21.14610481262207,38.9123649597168,109.36695861816406,163.20932006835938,80.92655181884766,173.77871704101562,71.1129150390625,229.89120483398438,123.552001953125,54.91854476928711,69.15962219238281,45.98057174682617,69.50309753417969
2020-06-02,36.53246307373047,72.99044036865234,35.55781173706055,16.544170379638672,177.4882049560547,37.8912467956543,84.06427764892578,21.34373664855957,38.83784103393555,109.0708999633789,163.36605834960938,82.43743133544922,175.75575256347656,71.48165130615234,230.6941375732422,123.62049865722656,55.12263107299805,69.34153747558594,46.21962356567383,69.3740005493164
2020-06-03,38.022796630859375,74.90982055664062,36.29792785644531,17.202083587646484,183.07870483398438,38.99689483642578,88.60185241699219,22.33186912536621,39.665931701660156,109.22715759277344,168.33001708984375,84.53839111328125,176.18350219726562,71.32999420166016,228.1564483642578,123.91999816894531,55.76279067993164,70.57540130615234,46.78541564941406,70.18891143798828
2020-06-04,37.91469192504883,74.21604919433594,35.96809005737305,17.833667755126953,186.77389526367188,40.47663116455078,90.44579315185547,23.171152114868164,39.6824951171875,108.21026611328125,168.28648376464844,84.92280578613281,173.8642578125,70.09346008300781,224.32009887695312,123.02999877929688,54.11082458496094,69.95054626464844,46.17979049682617,68.09913635253906
2020-06-05,40.98802947998047,77.70795440673828,39.08946228027344,19.289838790893555,189.4691162109375,41.17493438720703,94.51602172851562,24.321916580200195,40.6513786315918,109.76005554199219,171.70028686523438,86.2906723022461,177.932373046875,71.36815643310547,228.7611083984375,124.1500015258789,54.64573287963867,70.78104400634766,46.5782356262207,68.99478149414062
2020-06-08,42.26987075805664,79.58106231689453,40.47315216064453,20.74600601196289,191.98184204101562,41.690345764160156,96.40243530273438,24.69397735595703,41.28071594238281,109.56945037841797,176.48135375976562,85.81683349609375,179.03492736816406,71.76564025878906,229.38563537597656,126.2030029296875,55.95613098144531,72.69512176513672,48.02857208251953,70.93122863769531
2020-06-09,41.32778549194336,78.26294708251953,39.12163162231445,19.745990753173828,189.6256561279297,41.8981819152832,93.92969512939453,24.41710090637207,40.576847076416016,110.19928741455078,173.7555389404297,85.43238830566406,180.4036865234375,71.96585083007812,236.59234619140625,130.04299926757812,55.56730651855469,71.4375228881836,47.303401947021484,69.31751251220703
2020-06-10,39.11159896850586,75.2181625366211,36.933467864990234,18.386314392089844,185.64358520507812,40.47663116455078,90.12287139892578,23.01540756225586,40.26216125488281,111.16064453125,170.5159149169922,84.11819458007812,187.09512329101562,72.59130859375,234.6692352294922,132.37249755859375,55.16344451904297,71.3346939086914,47.17589569091797,68.88179779052734
2020-06-11,35.659889221191406,68.88959503173828,33.88451385498047,16.23715591430664,168.7850799560547,37.05162048339844,82.60273742675781,20.70521354675293,37.71162796020508,105.94778442382812,163.29640197753906,81.06066131591797,177.04843139648438,69.47891998291016,222.47628784179688,127.89800262451172,53.3460693359375,68.87488555908203,44.69757080078125,65.96903991699219
2020-06-12,36.424354553222656,71.2175064086914,35.17971420288086,16.66698455810547,175.4363250732422,38.473167419433594,84.86302185058594,21.440673828125,38.10436248779297,106.90914154052734,164.74203491210938,81.60601806640625,178.44564819335938,70.02507781982422,226.59017944335938,127.2509994506836,53.04103469848633,68.60595703125,44.76131820678711,66.00130462646484
2020-06-15,36.40119934082031,70.32332611083984,34.87400817871094,16.947694778442383,179.37490844726562,39.404239654541016,86.03567504882812,21.76080894470215,38.689300537109375,108.13568878173828,165.02076721191406,81.74905395507812,179.5862274169922,70.41262817382812,230.47608947753906,128.63400268554688,53.39763259887695,68.77997589111328,44.96054458618164,65.96903991699219
2020-06-16,37.219722747802734,72.4816665649414,36.289886474609375,17.14944839477539,182.2266845703125,40.36855697631836,86.72393798828125,22.323213577270508,39.08203887939453,109.12191772460938,165.74359130859375,82.1245346069336,183.98704528808594,71.68782806396484,233.5986328125,130.7635040283203,53.311710357666016,68.77206420898438,44.80116271972656,65.83992767333984
2020-06-17,36.00737762451172,70.56230926513672,35.413002014160156,17.395065307617188,179.2705535888672,39.7035026550293,84.53163146972656,21.631025314331055,38.92327117919922,109.19648742675781,166.15286254882812,81.588134765625,184.62388610839844,71.98865509033203,233.4796905517578,132.0489959716797,53.48999786376953,68.186767578125,44.65772247314453,66.36441040039062
2020-06-18,36.23131561279297,70.87065124511719,35.75893020629883,17.70208740234375,177.22738647460938,39.55387496948242,84.07279205322266,21.66563606262207,39.26588439941406,110.04182434082031,165.02076721191406,80.5779037475586,186.60089111328125,71.07575225830078,233.88609313964844,132.69900512695312,53.4749641418457,67.8387680053711,44.7135009765625,65.97709655761719
2020-06-19,35.50544357299805,69.86083221435547,35.15557098388672,17.28980255126953,175.30589294433594,39.013511657714844,83.1125717163086,21.847333908081055,38.455322265625,108.7987060546875,162.46910095214844,78.90609741210938,185.4888153076172,70.60591125488281,236.7113037109375,133.75050354003906,52.03138732910156,64.94391632080078,42.72128677368164,64.31497192382812
2020-06-22,35.845211029052734,70.600830078125,35.042945861816406,17.38629150390625,176.8622283935547,39.38761520385742,82.21185302734375,21.30223274230957,38.22135543823242,108.60807037353516,163.25289916992188,78.51268005371094,190.64048767089844,71.8954849243164,237.1375732421875,135.6909942626953,53.06895446777344,65.2761001586914,43.565982818603516,65.04920196533203
2020-06-23,36.061424255371094,70.4852294921875,35.24406433105469,17.1669921875,178.0446319580078,39.81158447265625,83.21453094482422,21.449323654174805,38.137786865234375,108.86499786376953,162.5213623046875,78.60209655761719,191.9141845703125,72.5556411743164,240.13128662109375,138.2205047607422,52.24619674682617,64.73828125,42.450340270996094,65.31547546386719
2020-06-24,34.36260223388672,67.55604553222656,32.975433349609375,15.66696548461914,172.16720581054688,39.0301513671875,80.4359130859375,20.601383209228516,37.31052780151367,107.37323760986328,160.4921875,77.38622283935547,188.04566955566406,71.00537872314453,231.98284912109375,136.72000122070312,51.91537857055664,63.646793365478516,41.74110794067383,65.12181854248047
2020-06-25,34.87997817993164,68.7662582397461,33.83623504638672,16.158199310302734,180.06178283691406,40.55976486206055,83.24002838134766,21.38875961303711,37.544498443603516,108.90643310546875,159.15980529785156,76.88558959960938,190.42190551757812,71.42168426513672,233.62835693359375,137.72900390625,51.37617492675781,62.84001922607422,40.84062576293945,63.98415756225586
2020-06-26,33.683074951171875,66.64644622802734,32.460575103759766,15.298540115356445,164.49000549316406,39.1132698059082,78.6769790649414,20.030330657958984,36.40804672241211,106.85111236572266,156.52976989746094,75.80381774902344,186.6103973388672,67.52821350097656,214.19900512695312,134.64349365234375,50.74460220336914,62.428741455078125,40.577640533447266,62.93524169921875
2020-06-29,34.223609924316406,67.57917022705078,33.22483444213867,15.79854679107666,168.21121215820312,39.27122116088867,79.02536010742188,20.237987518310547,37.068199157714844,108.6329345703125,159.1946258544922,77.76173400878906,188.61590576171875,69.24449157714844,218.7193145751953,134.0189971923828,51.17854309082031,63.47278594970703,41.08766174316406,64.2020034790039
2020-06-30,34.53248977661133,68.78168487548828,33.80404281616211,16.131887435913086,171.8194580078125,40.15241241455078,79.92605590820312,20.549468994140625,37.335594177246094,109.61087799072266,160.6489715576172,77.69916534423828,193.43490600585938,70.27931213378906,225.09332275390625,137.9409942626953,51.59315490722656,63.18806076049805,41.31875991821289,64.25848388671875
2020-07-01,33.7525749206543,67.5406265258789,32.77434158325195,15.544154167175293,171.7759552001953,39.57881164550781,79.24629974365234,20.12550163269043,37.45257568359375,109.6937484741211,160.81446838378906,77.28788757324219,194.56602478027344,71.46630859375,235.48211669921875,143.93499755859375,52.90139389038086,64.80154418945312,42.13158416748047,66.16266632080078
2020-07-02,34.03828811645508,68.072509765625,33.61097717285156,15.772229194641113,171.628173828125,39.72844696044922,79.50370025634766,20.151456832885742,37.50272750854492,110.0998306274414,159.8216552734375,77.38622283935547,196.04879760742188,72.85051727294922,231.38804626464844,144.51499938964844,52.93146514892578,64.73036193847656,42.06783676147461,66.58223724365234
2020-07-06,34.277671813964844,68.2729263305664,33.49031066894531,16.447677612304688,180.2877960205078,40.58470916748047,81.51143646240234,20.471603393554688,37.79518508911133,110.47278594970703,164.15859985351562,79.12958526611328,200.2689666748047,74.3234634399414,238.18832397460938,152.8520050048828,53.05177307128906,63.124755859375,41.92439651489258,66.25950622558594
2020-07-07,33.38964080810547,66.53083801269531,32.69388198852539,15.947671890258789,173.332275390625,39.479061126708984,79.21196746826172,19.909194946289062,37.778472900390625,110.6965560913086,161.82464599609375,77.65444946289062,197.9403076171875,73.84123992919922,238.76329040527344,150.00599670410156,53.000205993652344,63.923622131347656,42.012054443359375,66.47734069824219
2020-07-08,33.31242370605469,66.56166076660156,33.01566696166992,15.851179122924805,175.84495544433594,40.659523010253906,80.05281066894531,19.9870662689209,37.66148376464844,111.2352294921875,161.850830078125,77.37731170654297,202.2935333251953,74.51921844482422,241.4595947265625,154.0554962158203,54.40727996826172,64.41400146484375,42.28299331665039,66.5015640258789
2020-07-09,31.93791389465332,63.77893829345703,30.851627349853516,15.02660083770752,171.13255310058594,39.49567794799805,78.31964111328125,19.701536178588867,36.69215774536133,109.98380279541016,160.5270538330078,77.22532653808594,203.7097625732422,75.26560974121094,242.37161254882812,159.13150024414062,54.132301330566406,63.06939697265625,41.390472412109375,66.17881774902344
2020-07-10,32.93404769897461,65.69832611083984,31.92963218688965,15.60555648803711,178.72279357910156,41.39939498901367,82.60112762451172,20.78308868408203,37.72834014892578,111.43412017822266,161.00604248046875,77.99417877197266,203.09193420410156,76.27416229248047,242.93663024902344,160.0,55.767086029052734,64.3190689086914,42.418460845947266,67.89741516113281
2020-07-13,32.94176483154297,65.82937622070312,31.905494689941406,15.245906829833984,181.60935974121094,41.74853515625,83.78517150878906,20.930177688598633,37.81189727783203,111.80707550048828,161.04086303710938,78.16405487060547,196.8187255859375,74.94693756103516,236.91949462890625,155.1999969482422,55.0452995300293,64.39817810058594,42.37861633300781,68.38961029052734
2020-07-14,34.03056335449219,68.10334777832031,33.23288345336914,16.131887435913086,186.0696258544922,41.9813117980957,84.26567077636719,20.886919021606445,38.329986572265625,112.31262969970703,166.09193420410156,78.83455657958984,198.0353546142578,75.37464141845703,237.64312744140625,154.1999969482422,56.40080261230469,64.61172485351562,42.777061462402344,68.86566925048828
2020-07-15,34.46299743652344,68.51958465576172,33.48225402832031,16.579261779785156,188.582275390625,42.687923431396484,85.56985473632812,21.28492546081543,38.77286148071289,110.79598999023438,167.0062713623047,80.77457427978516,197.74063110351562,75.17738342285156,238.18832397460938,150.44349670410156,55.63819885253906,63.61515426635742,42.25111770629883,68.32506561279297
2020-07-16,34.19271469116211,68.11103820800781,33.45812225341797,16.509082794189453,186.64344787597656,43.76031494140625,85.81010437011719,20.70521354675293,38.56395721435547,110.95346069335938,166.26609802246094,80.18452453613281,193.82461547851562,75.08024597167969,238.8326873779297,149.9949951171875,57.65319061279297,64.12134552001953,42.82487869262695,68.65587615966797
2020-07-17,33.60585021972656,67.20915222167969,32.47478485107422,16.33364486694336,183.80905151367188,43.569114685058594,84.22278594970703,20.090896606445312,39.12382507324219,111.59988403320312,166.7537841796875,80.97126770019531,192.8361358642578,75.1759033203125,239.923095703125,148.09849548339844,59.15693283081055,65.17328643798828,43.49428176879883,70.60848236083984
2020-07-20,32.81821060180664,65.72916412353516,31.962791442871094,16.175743103027344,184.06988525390625,43.111900329589844,83.4848861694336,20.402381896972656,38.538883209228516,110.31533813476562,166.86697387695312,81.27522277832031,201.12440490722656,77.50475311279297,243.28359985351562,159.8419952392578,58.931373596191406,64.14508056640625,43.2392578125,69.97107696533203
2020-07-21,34.47843933105469,70.44667053222656,33.85634994506836,17.158222198486328,184.33941650390625,43.5441780090332,85.29529571533203,21.12918472290039,39.44136428833008,111.40924835205078,168.06007385253906,81.39144134521484,198.41555786132812,77.11222076416016,239.64549255371094,156.9145050048828,59.36100769042969,65.11791229248047,43.72536849975586,70.64881896972656
2020-07-22,33.675350189208984,70.17688751220703,33.2305793762207,16.816110610961914,179.10536193847656,42.3969612121582,84.67752838134766,21.034006118774414,40.51095199584961,112.71868133544922,172.97178649902344,83.69800567626953,201.2669677734375,77.5548095703125,237.78189086914062,154.99549865722656,60.23963165283203,66.55743408203125,44.450531005859375,72.03663635253906
2020-07-23,33.74485397338867,70.15377044677734,32.88112258911133,16.93014907836914,176.51443481445312,42.031185150146484,84.92635345458984,21.233013153076172,40.34382629394531,113.60546875,172.03994750976562,83.02748107910156,192.51296997070312,75.17093658447266,230.5751953125,149.32749938964844,60.357791900634766,66.43089294433594,44.27521514892578,71.57672119140625
2020-07-24,33.53636169433594,69.47541046142578,32.734840393066406,17.088045120239258,175.16680908203125,41.71529769897461,84.32573699951172,21.06861686706543,40.51931381225586,112.76013946533203,173.058837890625,83.26888275146484,191.3343505859375,74.74768829345703,228.70164489746094,150.44549560546875,60.203094482421875,65.48176574707031,43.70942306518555,71.04418182373047
2020-07-27,34.03056335449219,70.17688751220703,32.32036590576172,17.26348876953125,176.51443481445312,42.66299057006836,83.14167022705078,20.886919021606445,40.51095199584961,114.09440612792969,175.2621307373047,83.47450256347656,193.7581329345703,75.79936218261719,231.46737670898438,152.760498046875,59.64027404785156,64.29535675048828,43.2392578125,67.1793212890625
2020-07-28,33.6290168762207,68.68916320800781,31.66210174560547,16.798566818237305,175.29721069335938,41.781795501708984,83.50203704833984,21.077268600463867,40.260276794433594,113.8541030883789,170.89915466308594,82.92019653320312,192.01870727539062,74.52169799804688,228.1167755126953,150.01649475097656,60.157981872558594,66.91334533691406,44.052085876464844,68.37348937988281
2020-07-29,33.99966812133789,69.42916870117188,32.45853042602539,17.044185638427734,176.13186645507812,42.05613327026367,85.5269546508789,21.86463737487793,40.1265754699707,114.30988311767578,170.8730010986328,84.77977752685547,193.95770263671875,75.50597381591797,231.25917053222656,151.67649841308594,60.45875549316406,67.20600128173828,44.139747619628906,68.4218978881836
2020-07-30,32.33174133300781,66.5,30.589365005493164,16.175743103027344,173.48008728027344,40.976261138916016,83.24462890625,21.492582321166992,39.85080337524414,114.11097717285156,170.17630004882812,81.92784881591797,193.80563354492188,76.24244689941406,232.45864868164062,152.593994140625,60.65208053588867,66.8896255493164,44.02021789550781,69.44660186767578
2020-07-31,32.493896484375,64.70394134521484,30.38619041442871,15.91258430480957,172.11508178710938,40.91766357421875,82.91859436035156,21.527196884155273,39.47479248046875,114.08612823486328,169.1921844482422,81.400390625,194.8606719970703,73.74359893798828,251.46173095703125,158.23399353027344,60.299774169921875,67.02409362792969,43.5181770324707,70.10015106201172
2020-08-03,32.62517166137695,65.37455749511719,29.833568572998047,16.421361923217773,173.35833740234375,41.40318298339844,82.45525360107422,21.622373580932617,38.689300537109375,113.29051208496094,169.2966766357422,81.28414916992188,205.81985473632812,73.48638916015625,249.76666259765625,155.59449768066406,59.631683349609375,66.28851318359375,43.040035247802734,69.20454406738281
2020-08-04,33.5672492980957,66.66960144042969,30.589365005493164,16.86874008178711,175.31455993652344,41.235755920410156,81.98335266113281,21.63967514038086,39.01519012451172,113.92867279052734,173.6162109375,82.08877563476562,202.73077392578125,73.0175552368164,247.65521240234375,156.94149780273438,61.23422622680664,66.98452758789062,43.3827018737793,69.01897430419922
2020-08-05,33.860679626464844,67.21686553955078,30.898189544677734,17.1055908203125,177.81857299804688,41.662689208984375,83.40764617919922,21.968473434448242,39.458072662353516,112.91759490966797,173.5291290283203,81.35567474365234,202.39810180664062,73.30448913574219,246.9513702392578,160.25149536132812,60.96143341064453,66.05122375488281,42.55393600463867,68.44611358642578
2020-08-06,33.69852066040039,67.42501068115234,30.92255973815918,16.947694778442383,177.58383178710938,41.394813537597656,83.43340301513672,22.037689208984375,39.675331115722656,112.5943832397461,176.94293212890625,81.34674072265625,205.63931274414062,74.58612823486328,262.970703125,161.25,60.7530403137207,66.60487365722656,42.94440460205078,68.88179779052734
2020-08-07,33.54407501220703,66.9085464477539,31.125734329223633,17.219627380371094,181.07901000976562,42.1482048034668,85.26956176757812,22.591442108154297,39.94272994995117,113.32369995117188,178.17959594726562,81.19475555419922,201.96084594726562,74.26002502441406,266.1031494140625,158.3730010986328,61.82069396972656,68.50314331054688,43.581932067871094,70.45191955566406
2020-08-10,34.37031936645508,69.16708374023438,32.2147216796875,17.737180709838867,182.0440673828125,42.34074020385742,86.35064697265625,22.980804443359375,39.875885009765625,112.69380187988281,177.7615509033203,81.65965270996094,197.9403076171875,74.1832046508789,260.7105407714844,157.4080047607422,60.93134689331055,67.03990936279297,43.884742736816406,69.91497802734375
2020-08-11,34.72552490234375,69.08230590820312,32.2716064453125,17.80735206604004,183.50473022460938,43.34526443481445,89.07913208007812,23.292282104492188,40.051368713378906,111.9811019897461,178.5279083251953,82.8755111694336,193.31138610839844,73.3763427734375,253.90036010742188,154.0334930419922,59.67465591430664,66.17778778076172,43.18347930908203,67.75914001464844
2020-08-12,34.7176628112793,69.93023681640625,33.85634994506836,17.859987258911133,184.43504333496094,43.847537994384766,88.3240737915039,23.127891540527344,40.469173431396484,114.20215606689453,179.4162139892578,83.28677368164062,198.83375549316406,74.69963073730469,257.6276550292969,158.11199951171875,61.13542938232422,66.69190216064453,43.71739959716797,68.45874786376953
2020-08-13,33.867244720458984,69.23646545410156,33.019283294677734,17.430152893066406,181.18331909179688,43.68010711669922,87.83501434326172,22.799097061157227,40.42739486694336,114.45081329345703,179.8255157470703,82.93809509277344,198.3679962158203,75.16598510742188,259.02532958984375,158.05099487304688,61.094608306884766,66.19983673095703,43.83692169189453,68.06012725830078
2020-08-14,34.0168571472168,69.6449966430664,33.1736946105957,17.6055965423584,180.81817626953125,43.78055953979492,87.86933898925781,22.902921676635742,40.48588943481445,114.00323486328125,180.29571533203125,82.830810546875,198.55810546875,74.57027435302734,258.9658508300781,157.4010009765625,60.25680923461914,65.727783203125,43.18385314941406,67.48251342773438
2020-08-17,33.57588577270508,69.96876525878906,33.076175689697266,17.552963256835938,176.5579071044922,42.92670822143555,85.55269622802734,22.40974235534668,40.28533935546875,114.3016128540039,181.7239990234375,83.68013763427734,199.86978149414062,75.14566040039062,258.8865966796875,159.12049865722656,60.791709899902344,66.08782958984375,43.208038330078125,66.08324432373047
2020-08-18,33.41053771972656,68.52216339111328,32.775474548339844,17.342439651489258,175.0276336669922,42.62535858154297,84.36006927490234,22.089599609375,40.460819244384766,114.45905303955078,183.16094970703125,84.84233093261719,201.01986694335938,77.10528564453125,260.0562744140625,165.62449645996094,60.80458068847656,65.3357162475586,42.77265548706055,66.34355926513672
2020-08-19,33.040443420410156,67.55252838134766,32.22284698486328,17.298572540283203,176.51443481445312,43.002052307128906,84.55741882324219,22.063644409179688,39.583412170410156,113.0833511352539,182.45553588867188,83.97516632080078,199.80029296875,76.55168914794922,260.3040771484375,163.0240020751953,60.65208053588867,65.3357162475586,42.88553237915039,65.8310317993164
2020-08-20,32.53648376464844,66.3170394897461,31.507692337036133,16.46522331237793,175.49716186523438,42.52490997314453,83.54496002197266,21.71755027770996,39.56670379638672,113.30709838867188,182.77772521972656,85.26252746582031,204.449951171875,78.11979675292969,266.668212890625,164.86849975585938,60.602657318115234,64.8396987915039,42.12763595581055,64.60260772705078
2020-08-21,32.292388916015625,66.52819061279297,31.011959075927734,16.29855728149414,176.00144958496094,42.776031494140625,83.50203704833984,21.613719940185547,39.50821304321289,113.09163665771484,184.2494659423828,85.91517639160156,202.963623046875,78.08609008789062,264.6856994628906,164.23599243164062,60.6671028137207,64.80766296386719,42.22439193725586,64.33414459228516
2020-08-24,33.24517822265625,68.1859130859375,31.58894920349121,17.14944839477539,180.27041625976562,43.83915710449219,85.85299682617188,22.22804069519043,40.08478927612305,114.06956481933594,185.1638946533203,86.32642364501953,203.6019744873047,78.56088256835938,269.02752685546875,165.3730010986328,60.714385986328125,65.18373107910156,42.61946105957031,65.7171630859375
2020-08-25,32.19002914428711,67.3492431640625,31.572702407836914,16.89505958557129,179.10536193847656,43.5712890625,86.23052978515625,22.496265411376953,40.03465270996094,113.78779602050781,185.19003295898438,86.67680358886719,206.25067138671875,79.58678436279297,278.3753967285156,167.32449340820312,60.430824279785156,64.68767547607422,42.25663757324219,64.89547729492188
2020-08-26,31.50495719909668,66.2936019897461,30.524349212646484,16.37750816345215,180.1660919189453,43.28666687011719,85.0207290649414,22.115554809570312,40.243553161621094,114.75743865966797,186.15670776367188,85.64364624023438,210.70973205566406,81.48396301269531,301.2643737792969,172.09249877929688,59.934574127197266,63.64754104614258,41.70030975341797,63.9517822265625
2020-08-27,31.292354583740234,66.3952407836914,31.003833770751953,16.40382194519043,182.7135009765625,44.040061950683594,87.81785583496094,22.539522171020508,40.302059173583984,114.69940948486328,184.7894287109375,85.76941680908203,215.88339233398438,80.7103271484375,290.66754150390625,170.0,60.21092987060547,63.64754104614258,42.087337493896484,63.75654602050781
2020-08-28,32.040409088134766,66.958251953125,31.19074821472168,17.03541374206543,180.5921173095703,44.274452209472656,88.17822265625,22.75583839416504,41.6390495300293,115.9756851196289,187.15821838378906,87.54823303222656,218.10342407226562,81.25102996826172,291.1036376953125,170.08999633789062,60.35558319091797,63.775543212890625,42.26469802856445,63.74027633666992
2020-08-31,31.4498348236084,65.62894439697266,30.792531967163086,16.675752639770508,179.2013397216797,43.7470703125,85.96455383300781,22.27130699157715,41.388362884521484,116.07513427734375,187.0355682373047,86.11083221435547,214.8829803466797,80.76038360595703,290.6476135253906,172.54800415039062,60.27354431152344,64.27962493896484,42.07119369506836,64.13074493408203
2020-09-01,31.048248291015625,64.96430969238281,30.19927215576172,16.450584411621094,179.7173614501953,44.01495361328125,85.921630859375,22.245346069335938,41.04575729370117,115.35411071777344,186.30850219726562,86.38032531738281,216.5408477783203,82.02664184570312,292.8681945800781,174.95599365234375,59.83310317993164,63.375511169433594,41.77287673950195,63.3090934753418
2020-09-02,30.859268188476562,65.0503158569336,29.565378189086914,16.574207305908203,183.72354125976562,44.5758171081543,87.21724700927734,22.51357078552246,42.77549743652344,118.75199127197266,189.409423828125,88.02439880371094,220.71409606933594,85.1147689819336,299.8666687011719,176.57249450683594,62.236122131347656,65.18373107910156,42.90166091918945,65.33480834960938
2020-09-03,30.796274185180664,64.3387222290039,29.24843978881836,16.883262634277344,181.5543212890625,44.15726089477539,86.94268798828125,22.356740951538086,42.18220520019531,116.3338394165039,187.28085327148438,86.54205322265625,207.04153442382812,80.75939178466797,288.58575439453125,168.39999389648438,60.58013153076172,64.919677734375,42.409820556640625,64.72465515136719
2020-09-04,30.77265167236328,64.0650634765625,29.142780303955078,17.051034927368164,184.5107879638672,44.12377166748047,88.82173156738281,23.12346076965332,42.650150299072266,115.82465362548828,185.4675750732422,85.54481506347656,204.135498046875,78.36561584472656,280.26885986328125,164.7310028076172,59.87413024902344,64.78366088867188,42.159881591796875,64.30973815917969
2020-09-08,30.06397247314453,61.75047302246094,27.67995834350586,16.22983169555664,177.11077880859375,41.99752426147461,85.73287963867188,22.19991683959961,41.6223258972168,113.14525604248047,187.0881805419922,84.16131591796875,193.09266662597656,75.51042938232422,268.799560546875,157.49200439453125,60.001495361328125,64.59164428710938,42.61138916015625,64.25281524658203
2020-09-09,29.882862091064453,62.579345703125,28.00503158569336,16.432926177978516,176.8833465576172,42.7425422668457,86.54800415039062,22.22605323791504,41.93986511230469,114.44739532470703,188.9539337158203,83.90078735351562,201.31524658203125,76.68156433105469,271.3371887207031,163.4304962158203,60.964439392089844,66.07982635498047,42.61138916015625,65.00938415527344
2020-09-10,29.134809494018555,61.10927963256836,26.75349998474121,15.638215065002441,174.95022583007812,42.09797668457031,85.65565490722656,21.903684616088867,41.78110122680664,112.48580932617188,190.29415893554688,82.96644592285156,195.67474365234375,75.6318588256836,265.7562561035156,158.7554931640625,59.78561019897461,65.60777282714844,41.57130813598633,63.878578186035156
2020-09-11,29.05605697631836,60.749595642089844,26.907913208007812,15.779498100280762,175.74620056152344,42.1482048034668,86.71961212158203,22.21734046936035,42.66686248779297,113.36227416992188,190.9599151611328,82.89456176757812,194.39801025390625,75.12188720703125,264.28912353515625,155.81100463867188,60.053321838378906,66.4318618774414,41.73255920410156,64.3910903930664
2020-09-14,28.86707305908203,60.43681335449219,27.24110984802246,15.920777320861816,176.1135711669922,42.81789779663086,87.92080688476562,22.435157775878906,42.7174072265625,114.08011627197266,193.2023468017578,83.43360900878906,195.71286010742188,74.7784194946289,263.8331604003906,155.14849853515625,60.867271423339844,67.51200103759766,42.61946105957031,65.35918426513672
2020-09-15,28.559982299804688,59.701786041259766,27.46865463256836,16.070894241333008,173.19207763671875,42.18169403076172,85.1837387084961,22.02566146850586,43.003807067871094,113.20366668701172,194.78782653808594,84.01757049560547,198.92376708984375,76.08135986328125,270.048583984375,157.80650329589844,63.84243392944336,67.56798553466797,42.74040603637695,65.08260345458984
2020-09-16,29.77262306213379,61.42989730834961,28.50890350341797,16.936248779296875,175.53631591796875,42.81789779663086,85.54412078857422,22.30446434020996,42.7848014831543,112.66944885253906,196.92518615722656,85.17648315429688,195.3698272705078,74.93998718261719,261.2259826660156,153.90499877929688,60.528316497802734,67.8800277709961,42.966156005859375,65.45681762695312
2020-09-17,29.76474380493164,61.60972213745117,29.329702377319336,16.847942352294922,170.41925048828125,42.06449890136719,84.56598663330078,22.08664894104004,42.58262252807617,111.1836929321289,194.97178649902344,84.18824768066406,193.33082580566406,73.698486328125,252.60177612304688,150.43649291992188,60.349117279052734,67.68799591064453,43.15159606933594,65.1151351928711
2020-09-18,29.28441047668457,61.15620803833008,29.15091896057129,16.53888511657715,170.44549560546875,41.92218780517578,84.38578796386719,21.964670181274414,42.49837875366211,109.73961639404297,192.94837951660156,82.75083923339844,190.92979431152344,71.91680145263672,250.3317108154297,147.74549865722656,59.78776550292969,66.36785125732422,42.57914352416992,64.09008026123047
2020-09-21,28.685964584350586,59.662681579589844,27.923763275146484,15.249687194824219,169.6932373046875,40.48237228393555,81.77741241455078,21.319931030273438,41.352725982666016,109.54765319824219,189.56710815429688,80.26229095458984,192.97830200195312,70.87850952148438,245.98983764648438,148.02349853515625,59.63231658935547,66.0638198852539,42.75652313232422,64.56195068359375
2020-09-22,27.977283477783203,59.06058120727539,27.874996185302734,15.302667617797852,167.61148071289062,39.87128448486328,80.88508605957031,20.858165740966797,41.83290100097656,110.30723571777344,189.56710815429688,81.38526153564453,197.62789916992188,72.3494644165039,252.5323944091797,156.44949340820312,60.03389358520508,66.15983581542969,42.829097747802734,64.96057891845703
2020-09-23,27.079618453979492,56.26119613647461,26.75349998474121,14.666895866394043,162.8005828857422,38.8583869934082,79.57232666015625,20.26569366455078,40.61143493652344,109.3473129272461,188.3057403564453,80.64859771728516,191.12037658691406,69.8501205444336,246.85227966308594,149.9929962158203,59.008358001708984,65.03170013427734,42.353397369384766,64.41551208496094
2020-09-24,27.02450180053711,56.143917083740234,27.306127548217773,14.6757230758667,170.66416931152344,39.01744079589844,79.50370025634766,20.33540153503418,41.024208068847656,109.8314437866211,189.31304931640625,82.08601379394531,193.59765625,70.51769256591797,247.3578338623047,150.989501953125,59.92162322998047,65.34373474121094,42.77265548706055,65.48121643066406
2020-09-25,27.276477813720703,56.16737365722656,27.38739585876465,14.057612419128418,170.52420043945312,39.37738800048828,80.19869232177734,20.466089248657227,41.041053771972656,111.475830078125,191.11758422851562,82.09498596191406,198.00904846191406,71.32059478759766,252.60177612304688,154.75650024414062,60.845706939697266,65.98381042480469,43.385414123535156,65.61141204833984
2020-09-28,27.804054260253906,57.80946350097656,27.39552116394043,14.525614738464355,174.12803649902344,40.499107360839844,82.50674438476562,20.988847732543945,41.51279830932617,115.16526794433594,192.9395751953125,82.54419708251953,199.55258178710938,72.2919692993164,254.58436584472656,158.70249938964844,61.34659194946289,66.30382537841797,43.30479049682617,65.61141204833984
2020-09-29,26.993000030517578,56.22210693359375,26.37966537475586,13.77504825592041,172.13369750976562,39.54480743408203,81.81175231933594,20.710046768188477,41.209537506103516,114.48912811279297,191.55552673339844,81.49308776855469,197.47549438476562,72.65673828125,259.5110778808594,157.24400329589844,61.126373291015625,65.935791015625,43.296722412109375,65.87174987792969
2020-09-30,27.032373428344727,56.3003044128418,26.688486099243164,13.739728927612305,175.78993225097656,40.47399139404297,82.60112762451172,20.988847732543945,41.58859634399414,115.69112396240234,192.2650604248047,82.02312469482422,200.40057373046875,72.63591766357422,259.6200866699219,157.43649291992188,59.92594909667969,70.85639190673828,43.71598434448242,66.4900131225586
2020-10-01,26.087459564208984,55.06482696533203,26.355287551879883,13.254067420959473,173.67318725585938,39.561553955078125,83.20172882080078,20.9975643157959,41.428558349609375,117.52750396728516,192.35267639160156,82.49029541015625,202.43002319335938,73.74112701416016,264.3089904785156,161.06300354003906,61.048641204833984,72.04853820800781,44.038490295410156,67.57201385498047
2020-10-02,25.96934700012207,55.66693115234375,26.875408172607422,13.748558044433594,174.85400390625,40.155906677246094,83.9910888671875,21.093399047851562,41.58018493652344,115.24038696289062,195.0506134033203,85.4999008178711,196.4559783935547,72.14030456542969,257.67718505859375,156.25,60.70536804199219,73.27267456054688,45.36077880859375,69.39430236816406
2020-10-05,26.567794799804688,56.847660064697266,27.858747482299805,14.19006633758545,176.51597595214844,40.68326950073242,85.766357421875,21.45062255859375,41.59703826904297,115.1318588256836,198.02891540527344,84.52961730957031,200.44822692871094,73.4898452758789,262.3461608886719,159.9600067138672,62.1605339050293,73.40068054199219,46.094486236572266,70.81800842285156
2020-10-06,26.29218864440918,56.53489303588867,27.06231689453125,13.836858749389648,175.8949432373047,39.9633674621582,84.88306427001953,21.232803344726562,41.226383209228516,113.27046203613281,196.2945098876953,82.58011627197266,196.18923950195312,71.91331481933594,256.40838623046875,154.9980010986328,62.672237396240234,72.62460327148438,46.626625061035156,71.94068908691406
2020-10-07,26.37881088256836,57.692169189453125,27.89937973022461,14.084102630615234,178.09046936035156,40.77535629272461,86.36389923095703,21.677152633666992,41.74866485595703,114.36390686035156,198.38804626464844,84.34098815917969,199.92416381835938,72.3157730102539,255.87303161621094,159.7845001220703,64.14900207519531,73.04863739013672,46.602439880371094,72.08711242675781
2020-10-08,27.764678955078125,58.81816864013672,28.87460708618164,14.507952690124512,181.92169189453125,41.018123626708984,88.13914489746094,21.990806579589844,42.50680923461914,115.06510925292969,197.7924041748047,85.71553039550781,200.63877868652344,73.51959228515625,261.4639892578125,159.52749633789062,64.99533081054688,74.52881622314453,47.33613586425781,72.71354675292969
2020-10-09,27.355215072631836,57.86419677734375,28.549531936645508,14.331347465515137,181.5368194580078,40.87581253051758,87.63685607910156,22.095361709594727,42.801639556884766,115.55757141113281,196.94273376464844,85.78738403320312,205.62185668945312,74.85871887207031,262.14794921875,164.33250427246094,65.39909362792969,74.64884185791016,47.36033248901367,73.07148742675781
2020-10-12,27.268604278564453,58.26299285888672,28.923362731933594,14.234219551086426,187.29237365722656,42.47467803955078,88.710693359375,22.374168395996094,43.03750991821289,118.6376724243164,198.06394958496094,86.22760772705078,210.94798278808594,77.54191589355469,273.34954833984375,172.14649963378906,65.99497985839844,74.49681091308594,47.457088470458984,73.60841369628906
2020-10-13,26.945758819580078,57.39502716064453,28.34634780883789,13.889839172363281,184.3970947265625,42.223533630371094,87.27315521240234,21.738142013549805,42.30463409423828,119.81456756591797,199.15016174316406,86.25456237792969,212.33908081054688,77.66482543945312,273.7362365722656,172.18150329589844,65.08817291259766,74.34478759765625,47.03782653808594,72.59149932861328
2020-10-14,26.89063835144043,57.043155670166016,28.06191635131836,14.084102630615234,184.76446533203125,42.39934158325195,86.78821563720703,20.579357147216797,42.220394134521484,118.96318054199219,199.38662719726562,86.71272277832031,210.43344116210938,77.48493194580078,269.45379638671875,168.1855010986328,64.90897369384766,74.144775390625,46.76368713378906,72.68099212646484
2020-10-15,27.12686538696289,57.48105239868164,28.768957138061523,14.49912166595459,182.4639892578125,42.96858215332031,88.0871810913086,21.04112434387207,42.11089324951172,118.05337524414062,201.15611267089844,89.3809585571289,209.2900848388672,77.08992767333984,264.3981628417969,166.9324951171875,64.43830871582031,73.57672119140625,46.779823303222656,72.84369659423828
2020-10-16,26.851261138916016,56.99623489379883,27.781742095947266,13.218748092651367,180.37342834472656,43.40386199951172,87.90531921386719,21.119537353515625,42.14457702636719,118.30378723144531,200.91954040527344,88.51851654052734,209.2900848388672,77.69606018066406,263.614990234375,163.635498046875,65.97987365722656,73.90477752685547,47.045875549316406,74.45449829101562
2020-10-19,26.315813064575195,55.7373046875,26.901473999023438,13.254067420959473,179.91859436035156,42.65047073364258,86.42449188232422,20.666479110717773,41.7992057800293,116.59260559082031,197.96755981445312,87.36858367919922,204.10693359375,75.82513427734375,259.12451171875,160.36050415039062,64.67364501953125,73.66471862792969,46.795936584472656,74.25923919677734
2020-10-20,26.536291122436523,56.05008316040039,26.802757263183594,13.677913665771484,181.9654083251953,43.08576202392578,86.9181137084961,21.03241539001465,42.32991027832031,116.61766815185547,199.2377471923828,87.39551544189453,204.5166473388672,76.87234497070312,265.2309265136719,160.85049438476562,64.9845199584961,73.65670013427734,47.2474479675293,73.77112579345703
2020-10-21,26.111085891723633,55.41669845581055,25.206771850585938,13.254067420959473,177.4868927001953,42.17332077026367,86.0521240234375,20.953994750976562,42.11089324951172,116.52582550048828,199.88595581054688,89.0036392211914,204.65953063964844,78.60250854492188,276.30364990234375,159.2469940185547,64.26990509033203,74.0167465209961,47.46513748168945,73.5433349609375
2020-10-22,27.44970703125,57.39502716064453,26.25156593322754,13.510141372680664,179.6649169921875,43.33689880371094,89.09172058105469,21.668441772460938,42.692134857177734,116.5341796875,200.72683715820312,89.70437622070312,204.74530029296875,79.6269302368164,275.6989440917969,158.82000732421875,65.2608871459961,75.12090301513672,48.82775115966797,75.00770568847656
2020-10-23,26.898513793945312,56.74599838256836,26.769851684570312,13.598442077636719,179.35000610351562,43.42060470581055,89.8970718383789,21.694576263427734,42.55735778808594,116.49244689941406,200.3414764404297,90.98908996582031,206.0220184326172,80.93135833740234,282.3108825683594,160.22000122070312,65.43364715576172,74.23279571533203,49.06155776977539,74.74736785888672
2020-10-26,26.260692596435547,55.471435546875,24.943510055541992,13.395350456237793,175.9386749267578,42.12309646606445,87.67151641845703,21.380922317504883,41.95083999633789,115.24038696289062,196.45217895507812,89.12042999267578,200.16236877441406,78.51825714111328,274.6977233886719,160.3520050048828,65.34294128417969,74.55281066894531,48.86806106567383,76.13851928710938
2020-10-27,25.84335708618164,54.35326385498047,24.89415168762207,13.324710845947266,171.1627655029297,40.67490005493164,86.01748657226562,20.779747009277344,42.03507614135742,116.12518310546875,195.31336975097656,88.03336334228516,203.1826934814453,79.2413330078125,280.8239440917969,164.31649780273438,65.44440460205078,74.45682525634766,48.54553985595703,75.27616882324219
2020-10-28,24.85907745361328,52.29671859741211,23.684818267822266,12.521163940429688,165.9932403564453,39.821048736572266,83.6014175415039,20.448665618896484,40.40084457397461,111.99334716796875,188.06045532226562,85.40108489990234,193.1117401123047,74.87605285644531,265.33990478515625,158.13900756835938,64.304443359375,72.79261779785156,47.0539436340332,73.4782485961914
2020-10-29,25.961471557617188,53.79806900024414,23.989208221435547,12.759580612182617,166.1419677734375,40.58002853393555,84.14698028564453,20.509653091430664,40.45138168334961,111.84310150146484,188.28819274902344,85.29328918457031,195.05543518066406,77.15982055664062,278.38531494140625,160.55050659179688,63.915828704833984,73.80073547363281,46.933013916015625,73.6572265625
2020-10-30,25.685876846313477,54.34543991088867,23.54496955871582,13.192256927490234,165.354736328125,40.60533905029297,84.90039825439453,20.64905548095703,40.48508834838867,111.2587890625,186.58006286621094,83.84687042236328,192.91159057617188,80.09526062011719,260.819580078125,151.8074951171875,63.22493362426758,73.69673156738281,46.32024002075195,73.1609878540039
2020-11-02,26.7646484375,56.41758346557617,24.869468688964844,13.7573881149292,166.369384765625,41.64261245727539,86.8141860961914,20.98013687133789,40.95681381225586,112.81135559082031,186.1946563720703,85.57177734375,192.77825927734375,80.5021743774414,259.0848388671875,150.2239990234375,64.88307189941406,75.06488800048828,47.57802200317383,74.21857452392578
2020-11-03,26.307939529418945,56.09699249267578,24.11260986328125,13.916330337524414,173.13084411621094,43.160560607910156,89.55068969726562,21.511611938476562,41.5717658996582,114.38899230957031,189.90875244140625,86.93730926513672,196.68467712402344,81.55978393554688,262.9905090332031,152.42050170898438,65.65167236328125,76.42504119873047,48.26335144042969,73.94197845458984
2020-11-04,26.16620635986328,56.12044143676758,24.992868423461914,14.101762771606445,173.07835388183594,43.37138748168945,86.8141860961914,20.631629943847656,41.42013931274414,115.07345581054688,188.21810913085938,88.56342315673828,206.17446899414062,86.52526092529297,284.8783874511719,162.05799865722656,63.319923400878906,74.84886169433594,48.18272399902344,73.33995056152344
2020-11-05,26.118955612182617,56.409767150878906,24.77897834777832,13.704405784606934,177.53067016601562,44.0207405090332,90.36471557617188,21.441909790039062,41.64756774902344,115.23204803466797,189.47952270507812,90.46800994873047,212.7487030029297,87.35043334960938,292.11474609375,166.10000610351562,64.55490112304688,75.38493347167969,48.5132942199707,73.7955322265625
2020-11-06,25.811857223510742,55.635643005371094,24.01388931274414,13.439502716064453,176.04364013671875,43.599090576171875,89.16099548339844,21.18052864074707,41.6559944152832,115.50748443603516,189.698486328125,89.28215789794922,213.15841674804688,87.2131576538086,290.85589599609375,165.56849670410156,65.39259338378906,74.76084899902344,48.343971252441406,73.96638488769531
2020-11-09,29.07968521118164,62.08670425415039,27.460899353027344,16.11504364013672,188.00088500976562,47.2421760559082,101.23272705078125,24.1864070892334,44.28424835205078,115.5658950805664,186.77279663085938,91.61795806884766,208.08004760742188,87.29692840576172,276.3432312011719,157.18699645996094,65.21124267578125,76.32904052734375,50.24677276611328,74.03199768066406
2020-11-10,29.72482681274414,64.95648193359375,29.229656219482422,16.16802215576172,190.22264099121094,47.014495849609375,100.90364074707031,24.099279403686523,45.47200393676758,118.29541778564453,186.86038208007812,92.52532958984375,201.0484619140625,86.1223373413086,270.0584716796875,151.75100708007812,65.62577056884766,77.7212142944336,51.738380432128906,74.4666976928711
2020-11-11,29.418378829956055,64.47948455810547,29.023977279663086,15.638215065002441,190.7299346923828,47.51203918457031,99.39684295654297,23.82047462463379,45.13505935668945,120.11506652832031,190.9773712158203,91.47420501708984,206.326904296875,86.59367370605469,274.0732116699219,156.8695068359375,66.96436309814453,77.85722351074219,51.53680419921875,74.76197814941406
2020-11-12,28.410354614257812,63.07978439331055,27.979185104370117,15.27617073059082,187.6334686279297,46.8458137512207,98.17581176757812,23.254146575927734,44.6548957824707,120.06501007080078,186.64137268066406,90.21646881103516,205.26934814453125,86.37509155273438,272.6853332519531,155.51400756835938,66.21302795410156,76.16425323486328,51.21430206298828,73.52344512939453
2020-11-13,29.095813751220703,64.92517852783203,29.08979034423828,15.894287109375,191.6309051513672,47.73973083496094,98.79065704345703,23.52423667907715,45.02553939819336,120.79120635986328,186.82533264160156,92.41751861572266,206.28880310058594,87.83415222167969,274.53912353515625,156.4405059814453,66.662109375,76.75413513183594,52.04507827758789,73.71211242675781
2020-11-16,30.77318000793457,69.56212615966797,31.327482223510742,17.69563865661621,194.5174560546875,49.00469970703125,101.5791015625,24.02957534790039,45.36249542236328,121.66766357421875,189.84742736816406,94.1155014038086,206.97483825683594,87.921875,276.5316467285156,156.55299377441406,67.14572143554688,76.77841186523438,52.22425842285156,73.1707763671875
2020-11-17,31.184457778930664,69.06226348876953,31.96092414855957,17.739788055419922,196.5030059814453,49.59500503540039,100.54859924316406,24.003440856933594,45.219303131103516,121.23361206054688,189.2167205810547,93.46864318847656,204.33563232421875,87.3088150024414,272.6061096191406,156.7830047607422,66.16120910644531,75.08944702148438,50.79077911376953,71.13665008544922
2020-11-18,30.007068634033203,66.87232208251953,32.232418060302734,17.633827209472656,196.1968994140625,49.59500503540039,99.80384063720703,23.506816864013672,44.31793975830078,119.68109130859375,188.78753662109375,93.5854263305664,201.64170837402344,86.26705169677734,269.6024475097656,155.2729949951172,65.45305633544922,73.96620178222656,50.31837844848633,69.00411987304688
2020-11-19,30.160289764404297,68.02283477783203,32.47099685668945,18.06650161743164,196.4330596923828,49.44321060180664,100.0722885131836,23.506816864013672,44.755985260009766,119.6309585571289,188.42835998535156,94.57366180419922,202.92176818847656,87.15567016601562,270.56402587890625,155.8509979248047,64.88307189941406,74.10355377197266,49.740108489990234,67.62615203857422
2020-11-20,29.789337158203125,68.0704574584961,32.619075775146484,17.845752716064453,195.3659210205078,48.751708984375,99.21497344970703,23.358699798583984,44.36848068237305,119.71444702148438,187.53489685058594,94.32211303710938,200.98251342773438,86.0559310913086,267.3522033691406,154.97000122070312,65.24578857421875,74.8146743774414,49.58534622192383,67.65896606445312
2020-11-23,31.740875244140625,72.22815704345703,35.13644790649414,19.081974029541016,200.15931701660156,50.82623291015625,102.07270050048828,23.86403465270996,44.37690734863281,119.38054656982422,190.08395385742188,94.33109283447266,200.71505737304688,85.61878967285156,266.0933532714844,154.91949462890625,64.39944458007812,75.42078399658203,49.2351188659668,68.41356658935547
2020-11-24,33.853721618652344,75.8701171875,36.53500747680664,19.629446029663086,207.74301147460938,53.634456634521484,106.79228973388672,25.249353408813477,44.831790924072266,120.22362518310547,192.45782470703125,96.73155212402344,204.29737854003906,87.4198226928711,274.5094299316406,155.9029998779297,64.75353240966797,77.78852081298828,49.83784103393555,69.570068359375
2020-11-25,32.91020584106445,73.10890197753906,35.89331817626953,19.514657974243164,206.90335083007812,53.533260345458984,105.67516326904297,25.29291343688965,44.587501525878906,120.33214569091797,192.13365173339844,96.20816802978516,204.30694580078125,87.43122100830078,273.1909484863281,159.2534942626953,65.91619873046875,77.69963836669922,49.5934944152832,70.02116394042969
2020-11-27,32.41021728515625,72.4503173828125,35.194053649902344,19.320384979248047,205.90615844726562,53.836856842041016,104.9737319946289,25.25806427001953,44.39374542236328,120.69937133789062,191.2489776611328,96.7225112915039,205.60610961914062,88.56566619873047,275.3916320800781,159.76699829101562,65.18736267089844,76.44705200195312,49.398014068603516,69.65206146240234
2020-11-30,30.748979568481445,69.17334747314453,32.54502868652344,18.357900619506836,201.69003295898438,52.141815185546875,102.08137512207031,24.534910202026367,43.80794906616211,120.39054870605469,191.60140991210938,95.4771728515625,204.4979705810547,86.9489974975586,274.5589904785156,158.40199279785156,63.851165771484375,74.87933349609375,48.746437072753906,69.6274642944336
2020-12-01,31.0473575592041,69.38758087158203,32.306461334228516,18.717681884765625,204.10861206054688,53.364601135253906,103.69208526611328,24.996686935424805,44.18150329589844,121.92642211914062,190.45590209960938,95.9644775390625,206.5423126220703,88.97899627685547,284.0555725097656,161.00399780273438,64.3370590209961,75.36420440673828,49.33285903930664,69.88993072509766
2020-12-02,32.20861053466797,71.30774688720703,32.88233184814453,19.224048614501953,209.00729370117188,53.988651275634766,105.68383026123047,25.319055557250977,44.240936279296875,120.71609497070312,185.8032989501953,94.73719024658203,205.7398681640625,90.44649505615234,285.01708984375,160.17649841308594,64.47587585449219,75.85714721679688,50.399818420410156,70.4312744140625
2020-12-03,32.42634963989258,71.25222778320312,33.89422607421875,19.606040954589844,207.0900115966797,54.02238082885742,104.99104309082031,25.345352172851562,44.809757232666016,121.43315887451172,186.3760986328125,94.32207489013672,204.66038513183594,90.29136657714844,279.3964538574219,159.3365020751953,63.64292526245117,74.62882232666016,50.399818420410156,69.50445556640625
2020-12-04,33.611793518066406,74.01343536376953,36.419837951660156,20.831974029541016,210.70468139648438,54.81509017944336,105.94363403320312,25.678497314453125,45.71817398071289,122.61006927490234,185.69760131835938,95.53132629394531,204.7750244140625,90.38652801513672,277.2651672363281,158.12899780273438,62.92276382446289,73.65911102294922,50.10661697387695,68.39717102050781
2020-12-07,32.98278045654297,72.01392364501953,35.22695541381836,20.281190872192383,209.71084594726562,54.19104766845703,105.54528045654297,25.503158569335938,44.98805236816406,122.2065658569336,184.0673828125,94.97181701660156,204.70816040039062,90.052978515625,283.0939636230469,157.89999389648438,63.57352066040039,74.24093627929688,50.27765655517578,68.7662582397461
2020-12-08,34.06338882446289,72.63282012939453,35.11178207397461,20.63652992248535,210.0538787841797,53.89589309692383,105.6491928100586,25.36288833618164,45.14935302734375,122.33267974853516,183.62684631347656,94.89059448242188,206.3512420654297,89.77047729492188,280.9329528808594,158.864501953125,63.92925262451172,73.95001983642578,49.683082580566406,68.47918701171875
2020-12-09,34.514984130859375,71.76002502441406,35.12822341918945,20.760908126831055,213.55418395996094,54.2838134765625,104.82649993896484,25.248912811279297,45.276702880859375,122.47562408447266,183.8911895751953,96.17205047607422,202.32948303222656,88.11170196533203,275.50067138671875,155.2100067138672,63.920589447021484,73.8530502319336,49.495765686035156,68.56940460205078
2020-12-10,35.490760803222656,74.0689697265625,36.19771194458008,20.769790649414062,214.94371032714844,54.34284591674805,104.15106201171875,25.520694732666016,45.03898620605469,121.61812591552734,183.31838989257812,96.07278442382812,201.10675048828125,87.60568237304688,274.7076110839844,155.07449340820312,63.58218002319336,74.15205383300781,49.275840759277344,67.65077209472656
2020-12-11,35.321407318115234,73.3548583984375,35.76992416381836,20.37891387939453,211.0652618408203,53.398338317871094,103.53620910644531,25.047277450561523,45.2936897277832,121.87027740478516,183.07168579101562,95.64863586425781,203.72422790527344,87.96003723144531,271.168701171875,155.8209991455078,64.03339385986328,73.97428131103516,49.210689544677734,67.88041687011719
2020-12-14,34.04726028442383,70.96656036376953,34.81562423706055,19.70376205444336,209.1304168701172,52.1839714050293,102.4450912475586,24.740432739257812,45.225765228271484,121.24822235107422,186.73736572265625,95.20646667480469,204.62213134765625,86.84294128417969,271.8031311035156,157.84849548339844,63.81644821166992,73.64292907714844,48.59169387817383,67.42933654785156
2020-12-15,34.70853042602539,70.91102600097656,35.210506439208984,20.405561447143555,213.21116638183594,53.92961502075195,104.19435119628906,25.108638763427734,45.709686279296875,121.70218658447266,189.32803344726562,96.90300750732422,204.55531311035156,87.2800521850586,273.1512451171875,158.25599670410156,64.99647521972656,74.43488311767578,49.569061279296875,69.13534545898438
2020-12-16,35.24077224731445,70.37146759033203,34.81562423706055,20.29007911682129,214.3896942138672,54.165740966796875,104.49744415283203,25.178781509399414,45.04747772216797,121.80305480957031,188.39398193359375,96.9391098022461,209.4750213623047,87.08727264404297,273.270263671875,162.04800415039062,64.58865356445312,73.22273254394531,49.218833923339844,67.9378662109375
2020-12-17,35.063358306884766,70.14930725097656,34.52766799926758,20.370031356811523,214.97010803222656,54.53680419921875,103.63147735595703,25.275217056274414,45.225765228271484,122.49240112304688,188.7904815673828,98.1754379272461,209.60877990722656,86.26061248779297,272.090576171875,161.8040008544922,65.12662506103516,73.95808410644531,49.740108489990234,68.78266906738281
2020-12-18,34.458534240722656,69.18128967285156,33.713233947753906,19.819246292114258,212.94737243652344,54.12358474731445,103.12052154541016,25.134950637817383,45.624786376953125,123.51799011230469,189.52186584472656,99.06886291503906,208.8158721923828,85.55237579345703,273.993896484375,160.08250427246094,64.64940643310547,72.98837280273438,48.982635498046875,68.31513977050781
2020-12-21,33.82952880859375,68.3084945678711,33.10445022583008,19.348419189453125,226.00758361816406,57.20165252685547,106.99147033691406,26.073017120361328,44.83522415161133,122.23179626464844,186.51712036132812,98.03106689453125,212.6370086669922,85.9657211303711,270.41534423828125,160.3090057373047,64.55398559570312,72.00245666503906,48.86860275268555,67.35549926757812
2020-12-22,33.2569694519043,66.93580627441406,32.1090087890625,18.97530746459961,219.9479522705078,56.198116302490234,105.36343383789062,25.608362197875977,44.79277801513672,121.07169342041016,186.73736572265625,96.92107391357422,213.92662048339844,85.2550277709961,264.764892578125,160.3260040283203,64.82292938232422,72.34996032714844,48.64055252075195,66.76494598388672
2020-12-23,33.68436813354492,67.99110412597656,32.972816467285156,19.472787857055664,225.54144287109375,57.52210998535156,108.30774688720703,26.344785690307617,45.064453125,121.39955139160156,186.82550048828125,96.37056732177734,211.13723754882812,85.6520004272461,265.7760925292969,159.2635040283203,64.49324035644531,71.95398712158203,48.36362838745117,66.19898223876953
2020-12-24,33.547271728515625,67.70547485351562,32.48744583129883,19.224048614501953,225.28639221191406,57.42091751098633,107.83147430419922,26.265888214111328,45.37009048461914,121.94599914550781,186.27035522460938,97.04740905761719,212.78985595703125,85.9458999633789,265.0722351074219,158.63450622558594,65.05721282958984,72.46310424804688,48.70570755004883,66.7813491821289
2020-12-28,33.660179138183594,67.3642807006836,32.33114242553711,19.161863327026367,228.30294799804688,57.38718032836914,108.54154968261719,26.41492462158203,45.98135757446289,123.50119018554688,188.58786010742188,99.06886291503906,214.9010467529297,87.91841125488281,274.58868408203125,164.197998046875,65.49971771240234,72.9317855834961,48.86046600341797,66.66651916503906
2020-12-29,33.281166076660156,67.13417053222656,32.14192199707031,18.993074417114258,226.91343688964844,57.10045623779297,108.25579833984375,26.30971908569336,45.95589065551758,123.929931640625,187.4335174560547,98.77102661132812,214.12725830078125,87.11552429199219,274.37060546875,166.10000610351562,65.36090087890625,72.61661529541016,48.92562484741211,66.5844955444336
2020-12-30,33.547271728515625,67.70547485351562,32.91522979736328,19.437255859375,228.1798553466797,57.210105895996094,108.55889129638672,26.283416748046875,46.219078063964844,123.83749389648438,186.42018127441406,98.82520294189453,211.76773071289062,86.04947662353516,269.5033264160156,164.29249572753906,65.8641357421875,73.18231201171875,49.36543655395508,66.85517120361328
2020-12-31,33.240840911865234,67.00723266601562,32.898780822753906,19.392833709716797,231.92640686035156,57.79195785522461,110.0396957397461,26.572731018066406,46.558692932128906,124.66972351074219,189.081298828125,97.96791076660156,212.4746551513672,86.86178588867188,270.7821350097656,162.84649658203125,66.94003295898438,73.99041748046875,50.03330612182617,68.29873657226562
2021-01-04,33.46663284301758,67.2135238647461,32.553253173828125,19.49944496154785,233.0609130859375,57.623313903808594,109.00052642822266,26.327260971069336,44.79277801513672,121.2818603515625,185.23939514160156,95.49523162841797,207.95611572265625,85.54793548583984,266.5987854003906,159.3314971923828,64.39779663085938,72.49542236328125,48.347347259521484,66.8797836303711
2021-01-05,35.07948303222656,69.0305404663086,34.42073440551758,20.547698974609375,238.2761993408203,58.6015510559082,109.59363555908203,26.528900146484375,44.30036163330078,121.64334106445312,186.34963989257812,95.50425720214844,208.15673828125,86.2378158569336,268.6111755371094,160.92550659179688,64.875,72.52775573730469,48.66497802734375,66.78954315185547
2021-01-06,35.9746208190918,71.25222778320312,35.79460144042969,21.68480110168457,251.13414001464844,62.13501739501953,114.73969268798828,28.185853958129883,42.89104461669922,120.15535736083984,185.92666625976562,96.02766418457031,202.75938415527344,85.38685607910156,261.017822265625,156.91900634765625,68.05064392089844,73.46515655517578,49.8541259765625,67.32270050048828
2021-01-07,36.25687026977539,71.58544158935547,36.773582458496094,22.102325439453125,256.4989929199219,63.197593688964844,118.50763702392578,28.808317184448242,42.41559982299805,119.76870727539062,186.79025268554688,95.29669952392578,208.52926635742188,87.93724822998047,266.4005432128906,158.10800170898438,68.79682922363281,72.64087677001953,49.79711151123047,65.52644348144531
2021-01-08,36.660091400146484,72.26783752441406,36.773582458496094,22.066791534423828,255.11822509765625,63.45901870727539,118.63849639892578,28.518999099731445,43.366477966308594,121.20619201660156,190.2179718017578,96.69547271728516,209.79983520507812,89.10142517089844,265.24078369140625,159.13499450683594,70.39330291748047,72.77017211914062,50.1473388671875,64.94407653808594
2021-01-11,37.772945404052734,72.68042755126953,37.3165397644043,22.200044631958008,258.4161376953125,64.14208221435547,120.40907287597656,28.992420196533203,42.61935806274414,119.44921875,188.77285766601562,97.16473388671875,207.76504516601562,87.04266357421875,254.6041717529297,155.7104949951172,69.14390563964844,72.15599822998047,49.8541259765625,64.61601257324219
2021-01-12,38.611629486083984,74.06104278564453,39.01125717163086,23.221654891967773,265.78619384765625,63.92284393310547,122.30184173583984,29.509672164916992,42.54294967651367,118.8943862915039,186.4553985595703,97.16473388671875,205.31951904296875,86.10796356201172,248.9042510986328,156.04150390625,69.19595336914062,71.86509704589844,47.90752410888672,63.84501647949219
2021-01-13,39.04709243774414,73.9896469116211,38.69040298461914,22.617570877075195,266.42822265625,63.72043991088867,122.4151382446289,29.334335327148438,42.58539962768555,119.86956787109375,186.8871612548828,96.69547271728516,206.66648864746094,86.59465026855469,249.44943237304688,158.29449462890625,71.00936889648438,73.99041748046875,48.63241195678711,64.09928131103516
2021-01-14,40.57123565673828,75.7669677734375,39.38146209716797,23.061752319335938,270.7640075683594,64.48784637451172,123.13040161132812,29.798978805541992,41.79582977294922,119.17180633544922,183.7238006591797,97.26398468017578,203.49496459960938,85.78531646728516,243.5016632080078,156.37350463867188,71.60804748535156,74.07122039794922,48.08671569824219,64.6570053100586
2021-01-15,38.61969757080078,73.0692138671875,37.11909866333008,22.12897491455078,264.7308654785156,63.45057678222656,120.92371368408203,28.9398136138916,41.34587478637695,118.86079406738281,184.9662322998047,96.21717071533203,203.1414794921875,85.62176513671875,249.171875,155.21249389648438,71.18289947509766,74.43488311767578,48.59169387817383,66.00214385986328
2021-01-19,39.38579559326172,74.9894027709961,37.84306335449219,22.58203887939453,258.74163818359375,63.2397575378418,120.40033721923828,28.72940444946289,41.184566497802734,119.42401123046875,184.24366760253906,96.91204071044922,206.761962890625,88.43929290771484,258.8271484375,156.03799438476562,71.85099029541016,73.0368423461914,49.731964111328125,66.19898223876953
2021-01-20,39.942222595214844,75.6797103881836,37.3165397644043,22.51984977722168,255.461181640625,63.113250732421875,118.59486389160156,28.35243034362793,41.328895568847656,118.8102798461914,188.24415588378906,98.73497009277344,214.3087615966797,93.17727661132812,265.1515808105469,163.16900634765625,72.92689514160156,73.36009216308594,49.398014068603516,66.23182678222656
2021-01-21,38.7971076965332,73.00574493408203,35.53133773803711,21.48935890197754,254.49378967285156,62.99518966674805,117.60057067871094,27.852710723876953,41.55812072753906,117.36436462402344,188.1560516357422,97.354248046875,214.91061401367188,93.37947845458984,270.49462890625,165.34950256347656,72.63188171386719,72.875244140625,48.7708625793457,66.4122543334961
2021-01-22,38.24873352050781,72.78357696533203,35.12000274658203,21.68480110168457,254.51129150390625,62.51450729370117,116.69344329833984,27.659835815429688,41.16758346557617,116.5069351196289,188.0238494873047,96.6413345336914,215.8467559814453,93.7962875366211,272.1104431152344,164.6114959716797,73.06571197509766,72.96410369873047,48.982635498046875,67.32270050048828
2021-01-25,37.82133102416992,72.125,35.02951431274414,21.089601516723633,248.92674255371094,61.03871536254883,115.23685455322266,27.31792449951172,41.413795471191406,117.84358215332031,187.98861694335938,94.98988342285156,219.26670837402344,93.88153076171875,275.58990478515625,164.6999969482422,75.37371063232422,75.08136749267578,49.69937515258789,67.74099731445312
2021-01-26,36.990699768066406,70.90308380126953,34.28910446166992,20.20124053955078,247.80096435546875,60.052040100097656,114.76585388183594,27.125045776367188,41.84677505493164,119.2054443359375,189.78622436523438,95.9644775390625,221.94151306152344,94.55902099609375,279.5947265625,166.30650329589844,73.95072937011719,75.08944702148438,48.616127014160156,67.10942077636719
2021-01-27,36.571380615234375,69.98267364501953,33.44174575805664,19.37506675720215,240.38699340820312,57.69920349121094,111.52122497558594,26.151914596557617,41.201541900634766,116.04454803466797,182.40200805664062,92.06598663330078,222.48602294921875,90.14764404296875,269.77099609375,161.62899780273438,69.5777359008789,74.11164855957031,47.679473876953125,65.97754669189453
2021-01-28,37.14393997192383,70.6333236694336,33.82017517089844,20.112401962280273,241.873291015625,58.758758544921875,113.48370361328125,26.58150291442871,41.72791290283203,117.01129150390625,182.24342346191406,92.5262222290039,228.24639892578125,91.84558868408203,262.6931457519531,161.88099670410156,71.54730224609375,73.92578125,48.08671569824219,66.07596588134766
2021-01-29,36.160099029541016,67.60232543945312,32.93169021606445,19.730409622192383,238.48727416992188,56.83460998535156,112.22771453857422,25.994112014770508,40.878929138183594,114.80878448486328,183.14224243164062,91.58769226074219,221.5880584716797,90.56493377685547,256.0812072753906,160.30999755859375,70.167724609375,75.96221160888672,47.98897171020508,66.3630599975586
2021-02-01,36.224605560302734,68.56238555908203,33.49110794067383,19.68598747253418,241.6182861328125,57.36015319824219,113.05632019042969,26.265888214111328,41.15909957885742,115.15345001220703,183.2214813232422,93.00450134277344,228.93417358398438,93.82156372070312,259.72918701171875,167.1439971923828,70.88787841796875,75.28338623046875,48.14372253417969,66.5844955444336
2021-02-02,36.79717254638672,69.0781478881836,33.70499801635742,19.996919631958008,252.3830108642578,60.14043045043945,116.53643798828125,27.203954696655273,41.566612243652344,116.33036804199219,184.83401489257812,95.92841339111328,228.80043029785156,95.11261749267578,264.7550048828125,169.0,71.95512390136719,75.23490905761719,48.57539749145508,67.34729766845703
2021-02-03,38.24067306518555,70.585693359375,35.54780197143555,21.4804744720459,253.77256774902344,59.843746185302734,117.87093353271484,27.686140060424805,41.40530014038086,116.0277328491211,183.9088134765625,94.5115966796875,232.13438415527344,102.0391845703125,264.3287353515625,165.62649536132812,72.05924224853516,75.46925354003906,48.42064666748047,66.66651916503906
2021-02-04,38.974510192871094,70.6174545288086,36.20594024658203,22.040138244628906,258.3458557128906,61.276268005371094,120.58350372314453,28.49270248413086,41.60906219482422,117.42322540283203,185.95315551757812,92.94134521484375,231.1886749267578,101.77901458740234,264.170166015625,166.5500030517578,72.01585388183594,76.24504089355469,49.145530700683594,67.42933654785156
2021-02-05,40.28092956542969,70.82376098632812,36.54323196411133,22.21781349182129,258.1259765625,62.06458282470703,120.3480224609375,28.37873077392578,42.15242004394531,118.49928283691406,187.31895446777344,95.06206512451172,231.3701934814453,103.52352905273438,265.76617431640625,167.6074981689453,72.53646087646484,76.5602035522461,49.58534622192383,67.41291809082031
2021-02-08,42.014747619628906,72.58521270751953,38.48474884033203,23.088401794433594,263.9745178222656,62.920719146728516,122.23204803466797,29.009950637817383,42.381629943847656,118.02851104736328,186.43775939941406,93.2752685546875,231.62815856933594,103.30992126464844,264.2593688964844,166.14700317382812,72.36292266845703,75.63895416259766,49.463172912597656,66.42046356201172
2021-02-09,41.522666931152344,72.17259979248047,38.5670166015625,23.097286224365234,264.2471618652344,62.92918014526367,121.7435531616211,28.88720703125,42.19486999511719,117.35597229003906,190.31491088867188,93.05866241455078,232.8699951171875,102.85742950439453,267.10443115234375,165.25,72.73601531982422,75.4126968383789,49.389869689941406,66.0893325805664
2021-02-10,41.924522399902344,73.41039276123047,38.871395111083984,23.648067474365234,267.6066589355469,63.0054817199707,121.81331634521484,28.91351890563965,42.10997009277344,115.75872039794922,188.92266845703125,94.59280395507812,231.9624481201172,103.40705108642578,269.5033264160156,164.32899475097656,72.80543518066406,75.71975708007812,49.62607192993164,66.23005676269531
2021-02-11,40.874778747558594,73.01366424560547,38.555912017822266,23.42597770690918,265.8830261230469,62.488399505615234,121.47319793701172,28.825849533081055,42.70425796508789,113.4637222290039,188.80812072753906,95.64464569091797,233.55780029296875,103.51956939697266,268.0362548828125,163.10650634765625,72.84012603759766,73.82953643798828,49.919288635253906,65.35262298583984
2021-02-12,41.432464599609375,73.43421936035156,39.15367889404297,23.781322479248047,269.40081787109375,63.24281692504883,123.20014953613281,29.255430221557617,43.03536605834961,112.53900909423828,188.4821014404297,95.63558197021484,234.03543090820312,103.830810546875,268.145263671875,163.885498046875,72.1286392211914,73.33963012695312,49.466590881347656,65.07121276855469
2021-02-16,42.67903518676758,74.93896484375,40.55677795410156,23.928586959838867,274.361083984375,64.46342468261719,126.16567993164062,30.04445457458496,42.67878341674805,112.96774291992188,189.47781372070312,95.75344848632812,232.8031005859375,104.607421875,271.5850524902344,163.44749450683594,70.44538116455078,72.16384887695312,48.808135986328125,64.72351837158203
2021-02-17,43.34333038330078,77.18399810791016,40.980194091796875,23.982141494750977,275.0470886230469,63.95481491088867,126.55816650390625,30.16720199584961,42.559932708740234,113.03498077392578,188.08555603027344,94.61092376708984,233.8180389404297,104.99993896484375,271.18853759765625,165.4320068359375,70.00286865234375,72.83338165283203,48.78345489501953,64.97185516357422
2021-02-18,42.66263961791992,76.44366455078125,39.59370803833008,22.830787658691406,272.5492858886719,63.42927932739258,126.9855728149414,29.97431755065918,43.10329055786133,113.79998779296875,189.83029174804688,95.54489135742188,233.42544555664062,104.36506652832031,267.0449523925781,166.4114990234375,70.04625701904297,73.10283660888672,49.26082992553711,66.61913299560547
2021-02-19,42.949668884277344,77.0874252319336,40.19977569580078,23.3127498626709,277.5799560546875,64.42103576660156,129.10504150390625,30.281164169311523,42.54294967651367,111.39569854736328,187.01934814453125,95.3272933959961,230.72535705566406,103.52254486083984,259.2831115722656,162.4949951171875,67.76432037353516,72.20464324951172,48.81637191772461,65.46025085449219
2021-02-22,44.53251266479492,79.1715087890625,42.24214553833008,24.580129623413086,278.67926025390625,65.60771942138672,130.31744384765625,30.815956115722656,42.98442840576172,110.95855712890625,186.86070251464844,95.21846008300781,224.54000854492188,101.81022644042969,258.06378173828125,159.03700256347656,65.16132354736328,72.13933563232422,48.79990768432617,63.548099517822266
2021-02-23,45.1475944519043,80.1693115234375,43.25502395629883,24.758636474609375,280.7373046875,65.69252014160156,131.3640594482422,31.140335083007812,42.90802001953125,111.62268829345703,186.20870971679688,94.89204406738281,223.3527069091797,102.10063934326172,263.5455627441406,159.72500610351562,64.82292938232422,72.70274353027344,48.4953727722168,64.64073181152344
2021-02-24,46.500797271728516,83.13050842285156,45.388710021972656,26.249155044555664,290.7897033691406,67.70989227294922,133.67543029785156,31.89429473876953,43.05234146118164,111.04264068603516,187.9269561767578,94.91922760009766,224.57827758789062,103.27474212646484,262.00909423828125,157.97650146484375,63.9986686706543,71.31465148925781,48.0509147644043,63.82126998901367
2021-02-25,45.72988510131836,82.35799407958984,44.027137756347656,25.445878982543945,288.2568359375,66.4808120727539,131.8612518310547,31.49977684020996,42.59389114379883,109.28565979003906,185.88262939453125,94.93736267089844,219.2546844482422,99.91157531738281,252.472900390625,152.85800170898438,64.59613037109375,71.13502502441406,47.54060363769531,63.159053802490234
2021-02-26,44.58991622924805,80.46702575683594,43.18030548095703,24.91036033630371,280.9747314453125,65.15849304199219,128.3636474609375,30.430204391479492,41.59208297729492,108.60472106933594,182.76181030273438,93.87647247314453,222.50054931640625,100.20693969726562,255.3773956298828,154.64649963378906,64.09026336669922,69.88577270507812,46.68461608886719,61.95877456665039
2021-03-01,46.2547607421875,82.1166000366211,43.67844009399414,25.633312225341797,291.2962646484375,67.09961700439453,131.26815795898438,31.377033233642578,42.36467361450195,109.80685424804688,184.63255310058594,94.76509094238281,226.86668395996094,102.57344818115234,262.6039123535156,157.3070068359375,66.209716796875,71.06970977783203,47.557064056396484,63.49842071533203
2021-03-02,45.984107971191406,82.430419921875,43.40446090698242,25.115644454956055,292.1967468261719,68.48126220703125,130.84078979492188,31.149097442626953,42.53446960449219,110.18516540527344,185.00489807128906,94.9736557006836,223.9272003173828,102.31673431396484,256.7453308105469,154.72650146484375,65.88700866699219,71.23300170898438,47.598228454589844,63.28319549560547
2021-03-03,46.35317611694336,83.35577392578125,44.55018615722656,25.320924758911133,295.2781677246094,69.5577621459961,133.3701934814453,31.929370880126953,42.432594299316406,108.56269836425781,182.4781494140625,93.85832977294922,217.88548278808594,99.68655395507812,253.18663024902344,150.25,63.252925872802734,71.25749206542969,47.400691986083984,63.175601959228516
2021-03-04,48.14923095703125,84.0880355834961,46.177433013916016,25.508358001708984,290.7398986816406,68.75251007080078,131.32046508789062,32.1584358215332,42.39862823486328,109.1668701171875,181.6092529296875,93.9127426147461,217.09078979492188,100.80267333984375,255.39720153808594,148.8784942626953,62.180110931396484,70.59612274169922,47.25253677368164,63.94541931152344
2021-03-05,49.96990203857422,87.70905303955078,48.435672760009766,25.945695877075195,289.0447692871094,68.54907989501953,131.62574768066406,32.53728103637695,43.120262145996094,112.72583770751953,183.85231018066406,94.60186767578125,221.753662109375,103.9319076538086,261.9793701171875,150.0229949951172,61.66549301147461,72.28630065917969,48.026214599609375,65.31124877929688
2021-03-08,49.920692443847656,88.31257629394531,48.80097198486328,26.51690673828125,295.0663146972656,68.74403381347656,133.3701934814453,32.713497161865234,43.84190368652344,111.96319580078125,185.39500427246094,94.42958068847656,217.72268676757812,99.49276733398438,253.08749389648438,147.59750366210938,61.80504608154297,73.66622924804688,49.06328582763672,66.62740325927734
2021-03-09,49.1497802734375,88.11139678955078,48.07035446166992,26.195600509643555,291.8877258300781,68.53211975097656,132.42819213867188,31.999847412109375,43.17969512939453,112.06488800048828,184.8985137939453,93.105712890625,223.84104919433594,101.121337890625,263.4266662597656,153.1425018310547,64.56124114990234,74.26227569580078,48.89867401123047,66.71846008300781
2021-03-10,50.6588020324707,89.61614227294922,49.33230972290039,26.731109619140625,301.9796447753906,70.43083190917969,135.30650329589844,32.92494201660156,43.67211151123047,113.19189453125,189.11868286132812,94.85575866699219,222.53884887695312,100.9146728515625,262.5940246582031,152.8820037841797,64.94500732421875,74.13163757324219,49.20321273803711,67.21511840820312
2021-03-11,50.281551361083984,89.47129821777344,49.67271423339844,26.240224838256836,302.0503234863281,70.56645202636719,134.59999084472656,32.81040573120117,43.19668197631836,112.88684844970703,187.5760040283203,94.87389373779297,227.04859924316406,104.10389709472656,271.4958801269531,155.67950439453125,65.29389953613281,74.04998779296875,48.79167175292969,66.22178649902344
2021-03-12,50.822818756103516,89.76901245117188,49.141357421875,25.892147064208984,307.9747619628906,71.49038696289062,136.1961212158203,33.427146911621094,43.11106491088867,112.73428344726562,188.25869750976562,95.03711700439453,225.72726440429688,101.5990982055664,266.06353759765625,154.47450256347656,66.0003890991211,74.6297378540039,49.25259780883789,67.08267974853516
2021-03-15,49.52703857421875,88.71488189697266,48.28622817993164,25.99032211303711,305.53778076171875,71.08351135253906,135.51580810546875,33.259742736816406,43.68462371826172,112.72583770751953,195.4578399658203,97.92059326171875,224.8272247314453,101.81915283203125,271.366943359375,154.08399963378906,65.86956024169922,75.38909149169922,50.190895080566406,68.1091079711914
2021-03-16,48.47728729248047,86.61471557617188,46.97445297241211,25.044240951538086,301.7059020996094,69.96463012695312,133.89352416992188,33.16282653808594,43.8472785949707,113.55623626708984,194.92587280273438,98.65507507324219,227.6039581298828,103.27871704101562,276.8488464355469,154.59300231933594,65.74745178222656,75.9524917602539,50.41312789916992,69.1189956665039
2021-03-17,48.69051742553711,86.92852783203125,47.18201446533203,25.26737403869629,304.5666809082031,71.08351135253906,135.27159118652344,33.43595504760742,43.86440658569336,113.22576904296875,198.69387817382812,100.66804504394531,226.96240234375,103.1959228515625,281.53765869140625,156.7864990234375,63.636688232421875,74.99715423583984,49.96043395996094,67.9766845703125
2021-03-18,46.590999603271484,83.78226470947266,44.317718505859375,24.321298599243164,307.2595520019531,71.1513442993164,137.5044708251953,34.308197021484375,43.29084396362305,112.30213928222656,197.62110900878906,98.21076202392578,220.91111755371094,100.1786880493164,276.1945495605469,151.39950561523438,62.0405387878418,75.38909149169922,49.713523864746094,68.37400817871094
2021-03-19,46.328575134277344,83.18681335449219,43.670143127441406,24.142791748046875,303.90447998046875,70.30369567871094,135.315185546875,33.94697189331055,43.49629592895508,113.97146606445312,197.2132568359375,97.89337158203125,220.55685424804688,100.45722198486328,287.5845031738281,153.7480010986328,61.7876091003418,75.70752716064453,49.13737106323242,69.25970458984375
2021-03-22,45.852901458740234,82.51089477539062,43.37125778198242,24.678308486938477,299.60455322265625,69.4391098022461,131.6780548095703,33.180450439453125,43.6589469909668,116.7677993774414,199.5449981689453,98.60973358154297,225.95706176757812,100.64207458496094,290.9847106933594,155.5435028076172,62.52897262573242,76.03413391113281,49.12914276123047,69.22659301757812
2021-03-23,45.287017822265625,82.05223083496094,42.93122863769531,23.80363655090332,292.9295959472656,67.0656967163086,130.36102294921875,32.51084899902344,43.9928092956543,118.1744155883789,198.92437744140625,97.92967987060547,227.4794921875,101.16940307617188,288.1000061035156,156.875,64.56124114990234,76.76898193359375,49.90281677246094,70.06266021728516
2021-03-24,46.2055549621582,84.24897766113281,44.17658233642578,24.473026275634766,290.17486572265625,67.24370574951172,131.37277221679688,32.51084899902344,44.104095458984375,117.62361145019531,198.64065551757812,97.09546661376953,225.44961547851562,100.73326873779297,279.6839599609375,154.35350036621094,63.523311614990234,77.07110595703125,49.952205657958984,70.35237121582031
2021-03-25,46.07433319091797,84.54670715332031,44.4754638671875,24.455175399780273,291.8524475097656,67.92183685302734,133.05615234375,33.180450439453125,44.53213119506836,118.3184814453125,198.77366638183594,97.36746215820312,222.46221923828125,100.72981262207031,276.3134765625,152.31300354003906,64.06407928466797,78.00194549560547,50.52011489868164,70.1288833618164
2021-03-26,47.32911682128906,86.48597717285156,45.695899963378906,25.26737403869629,289.0624084472656,67.794677734375,135.27159118652344,34.07912063598633,45.405303955078125,120.9198989868164,199.6691131591797,97.98406219482422,226.42625427246094,100.34671020507812,280.5562744140625,152.60150146484375,64.59613037109375,78.24690246582031,50.750587463378906,70.35237121582031
2021-03-29,47.07487869262695,86.03535461425781,44.69962692260742,24.72293472290039,287.5967712402344,66.01461791992188,133.16954040527344,33.753143310546875,46.09870529174805,122.70783996582031,201.56642150878906,99.02684020996094,225.23895263671875,101.39043426513672,288.2884216308594,153.7864990234375,65.24156951904297,79.67578125,51.29380798339844,71.05599975585938
2021-03-30,46.492591857910156,85.2387466430664,44.35922622680664,24.294523239135742,293.14154052734375,67.0402603149414,134.7395782470703,34.352256774902344,45.49947738647461,120.78431701660156,199.46522521972656,99.53461456298828,221.9930877685547,101.42414855957031,285.4928894042969,152.76449584960938,64.7356948852539,78.58167266845703,50.65181350708008,70.13715362548828
2021-03-31,45.787296295166016,84.3214111328125,43.977317810058594,24.267744064331055,288.718017578125,65.82813262939453,132.77706909179688,34.08793640136719,45.122806549072266,119.86066436767578,198.720458984375,98.09288787841797,225.74644470214844,102.21958923339844,291.966064453125,154.70399475097656,65.94806671142578,78.81846618652344,51.16212844848633,70.11231231689453
2021-04-01,47.066673278808594,85.09387969970703,44.84906768798828,25.079944610595703,289.2830810546875,66.30279541015625,134.06796264648438,34.792781829833984,44.951595306396484,119.71665954589844,199.6691131591797,99.56183624267578,232.04669189453125,105.55303192138672,296.06011962890625,158.0500030517578,66.08763122558594,78.61432647705078,51.302040100097656,70.80765533447266
2021-04-05,46.33676528930664,84.0960922241211,43.346351623535156,24.589054107666016,285.6630859375,66.1163330078125,134.7786102294922,35.06591033935547,45.208412170410156,121.3096694946289,202.8963165283203,100.32349395751953,238.48098754882812,109.97284698486328,306.22088623046875,161.3365020751953,66.96855163574219,79.14506530761719,51.57365798950195,71.42848205566406
2021-04-06,46.2055549621582,83.3477554321289,43.653533935546875,24.490877151489258,288.77105712890625,67.0402603149414,133.8310546875,34.968994140625,45.533714294433594,121.74188995361328,205.6092987060547,103.44273376464844,237.32241821289062,109.49210357666016,303.593994140625,161.1909942626953,67.64888000488281,79.6676254272461,51.94404220581055,71.82581329345703
2021-04-07,46.410587310791016,83.83859252929688,43.48749542236328,24.410552978515625,288.32061767578125,66.99788665771484,135.9279022216797,35.28617858886719,45.61075973510742,121.52155303955078,206.22987365722656,103.41553497314453,239.27569580078125,110.96752166748047,310.3644714355469,163.96949768066406,67.51805114746094,79.87177276611328,51.688899993896484,71.75958251953125
2021-04-08,45.926719665527344,82.89713287353516,42.54103088378906,24.151718139648438,292.37335205078125,67.98114776611328,136.09461975097656,34.97780990600586,45.473793029785156,120.78431701660156,204.13755798339844,103.96866607666016,242.48326110839844,111.53253173828125,310.29510498046875,164.96499633789062,67.82332611083984,79.7084732055664,51.73826599121094,71.24636840820312
2021-04-09,45.820098876953125,82.8166732788086,42.53272247314453,23.88395881652832,292.0820617675781,68.42191314697266,137.1123504638672,35.23331069946289,45.525146484375,120.80973815917969,205.22802734375,104.24067687988281,244.97274780273438,112.53562927246094,309.7399597167969,168.61000061035156,67.9803237915039,79.64314270019531,51.63127136230469,71.09735870361328
2021-04-12,45.51664352416992,81.89935302734375,42.22553253173828,23.687606811523438,292.99139404296875,67.96419525146484,136.82284545898438,35.294986724853516,45.670684814453125,121.19107055664062,204.7670440673828,105.56455993652344,245.03018188476562,111.24456024169922,308.8280029296875,168.96949768066406,67.71865844726562,79.72479248046875,51.76295852661133,71.18843841552734
2021-04-13,45.688880920410156,82.26947784423828,42.16742706298828,23.24134635925293,289.31842041015625,67.4132080078125,135.19091796875,34.643001556396484,45.4481201171875,121.21646118164062,205.08619689941406,106.49851989746094,247.50054931640625,111.73075866699219,307.06353759765625,170.0,68.93975067138672,80.427001953125,52.314422607421875,71.78443145751953
2021-04-14,47.00927734375,83.90296173095703,43.74485397338867,24.37485122680664,296.090576171875,68.48126220703125,132.6641845703125,35.136390686035156,45.43954086303711,120.41998291015625,204.19073486328125,107.14230346679688,244.72378540039062,111.11026763916016,300.18389892578125,166.64999389648438,69.01824951171875,80.66377258300781,52.586036682128906,72.07414245605469
2021-04-15,46.73042678833008,83.21900177001953,43.088985443115234,23.79471206665039,298.91583251953125,68.50667572021484,133.5064697265625,34.13199996948242,45.653560638427734,120.58942413330078,205.0507354736328,106.64360809326172,248.46751403808594,113.25820922851562,305.1403503417969,168.95449829101562,69.93406677246094,81.4476547241211,53.079872131347656,72.68669891357422
2021-04-16,46.46799087524414,82.84884643554688,42.416500091552734,23.4644775390625,302.2357177734375,66.61643981933594,134.49783325195312,34.49322509765625,45.95319366455078,122.15709686279297,206.64659118652344,107.05162048339844,249.65484619140625,113.13431549072266,303.5146789550781,169.9720001220703,70.59695434570312,82.1988296508789,53.50788497924805,73.29924011230469
2021-04-19,46.320377349853516,83.09024810791016,42.250450134277344,23.67868423461914,302.92431640625,67.8370361328125,133.9275665283203,34.51084518432617,46.22712707519531,122.65705108642578,205.52059936523438,106.73426818847656,247.73988342285156,113.48172760009766,299.6089172363281,168.60049438476562,69.59391784667969,81.81507110595703,53.433799743652344,73.38201904296875
2021-04-20,45.34442901611328,81.5372314453125,40.39073181152344,22.536251068115234,293.02679443359375,65.51448822021484,130.96212768554688,33.55050277709961,46.37264633178711,123.47049713134766,206.5845489501953,106.9609603881836,247.28030395507812,112.9489517211914,300.01531982421875,166.7344970703125,70.23937225341797,82.80305480957031,54.39678192138672,74.61540222167969
2021-04-21,45.926719665527344,82.66378784179688,41.54474639892578,22.96466064453125,296.0198974609375,67.17589569091797,132.07635498046875,34.11437225341797,46.74931335449219,124.5466537475586,205.91958618164062,106.49851989746094,249.50161743164062,112.916259765625,298.8456726074219,168.1009979248047,68.00648498535156,82.5417709350586,54.10047912597656,73.96145629882812
2021-04-22,45.32802963256836,81.23147583007812,41.06320571899414,22.536251068115234,292.11724853515625,66.36215209960938,129.29515075683594,33.79719161987305,46.603782653808594,123.77554321289062,206.54019165039062,106.83401489257812,246.2366943359375,111.63609313964844,293.93878173828125,165.45199584960938,68.31175994873047,81.71710205078125,53.58195114135742,72.8025894165039
2021-04-23,45.57405090332031,81.7142562866211,41.27907180786133,22.946815490722656,299.6221618652344,68.61687469482422,131.76927185058594,34.51966094970703,46.62946701049805,123.5721664428711,207.9764862060547,106.74333953857422,250.04737854003906,113.98576354980469,298.5086364746094,167.04400634765625,68.24197387695312,81.52928924560547,53.771263122558594,72.59563446044922
2021-04-26,45.664268493652344,81.69012451171875,41.71910095214844,23.535879135131836,303.3040466308594,69.10003662109375,132.0939178466797,34.722293853759766,45.936058044433594,121.47917938232422,205.96392822265625,104.89353942871094,250.43040466308594,114.48137664794922,300.40203857421875,170.4499969482422,67.97158813476562,80.9985580444336,53.21980667114258,72.51286315917969
2021-04-27,46.262969970703125,82.6396255493164,42.590843200683594,23.366296768188477,306.0499267578125,69.47299194335938,132.69927978515625,35.136390686035156,45.867584228515625,121.0809326171875,208.3311309814453,105.55548858642578,250.83255004882812,113.54219818115234,300.9273681640625,170.8715057373047,67.4046630859375,80.51683044433594,52.94818878173828,72.18175506591797
2021-04-28,47.657161712646484,84.66740417480469,44.03544235229492,24.419477462768555,307.356689453125,70.12570190429688,133.55908203125,35.268558502197266,45.876136779785156,120.18267822265625,206.05258178710938,106.60731506347656,243.73756408691406,116.915283203125,304.4267272949219,172.9250030517578,67.23893737792969,80.4841537475586,52.956417083740234,71.7927017211914
2021-04-29,48.337860107421875,86.0192642211914,44.11016082763672,24.830036163330078,311.64776611328125,71.1982650756836,136.156005859375,36.22008514404297,46.4496955871582,121.97067260742188,208.53504943847656,107.8223648071289,241.77471923828125,118.58645629882812,326.6416320800781,173.5655059814453,67.35233306884766,81.28433990478516,53.63134002685547,72.9184799194336
2021-04-30,46.94365692138672,82.93736267089844,42.4580078125,24.142791748046875,307.65692138671875,70.27041625976562,134.94529724121094,35.70907974243164,46.209991455078125,122.15709686279297,209.3063201904297,108.37547302246094,241.45875549316406,116.64073181152344,322.2501525878906,173.37100219726562,67.60528564453125,82.21515655517578,54.46263122558594,73.43168640136719
2021-05-03,48.23945236206055,84.91686248779297,43.786380767822266,25.187044143676758,309.16668701171875,70.19377899169922,134.5504913330078,35.73550796508789,46.63801956176758,123.53827667236328,208.84532165527344,108.79261016845703,241.15235900878906,116.12429809570312,319.77197265625,169.32449340820312,66.89877319335938,82.23149871826172,54.36387252807617,73.40686798095703
2021-05-04,48.54290008544922,85.38355255126953,43.645225524902344,25.338775634765625,308.8841552734375,70.34701538085938,136.41049194335938,36.123172760009766,46.34696960449219,121.98757934570312,207.338134765625,108.2394790649414,237.25538635253906,114.3277359008789,315.588623046875,165.593505859375,66.0178451538086,82.28865814208984,54.66840744018555,73.15850830078125
2021-05-05,50.002708435058594,87.67687225341797,46.027984619140625,27.079204559326172,315.75335693359375,71.93885040283203,138.2002716064453,36.466793060302734,46.22712707519531,121.92825317382812,208.38426208496094,109.79911804199219,235.99151611328125,114.72124481201172,312.2777404785156,163.52699279785156,64.35191345214844,81.12920379638672,53.87001037597656,72.40525817871094
2021-05-06,50.47837829589844,87.72515106201172,46.24386215209961,27.42728614807129,323.1258239746094,73.91374969482422,140.9814453125,37.01303482055664,46.68938446044922,123.34337615966797,208.2247314453125,109.98046112060547,239.11289978027344,115.84031677246094,317.23419189453125,165.31849670410156,64.5525131225586,82.09269714355469,54.36387252807617,72.94330596923828
2021-05-07,51.200077056884766,88.52983093261719,47.40617370605469,28.462610244750977,327.4698791503906,74.65432739257812,141.46405029296875,37.16281509399414,46.66371154785156,123.34337615966797,208.2069854736328,109.92605590820312,241.72683715820312,116.5628890991211,316.3023376464844,164.58050537109375,65.00606536865234,82.35398864746094,54.536720275878906,72.78470611572266
2021-05-10,51.32310485839844,88.16773223876953,47.32314682006836,28.230558395385742,325.5185241699219,73.60728454589844,141.4464569091797,37.04827880859375,47.00613021850586,124.32633972167969,210.2195587158203,110.55169677734375,236.67129516601562,113.58036041259766,303.3065490722656,159.52450561523438,65.24156951904297,84.70553588867188,54.5778694152832,73.09355163574219
2021-05-11,49.691062927246094,85.85832214355469,46.260459899902344,27.900325775146484,317.7840881347656,72.28784942626953,139.0951690673828,36.625370025634766,46.50106430053711,123.41963958740234,207.338134765625,108.03998565673828,235.76173400878906,112.50538635253906,303.86163330078125,161.19549560546875,64.60485076904297,84.61572265625,54.15810012817383,72.1335678100586
2021-05-12,49.95732879638672,86.39745330810547,46.23555374145508,28.650041580200195,312.91033935546875,71.23231506347656,138.13885498046875,36.281761169433594,46.26136016845703,122.21636962890625,202.08950805664062,106.22650909423828,228.83909606933594,109.04557037353516,299.9162902832031,157.5970001220703,62.39815139770508,82.64793395996094,52.972869873046875,70.93982696533203
2021-05-13,49.341590881347656,85.84222412109375,45.38212585449219,28.34658432006836,316.8040771484375,72.23678588867188,141.69212341308594,36.863258361816406,46.66371154785156,124.02974700927734,203.71197509765625,107.07882690429688,232.6977996826172,110.472412109375,302.6026916503906,158.07350158691406,63.34885025024414,84.91084289550781,54.10047912597656,72.22537994384766
2021-05-14,50.564727783203125,88.0872573852539,47.28977966308594,29.283735275268555,325.5980224609375,74.35636901855469,143.89427185058594,37.3214111328125,46.852046966552734,124.21617889404297,205.44085693359375,108.14879608154297,237.60008239746094,112.917724609375,313.1897277832031,161.14500427246094,63.7762565612793,84.96031951904297,54.13373947143555,72.4257583618164
2021-05-17,51.74626922607422,89.1655044555664,48.779090881347656,30.39046287536621,326.0218200683594,74.98632049560547,144.47329711914062,37.65620422363281,46.774993896484375,123.86027526855469,205.4053497314453,107.58660888671875,234.75637817382812,113.44010162353516,312.7138366699219,163.51950073242188,62.712154388427734,84.45742797851562,53.57669448852539,71.33216857910156
2021-05-18,50.281829833984375,86.48573303222656,47.93403625488281,29.51579475402832,321.8809509277344,74.03292083740234,142.4378662109375,37.14519119262695,46.51817321777344,123.30101013183594,205.6270294189453,108.16693878173828,232.74563598632812,112.12923431396484,307.26177978515625,161.61399841308594,63.05233383178711,84.49041748046875,53.34389877319336,71.58259582519531
2021-05-19,49.07533264160156,84.0584716796875,46.503299713134766,28.5607967376709,316.4243469238281,73.24976348876953,141.34994506835938,36.9777946472168,46.37264633178711,123.23318481445312,204.04888916015625,107.64102172851562,233.32147216796875,112.5767593383789,310.8601379394531,161.58999633789062,63.375038146972656,83.39399719238281,53.194236755371094,71.72453308105469
2021-05-20,48.95884704589844,84.35169982910156,46.34430694580078,28.355514526367188,317.6604919433594,73.60728454589844,141.10430908203125,36.88968276977539,46.78355026245117,124.75846862792969,205.84860229492188,108.75634765625,236.5460205078125,114.33367919921875,315.83648681640625,162.38400268554688,64.79676055908203,84.30904388427734,53.260746002197266,72.00835418701172
2021-05-21,49.0254020690918,84.80782318115234,46.56186294555664,28.51616859436035,323.3818664550781,75.19911193847656,142.70985412597656,37.35664367675781,46.75787353515625,124.64836883544922,205.01524353027344,108.54777526855469,235.288818359375,113.69830322265625,313.47723388671875,160.1540069580078,64.92757415771484,84.79544830322266,53.52680587768555,72.33391571044922
2021-05-24,49.59953689575195,86.01329803466797,46.93836975097656,28.29302978515625,325.1741638183594,76.34830474853516,143.48191833496094,37.55929183959961,46.911964416503906,125.28385925292969,205.6092987060547,109.2822494506836,240.6727294921875,117.014404296875,321.8040771484375,162.24949645996094,64.56996154785156,84.34202575683594,53.560062408447266,72.26712799072266
2021-05-25,48.47623825073242,84.60419464111328,45.91761016845703,27.88247299194336,321.8367004394531,75.64175415039062,141.99920654296875,37.01303482055664,46.903404235839844,125.66517639160156,205.8131561279297,109.35478210449219,241.57484436035156,117.1051025390625,324.9364929199219,162.95249938964844,63.994293212890625,83.51763916015625,53.27737808227539,71.73285675048828
2021-05-26,49.042049407958984,84.80782318115234,46.36941909790039,28.15915298461914,324.3883972167969,76.05886840820312,141.98165893554688,37.039466857910156,47.108848571777344,125.66517639160156,205.99937438964844,109.25504302978516,241.3541259765625,117.96944427490234,324.80767822265625,163.25799560546875,64.0815200805664,83.35277557373047,52.978065490722656,71.58259582519531
2021-05-27,48.725868225097656,83.90373229980469,46.46145248413086,27.971725463867188,327.8936462402344,76.86756134033203,144.1925811767578,37.488807678222656,47.50265121459961,124.14839935302734,208.2247314453125,109.3460922241211,239.26197814941406,117.095703125,329.8534240722656,161.5054931640625,63.67158889770508,82.44596099853516,52.92817687988281,71.41564178466797
2021-05-28,48.56776428222656,84.53903198242188,46.63715744018555,27.962797164916992,329.576904296875,77.42086791992188,144.0960693359375,37.34783172607422,47.33143615722656,125.36014556884766,208.50999450683594,109.2368392944336,239.61705017089844,116.80675506591797,325.8683776855469,161.15350341796875,63.86347961425781,82.61907958984375,53.14434051513672,71.79131317138672
2021-06-01,50.30679702758789,86.86856842041016,48.75398254394531,29.508575439453125,338.8081359863281,78.40831756591797,145.68406677246094,37.81478500366211,47.32286834716797,125.09745788574219,207.93052673339844,109.17310333251953,237.42897033691406,118.01255798339844,326.264892578125,160.9324951171875,63.236541748046875,82.503662109375,52.736961364746094,71.03999328613281
2021-06-02,50.7061882019043,88.03334045410156,49.356414794921875,31.775707244873047,339.6940002441406,78.96163177490234,145.69284057617188,37.83241271972656,47.511207580566406,125.59740447998047,208.41195678710938,108.57215881347656,237.33299255371094,117.48771667480469,326.2846984863281,161.69949340820312,63.75387954711914,82.998291015625,53.12773132324219,71.49913024902344
2021-06-03,50.90587615966797,87.63419342041016,49.75802230834961,32.72557067871094,344.37158203125,79.46388244628906,145.789306640625,38.26594924926758,47.63106155395508,126.04550170898438,207.2262420654297,108.09866333007812,235.80709838867188,116.34732818603516,323.2017822265625,159.35049438476562,63.455753326416016,83.81442260742188,53.59330749511719,71.75790405273438
2021-06-04,51.13054275512695,88.33470916748047,50.075958251953125,32.63595962524414,346.79022216796875,79.98311614990234,146.02626037597656,38.28364181518555,48.144691467285156,126.19064331054688,208.05535888671875,108.1441879272461,240.68231201171875,118.62659454345703,327.4742431640625,160.31100463867188,63.4294548034668,83.65779876708984,53.501869201660156,71.81633758544922
2021-06-07,50.79771041870117,87.76454162597656,50.04249954223633,32.107261657714844,343.8754577636719,79.34468841552734,145.34190368652344,38.15092849731445,47.97347640991211,126.11380004882812,206.54872131347656,107.73446655273438,243.58059692382812,119.05927276611328,333.6500244140625,159.90049743652344,63.543426513671875,83.97106170654297,53.76791763305664,71.51581573486328
2021-06-08,51.69634246826172,88.5627670288086,50.59471130371094,32.16999053955078,340.810302734375,78.98717498779297,144.76284790039062,37.93859100341797,47.639617919921875,124.93587493896484,207.3956298828125,108.40824890136719,242.39059448242188,118.86797332763672,330.7752990722656,163.20550537109375,63.254085540771484,82.9240951538086,52.74526596069336,69.26190948486328
2021-06-09,52.1290283203125,87.7889633178711,49.9337272644043,32.044532775878906,339.1092224121094,78.885009765625,142.9554901123047,37.443119049072266,47.494083404541016,124.7054443359375,206.35256958007812,107.01512145996094,243.3695068359375,119.33880615234375,327.3750915527344,164.0574951171875,63.52589797973633,83.5835952758789,52.90324020385742,70.49739074707031
2021-06-10,52.212223052978516,88.30210876464844,50.34370040893555,31.309730529785156,331.27777099609375,78.04228973388672,140.72703552246094,36.885719299316406,47.8621826171875,125.98576354980469,209.13404846191406,108.0895767211914,246.8723907470703,120.68634796142578,329.5658874511719,167.4824981689453,64.45533752441406,83.84739685058594,53.11109161376953,70.73114013671875
2021-06-11,51.72962951660156,87.89486694335938,50.17637252807617,31.264928817749023,334.91888427734375,78.35723876953125,140.63050842285156,37.03612518310547,48.076194763183594,126.06257629394531,211.2200927734375,108.94548034667969,247.49618530273438,120.4420166015625,328.3763427734375,167.3415069580078,64.43778991699219,84.02876281738281,53.08614730834961,70.75617980957031
2021-06-14,51.64641571044922,87.94374084472656,50.46084213256836,30.512203216552734,330.374267578125,77.2250747680664,138.24415588378906,36.593753814697266,47.912322998046875,126.81373596191406,211.26470947265625,107.49771881103516,249.41561889648438,121.36930084228516,333.83837890625,169.19349670410156,64.27995300292969,84.52337646484375,53.03627395629883,71.0650405883789
2021-06-15,53.52688980102539,89.841552734375,51.18040084838867,30.637657165527344,328.9390869140625,77.20807647705078,136.14727783203125,36.62029266357422,47.79157257080078,126.82228088378906,210.70306396484375,107.96209716796875,247.947265625,120.35231018066406,333.81854248046875,169.156494140625,64.38519287109375,85.09220123291016,53.476905822753906,71.1568832397461
2021-06-16,53.33551788330078,89.32839965820312,51.14692687988281,30.50324058532715,328.67327880859375,77.54854583740234,137.1035919189453,36.82378387451172,47.1533203125,125.5589828491211,210.0166015625,107.5705795288086,247.00672912597656,119.71098327636719,328.1978759765625,170.7624969482422,64.27120971679688,83.92984008789062,52.362815856933594,70.45565032958984
2021-06-17,51.579856872558594,87.21066284179688,49.37314224243164,29.096370697021484,320.2571105957031,74.83308410644531,133.14671325683594,35.21351623535156,47.39482116699219,126.77103424072266,208.50106811523438,106.38687896728516,250.38490295410156,120.67345428466797,333.58062744140625,174.46200561523438,65.39352416992188,84.4327163696289,52.670448303222656,70.4472885131836
2021-06-18,50.25687026977539,83.92001342773438,48.13483810424805,28.038969039916992,309.0325012207031,71.58130645751953,129.77769470214844,34.311065673828125,46.3770637512207,124.12499237060547,204.703369140625,104.38368225097656,248.97410583496094,119.05531311035156,326.7902526855469,174.34500122070312,64.253662109375,82.11619567871094,51.09074401855469,68.7443618774414
2021-06-21,52.0791015625,86.3798599243164,50.57798767089844,29.6788272857666,316.74884033203125,73.15613555908203,131.97982788085938,35.16926956176758,46.88594436645508,125.09809112548828,207.62742614746094,106.31401824951172,252.04515075683594,120.74185943603516,329.39739990234375,172.697998046875,65.17432403564453,83.51763916015625,51.96372604370117,69.44556427001953
2021-06-22,53.077571868896484,86.6649398803711,50.86245346069336,29.589218139648438,316.74005126953125,72.95181274414062,131.786865234375,35.36393737792969,47.058448791503906,125.28585815429688,208.50106811523438,106.9878158569336,254.80917358398438,121.25529479980469,336.0787048339844,175.27200317382812,64.9814224243164,82.76746368408203,51.614540100097656,69.50399780273438
2021-06-23,53.46864700317383,86.55905151367188,50.83734130859375,29.46376609802246,319.8583984375,73.0965347290039,132.58522033691406,35.56742477416992,46.6789436340332,123.63848876953125,207.93052673339844,106.47792053222656,254.57870483398438,121.05359649658203,337.6250915527344,175.1909942626953,64.3150405883789,81.80294036865234,51.10737228393555,68.9947738647461
2021-06-24,53.68498611450195,87.26768493652344,51.364471435546875,29.804290771484375,326.679931640625,74.1265640258789,133.8047332763672,36.12482833862305,46.91181945800781,124.33842468261719,208.01077270507812,106.52344512939453,255.94149780273438,121.4233169555664,340.19256591796875,172.45399475097656,63.90293502807617,81.6710433959961,50.69998550415039,69.16173553466797
2021-06-25,53.801483154296875,87.39799499511719,51.297523498535156,29.884933471679688,326.69769287109375,75.25020599365234,135.15582275390625,36.82378387451172,46.851444244384766,124.97003936767578,207.19955444335938,106.76018524169922,254.33880615234375,121.4317398071289,338.39837646484375,170.072998046875,64.76222229003906,82.2068862915039,51.157257080078125,70.76451873779297
2021-06-28,52.42856216430664,84.7019271850586,49.858428955078125,28.69312286376953,326.6444396972656,74.65432739257812,135.40150451660156,36.77070999145508,46.7996940612793,125.50775146484375,206.01380920410156,105.72218322753906,257.8896179199219,121.45899200439453,352.54412841796875,172.1945037841797,65.89331817626953,82.44596099853516,51.124000549316406,70.87305450439453
2021-06-29,52.10404968261719,84.51461029052734,49.406612396240234,28.567665100097656,330.10845947265625,77.15699005126953,135.2348175048828,36.17790603637695,46.45469284057617,125.4223861694336,205.37193298339844,105.22137451171875,260.4617004394531,121.19782257080078,348.82684326171875,172.40699768066406,64.95512390136719,80.88787078857422,50.267635345458984,70.06330871582031
2021-06-30,52.486812591552734,85.31282806396484,50.954498291015625,28.684160232543945,336.2300720214844,78.05078887939453,136.46310424804688,36.478729248046875,46.670318603515625,126.47227478027344,205.92471313476562,104.73878479003906,259.9819030761719,121.01642608642578,344.68316650390625,172.00799560546875,64.253662109375,81.38250732421875,50.30921173095703,70.61425018310547
2021-07-01,52.63657760620117,86.51017761230469,52.611141204833984,29.6340274810791,332.2080383300781,78.33171081542969,137.81422424316406,36.753013610839844,46.540931701660156,126.49789428710938,207.0657958984375,105.63113403320312,260.65362548828125,121.36830139160156,351.30499267578125,171.64849853515625,65.05157470703125,82.06673431396484,51.11568832397461,71.1735610961914
2021-07-02,52.56169891357422,86.39614868164062,52.502376556396484,29.38311767578125,331.4727783203125,78.34022521972656,137.68186950683594,36.40795135498047,46.73069381713867,127.10392761230469,208.2782440185547,106.48702239990234,266.4597473144531,124.15657043457031,351.61236572265625,175.5489959716797,65.13048553466797,82.03376770019531,51.157257080078125,71.12348175048828
2021-07-06,51.063968658447266,84.7019271850586,50.435733795166016,27.93143653869629,327.6632995605469,76.79094696044922,135.3699951171875,35.45240783691406,46.47194290161133,127.29175567626953,207.4936981201172,105.84964752197266,266.4693908691406,125.08088684082031,349.7090148925781,183.78700256347656,65.87577056884766,82.29759216308594,51.248714447021484,71.1568832397461
2021-07-07,50.26518249511719,83.83855438232422,49.37314224243164,27.492347717285156,325.7231750488281,76.6377182006836,135.52877807617188,35.16926956176758,46.851444244384766,127.85506439208984,209.16970825195312,107.27919006347656,268.64794921875,125.36237335205078,347.43890380859375,184.82899475097656,66.05115509033203,82.74274444580078,51.290283203125,71.47408294677734
2021-07-08,50.04051971435547,83.56974029541016,49.54049301147461,27.35793685913086,317.9891662597656,74.6032485961914,133.19039916992188,34.311065673828125,46.687564849853516,127.9148178100586,207.57394409179688,106.82391357421875,266.2391662597656,123.94493865966797,342.6410827636719,186.57049560546875,65.87577056884766,82.89934539794922,51.17388916015625,71.21530151367188
2021-07-09,50.947486877441406,84.76709747314453,50.310245513916016,27.94936180114746,329.3465576171875,76.8930892944336,137.45248413085938,35.425872802734375,46.97218704223633,127.59046173095703,210.10580444335938,107.97119140625,266.7381591796875,124.41526794433594,347.36956787109375,185.9669952392578,65.75302124023438,82.98180389404297,51.10737228393555,71.2820816040039
2021-07-12,50.89756774902344,84.93817138671875,50.03413391113281,27.976238250732422,337.0893859863281,78.95311737060547,139.42022705078125,35.9478759765625,46.989444732666016,127.61605072021484,210.04331970214844,107.32469940185547,266.1430969238281,125.85948181152344,350.0857238769531,185.92750549316406,65.84070587158203,83.69898986816406,51.38174057006836,71.29879760742188
2021-07-13,50.6562614440918,84.65308380126953,49.749656677246094,27.42962074279785,333.0851135253906,79.34468841552734,137.34652709960938,35.266605377197266,47.455196380615234,130.56088256835938,210.5426025390625,106.61449432373047,269.6556701660156,126.22225189208984,349.02496337890625,183.8679962158203,65.63905334472656,83.69898986816406,50.999290466308594,71.1568832397461
2021-07-14,49.53296661376953,83.0566177368164,48.2519645690918,26.479751586914062,331.68536376953125,78.70624542236328,136.87884521484375,34.3818473815918,48.52470397949219,131.90951538085938,211.39842224121094,106.64181518554688,271.1239013671875,127.10987854003906,344.6039123535156,184.08399963378906,66.37557220458984,84.66352844238281,51.45657730102539,71.94157409667969
2021-07-15,49.05037307739258,82.5108871459961,47.75833511352539,25.744951248168945,330.755126953125,78.8509750366211,137.17889404296875,34.35530471801758,48.679962158203125,132.51551818847656,211.175537109375,106.52344512939453,269.70361328125,125.88871765136719,341.4613952636719,181.55999755859375,67.35762786865234,85.68577575683594,52.105072021484375,72.7763442993164
2021-07-16,47.69411087036133,80.32797241210938,46.43635940551758,24.97430419921875,323.1806335449219,77.67623901367188,134.04638671875,33.550167083740234,48.64546585083008,133.00209045410156,209.2766876220703,105.48543548583984,269.434814453125,125.8540267944336,338.190185546875,178.68150329589844,68.32211303710938,86.36175537109375,52.47090148925781,73.03510284423828
2021-07-19,46.05492401123047,78.1613540649414,44.93031692504883,23.881065368652344,314.2506103515625,76.05886840820312,129.68727111816406,32.674251556396484,48.06757736206055,132.98495483398438,204.3824005126953,103.30015563964844,265.8455810546875,123.4830551147461,334.0168151855469,177.47950744628906,67.50666046142578,85.64453125,52.204856872558594,71.59929656982422
2021-07-20,46.56249237060547,78.6256332397461,45.57456970214844,24.409765243530273,323.1452331542969,78.58708953857422,132.1050567626953,33.34667205810547,48.15383529663086,133.00209045410156,208.84877014160156,105.76770782470703,268.06256103515625,125.10021209716797,338.6858215332031,178.6595001220703,67.66451263427734,85.5208740234375,52.33787155151367,71.57426452636719
2021-07-21,48.060211181640625,81.30538940429688,47.7081298828125,25.476125717163086,330.8879699707031,81.44727325439453,134.8846435546875,34.02793884277344,48.774837493896484,132.5070037841797,210.32861328125,106.32312774658203,270.05865478515625,126.42794036865234,343.216064453125,179.25999450683594,66.53339385986328,85.0427474975586,52.22978591918945,70.72279357910156
2021-07-22,47.51936340332031,80.49087524414062,47.41529083251953,25.072879791259766,330.18817138671875,81.35362243652344,133.1815643310547,33.58555221557617,48.705833435058594,132.46432495117188,212.7713165283203,109.50090789794922,274.6076354980469,127.2927474975586,348.1328125,181.90150451660156,66.74385070800781,84.84488677978516,52.362815856933594,70.85633087158203
2021-07-23,47.461116790771484,80.52347564697266,46.65650939941406,25.458202362060547,331.375244140625,80.48534393310547,132.9257354736328,33.35551452636719,49.171592712402344,134.16290283203125,216.59579467773438,111.8045425415039,277.99542236328125,131.8459014892578,366.5709533691406,182.83200073242188,67.69080352783203,86.12267303466797,53.09446334838867,71.77461242675781
2021-07-26,48.6593017578125,82.2258071899414,47.94643020629883,26.39910888671875,333.01422119140625,82.17933654785156,133.81692504882812,33.7359733581543,49.214717864990234,134.0690155029297,217.50514221191406,112.4054946899414,277.4003601074219,132.85694885253906,369.2176818847656,184.99099731445312,67.4365234375,86.21336364746094,52.98637771606445,73.19374084472656
2021-07-27,48.11846160888672,81.94886016845703,47.491172790527344,26.148197174072266,332.07513427734375,82.12825775146484,133.64044189453125,33.603248596191406,49.38721466064453,134.8115997314453,219.61795043945312,114.2538833618164,274.9915771484375,130.74069213867188,364.60809326171875,181.3195037841797,68.26951599121094,87.68075561523438,53.659828186035156,74.6212158203125
2021-07-28,48.442955017089844,82.41313171386719,47.81996154785156,26.273651123046875,331.5346984863281,81.77925109863281,133.8610382080078,33.7359733581543,48.938720703125,133.57391357421875,215.54383850097656,111.64064025878906,274.68438720703125,134.8978271484375,370.03057861328125,181.51600646972656,68.26074981689453,87.09544372558594,53.202552795410156,74.28730773925781
2021-07-29,49.03371810913086,83.54532623291016,48.12348937988281,26.560405731201172,334.47601318359375,82.55958557128906,135.0081787109375,34.22257614135742,49.20608901977539,133.84707641601562,217.54075622558594,118.65176391601562,274.9530944824219,134.58412170410156,355.2008056640625,179.99600219726562,68.53254699707031,87.12017059326172,53.59330749511719,74.41251373291016
2021-07-30,47.90211868286133,82.92626953125,47.26352310180664,25.834566116333008,332.1106872558594,82.30233764648438,133.93162536621094,33.93946075439453,49.188846588134766,133.96656799316406,216.37294006347656,119.6351318359375,273.4272155761719,133.54232788085938,353.1983642578125,166.37950134277344,68.30459594726562,86.65028381347656,53.1027717590332,73.56104278564453
2021-08-02,47.91044235229492,82.7796630859375,46.69022750854492,25.538848876953125,335.0430603027344,82.51670837402344,133.39334106445312,33.58555221557617,49.05947494506836,133.42884826660156,214.04615783691406,120.54568481445312,273.3408508300781,133.66921997070312,348.88623046875,166.57400512695312,69.10249328613281,87.54061126708984,53.27737808227539,73.74470520019531
2021-08-03,48.42631912231445,83.56974029541016,47.75252151489258,25.897287368774414,336.96539306640625,82.833984375,134.9110870361328,34.10756301879883,49.093963623046875,133.72760009765625,211.23794555664062,121.48353576660156,275.5480651855469,134.4379119873047,348.18243408203125,168.31199645996094,69.63735961914062,87.8868408203125,53.318939208984375,74.37078857421875
2021-08-04,47.29470443725586,81.69635772705078,46.31084060668945,24.759244918823242,334.7505798339844,82.56815338134766,133.4551544189453,33.85982894897461,48.38671112060547,131.4912109375,209.34800720214844,121.5746078491211,274.9627380371094,133.93785095214844,355.7955627441406,167.73599243164062,70.03193664550781,87.98577117919922,53.235809326171875,74.15374755859375
2021-08-05,47.59424591064453,82.45386505126953,47.17079162597656,25.01911163330078,340.455810546875,83.88868713378906,135.14053344726562,34.523406982421875,48.73170471191406,131.71315002441406,210.7654571533203,121.68384552001953,277.8514709472656,135.053955078125,359.810302734375,168.79949951171875,70.57554626464844,88.97502136230469,53.859378814697266,74.84661102294922
2021-08-06,48.143409729003906,83.04031372070312,47.63448715209961,25.4671573638916,352.49542236328125,85.51795959472656,138.97901916503906,35.5231819152832,48.85246276855469,131.73025512695312,210.62281799316406,122.0389633178711,277.7938232421875,134.54542541503906,360.3456726074219,167.2469940185547,70.6807861328125,88.17537689208984,53.7928581237793,74.57948303222656
2021-08-09,47.59424591064453,81.65562438964844,46.749244689941406,25.08184242248535,354.2584533691406,86.38399505615234,138.82901000976562,35.98326873779297,48.861083984375,131.74734497070312,209.21424865722656,121.283203125,276.70941162109375,135.70960998535156,358.4621276855469,167.093505859375,70.63692474365234,87.50762939453125,53.917579650878906,74.71415710449219
2021-08-10,48.40968322753906,83.14620971679688,47.61762237548828,25.4671573638916,361.4253845214844,87.49874877929688,140.53204345703125,36.65568923950195,48.990455627441406,131.81558227539062,208.11773681640625,121.14662170410156,274.8956298828125,135.6045684814453,357.9862976074219,166.03399658203125,70.61063385009766,88.12590026855469,54.21688461303711,74.70571899414062
2021-08-11,48.551124572753906,83.77337646484375,48.21621322631836,25.968976974487305,366.6700134277344,89.0765380859375,142.20863342285156,37.115760803222656,48.930091857910156,132.33627319335938,209.98985290527344,122.05715942382812,275.3849792480469,135.08120727539062,356.8265380859375,164.60549926757812,72.22399139404297,88.32376861572266,54.566078186035156,75.05928802490234
2021-08-12,48.441322326660156,83.60233306884766,48.08974838256836,25.583654403686523,367.6534118652344,89.75396728515625,142.7645263671875,37.29270553588867,49.024967193603516,132.36187744140625,210.9883270263672,121.42889404296875,278.1296691894531,135.98817443847656,359.4930725097656,165.1750030517578,72.77640533447266,87.93687438964844,54.64090347290039,74.87408447265625
2021-08-13,47.951412200927734,83.04845428466797,47.18764877319336,25.40443229675293,363.9148254394531,89.12799072265625,141.16732788085938,36.8326301574707,49.36134338378906,133.5995330810547,212.90501403808594,122.88574981689453,281.0472412109375,136.51698303222656,360.0184326171875,164.69850158691406,73.17095947265625,88.19479370117188,55.03563690185547,75.49699401855469
2021-08-16,47.25035095214844,82.20137023925781,46.20967483520508,24.893657684326172,361.7620544433594,88.93932342529297,140.2407989501953,36.53181457519531,49.57697677612305,134.90548706054688,214.82174682617188,123.03142547607422,282.7266540527344,137.09384155273438,363.36907958984375,164.94949340820312,73.60936737060547,89.7007827758789,55.74951171875,76.01046752929688
2021-08-17,46.92937469482422,82.04661560058594,45.96516799926758,24.364959716796875,358.76763916015625,88.21045684814453,138.54660034179688,36.35485076904297,49.404476165771484,134.7774658203125,214.2065887451172,122.84931945800781,281.2679443359375,135.46035766601562,355.3296203613281,162.09800720214844,73.61813354492188,89.61756134033203,55.808292388916016,76.21248626708984
2021-08-18,45.941123962402344,79.82600402832031,45.130516052246094,24.024438858032227,353.30157470703125,86.82990264892578,137.2847900390625,36.08943176269531,48.73170471191406,133.39468383789062,212.24533081054688,122.36673736572266,279.5468444824219,134.25851440429688,352.35577392578125,160.06100463867188,74.02149963378906,89.06845092773438,55.438777923583984,75.54749298095703
2021-08-19,44.538997650146484,77.8365478515625,44.211544036865234,23.69288444519043,348.6682434082031,85.51795959472656,136.1376495361328,35.55857467651367,49.042213439941406,135.63955688476562,211.4876251220703,121.97525024414062,285.3544006347656,134.4874725341797,352.0286560058594,159.3874969482422,74.13546752929688,88.9269790649414,55.74951171875,76.09463500976562
2021-08-20,44.54743957519531,77.84480285644531,44.489768981933594,23.71080207824707,350.7059020996094,86.31538391113281,136.52590942382812,35.717830657958984,48.85246276855469,135.1615753173828,212.61087036132812,122.43048858642578,292.6524353027344,136.22158813476562,356.2416687011719,159.99749755859375,75.6523666381836,89.2015609741211,56.53898239135742,76.66704559326172
2021-08-23,46.380348205566406,79.85078430175781,46.19281768798828,24.6337890625,355.6492614746094,87.60163879394531,138.2730712890625,36.19560623168945,48.679962158203125,134.7347869873047,213.65386962890625,122.83111572265625,292.9313049316406,138.81063842773438,360.18695068359375,163.2935028076172,74.00394439697266,88.05335235595703,55.99306869506836,75.85894775390625
2021-08-24,46.760440826416016,80.7670669555664,46.71552276611328,25.28794288635254,361.9481201171875,88.39911651611328,139.12901306152344,36.699913024902344,48.30908203125,133.06175231933594,212.55735778808594,121.5927963256836,290.97943115234375,140.01991271972656,362.3282165527344,165.28900146484375,73.77596282958984,87.48758697509766,55.203609466552734,75.10979461669922
2021-08-25,46.84491729736328,81.32014465332031,47.22981262207031,25.494047164916992,365.9878234863281,89.25659942626953,141.996826171875,37.29270553588867,48.36083221435547,132.47283935546875,212.91395568847656,122.41226959228516,290.3928527832031,140.83023071289062,365.18310546875,164.95899963378906,74.11793518066406,87.678955078125,55.32119369506836,75.1939697265625
2021-08-26,46.211421966552734,80.25525665283203,46.47945785522461,25.207284927368164,365.3588562011719,89.04222106933594,142.72923278808594,37.19539260864258,47.90370178222656,131.98629760742188,211.23794555664062,120.09087371826172,287.5851745605469,140.1973419189453,361.2080993652344,165.8000030517578,73.82283782958984,87.23796081542969,55.547950744628906,75.12663269042969
2021-08-27,47.10675811767578,81.427490234375,47.83682632446289,26.0585880279541,371.808349609375,90.42279815673828,143.8763427734375,37.59353256225586,47.99858474731445,132.25096130371094,211.71044921875,120.36508178710938,288.1909484863281,142.73831176757812,369.3861999511719,167.48150634765625,73.47051239013672,87.08820343017578,55.42197036743164,75.1603012084961
2021-08-30,46.591522216796875,81.22109985351562,47.38156509399414,25.341707229614258,366.4131164550781,89.25659942626953,141.57325744628906,36.85917282104492,48.45570373535156,133.1557159423828,210.9170379638672,119.44198608398438,291.912109375,143.3196563720703,377.3463439941406,171.07850646972656,73.9461669921875,87.18803405761719,55.22040557861328,75.43805694580078
2021-08-31,46.050941467285156,79.88378143310547,46.81668472290039,25.238204956054688,368.11334228515625,89.54817199707031,141.14093017578125,36.93880844116211,48.567840576171875,133.48854064941406,212.85317993164062,119.75273895263672,290.26788330078125,143.42572021484375,376.0774841308594,173.5395050048828,73.98139190673828,87.07988739013672,55.203609466552734,75.3959732055664
2021-09-01,45.41743469238281,79.0087661743164,46.07478332519531,25.184194564819336,368.2469482421875,89.44524383544922,140.93789672851562,36.443336486816406,48.89558410644531,134.78598022460938,213.47164916992188,120.22797393798828,290.2198181152344,143.9391632080078,378.7242126464844,173.9499969482422,75.1705093383789,88.29463958740234,55.8335075378418,76.17881774902344
2021-09-02,46.52394104003906,80.6597671508789,47.71879959106445,25.751243591308594,368.9946594238281,89.89115905761719,141.59092712402344,36.47891616821289,48.96459197998047,134.8848419189453,215.013427734375,119.9720687866211,289.56597900390625,142.02760314941406,372.0132141113281,173.156005859375,76.1746826171875,88.73561096191406,56.14425277709961,76.54077911376953
2021-09-03,46.34656524658203,80.47814178466797,47.41529083251953,25.283203125,366.1549377441406,89.3938217163086,140.73500061035156,36.505584716796875,48.930091857910156,135.00514221191406,214.07223510742188,119.6522216796875,289.55633544921875,142.47613525390625,372.9846496582031,173.90249633789062,75.47882843017578,87.92855072021484,55.65713119506836,76.1030502319336
2021-09-07,46.07626724243164,80.12318420410156,47.19608688354492,25.049179077148438,365.2735900878906,89.33378601074219,140.48789978027344,36.745689392089844,48.01582336425781,132.80502319335938,211.7147979736328,117.74209594726562,288.63330078125,143.0124053955078,378.85308837890625,175.46449279785156,74.8974609375,85.86512756347656,55.58994674682617,74.8404312133789
2021-09-08,45.65393829345703,79.57010650634766,46.60592269897461,23.99609375,360.53765869140625,88.8106918334961,139.86141967773438,36.265480041503906,48.66271209716797,134.68716430664062,213.89297485351562,118.98503112792969,288.662109375,142.42807006835938,374.2831726074219,176.27499389648438,76.13945007324219,87.63733673095703,56.530582427978516,76.33033752441406
2021-09-09,45.68772888183594,79.2481689453125,46.85885238647461,23.960086822509766,360.1637268066406,89.04222106933594,140.4702606201172,36.39887237548828,48.179710388183594,133.83631896972656,213.88404846191406,118.12590789794922,285.81591796875,142.2793731689453,374.70941162109375,174.20799255371094,75.61094665527344,87.04660034179688,56.4213981628418,76.09463500976562
2021-09-10,45.59482955932617,79.30593872070312,46.98530197143555,24.104103088378906,359.1845703125,88.85359191894531,138.85545349121094,35.81193542480469,47.96408462524414,133.60427856445312,214.39492797851562,118.7108383178711,284.335205078125,139.63780212402344,375.3934631347656,173.45750427246094,74.80939483642578,85.86512756347656,55.60673522949219,74.77310180664062
2021-09-13,46.76888656616211,80.87437438964844,48.5534553527832,25.301204681396484,364.3299560546875,89.52243041992188,141.06150817871094,36.407772064208984,48.36083221435547,133.8621063232422,216.214599609375,117.94314575195312,285.56597900390625,141.08151245117188,373.2324523925781,172.85850524902344,74.50109100341797,85.47409057617188,55.707523345947266,74.34378814697266
2021-09-14,46.10161590576172,79.41324615478516,48.005455017089844,24.905170440673828,359.3714294433594,87.38726806640625,138.5995635986328,35.429542541503906,48.39559555053711,133.337890625,216.1428985595703,117.88831329345703,288.2582702636719,141.2916259765625,373.2522888183594,172.5,74.55393981933594,84.54219818115234,55.40518569946289,73.93133544921875
2021-09-15,47.655784606933594,81.0972671508789,50.011993408203125,26.31829261779785,357.8225402832031,88.35623931884766,139.56138610839844,35.696327209472656,48.560699462890625,134.08558654785156,216.00840759277344,117.43133544921875,293.0948486328125,143.1600799560547,370.6650390625,173.7895050048828,74.52752685546875,84.89165496826172,55.438777923583984,73.51044464111328
2021-09-16,47.14899444580078,80.33781433105469,49.936119079589844,25.97626495361328,353.1310119628906,87.86746215820312,139.49964904785156,35.972015380859375,48.100128173828125,133.6902313232422,218.0073699951172,116.92865753173828,293.4794006347656,142.34779357910156,369.8125,174.41200256347656,73.99019622802734,84.37578582763672,54.9096565246582,72.37406921386719
2021-09-17,46.591522216796875,79.87552642822266,49.67475509643555,25.481218338012695,348.484130859375,87.25006866455078,139.1378173828125,36.0164909362793,47.30931854248047,132.4613037109375,217.3619384765625,116.1518325805664,288.3352355957031,139.56246948242188,361.5450744628906,173.12600708007812,71.91144561767578,82.9280776977539,53.86824035644531,70.79157257080078
2021-09-20,45.3498649597168,78.24103546142578,48.115047454833984,24.527137756347656,336.61749267578125,84.57469177246094,134.972900390625,34.780357360839844,46.979087829589844,132.01437377929688,214.31422424316406,114.78093719482422,282.97943115234375,137.50027465820312,352.6036071777344,167.7864990234375,71.95547485351562,82.90310668945312,53.71706008911133,70.11817932128906
2021-09-21,45.30763244628906,78.29882049560547,50.020442962646484,24.239110946655273,334.5790100097656,84.2917251586914,134.9905242919922,34.79814147949219,46.970401763916016,131.95423889160156,215.57815551757812,114.1046142578125,283.4602355957031,137.8109893798828,354.36810302734375,167.18150329589844,72.1580581665039,82.30406188964844,53.59109115600586,69.85723876953125
2021-09-22,46.633750915527344,80.60196685791016,52.49067687988281,24.4371280670166,343.1517639160156,86.43546295166016,137.5759735107422,35.696327209472656,47.03992462158203,132.35813903808594,217.93563842773438,114.74436950683594,287.0948181152344,139.05050659179688,340.2222900390625,169.00250244140625,72.14046478271484,81.98788452148438,53.42312240600586,69.62994384765625
2021-09-23,48.213260650634766,82.59969329833984,53.71315383911133,25.9942626953125,348.8402099609375,88.79354858398438,142.22630310058594,37.07474136352539,46.96171951293945,132.4613037109375,219.41464233398438,114.22343444824219,288.0370788574219,139.97483825683594,342.9483337402344,170.8000030517578,71.58551788330078,81.87140655517578,53.24675750732422,69.28484344482422
2021-09-24,48.64405059814453,83.04545593261719,54.81760787963867,26.111276626586914,347.9411926269531,88.2447738647461,143.8675079345703,37.474910736083984,46.83137130737305,132.5214080810547,220.8847198486328,114.7169418334961,287.83514404296875,140.9650421142578,349.8874206542969,171.2760009765625,71.08345031738281,81.92131042480469,53.04519271850586,69.06597137451172
2021-09-27,50.088417053222656,85.00190734863281,56.24241256713867,27.173368453979492,355.9173889160156,90.12267303466797,147.34422302246094,38.47093963623047,46.58803939819336,131.24951171875,222.3995819091797,114.76266479492188,282.8544006347656,139.8320770263672,350.5020446777344,170.2899932861328,69.37462615966797,81.23072814941406,52.440494537353516,68.48517608642578
2021-09-28,50.61211395263672,85.32384490966797,57.16139602661133,27.821422576904297,346.7393493652344,87.49874877929688,146.55003356933594,38.38200378417969,45.745094299316406,129.81427001953125,218.50933837890625,111.99343872070312,272.6141357421875,134.63612365722656,337.6846008300781,165.79800415039062,68.06218719482422,80.7481689453125,52.020565032958984,68.4178237915039
2021-09-29,50.57830810546875,85.299072265625,57.36371994018555,27.29937744140625,342.6354675292969,85.36357879638672,146.43536376953125,38.301971435546875,46.0231819152832,130.88856506347656,218.96644592285156,112.45040893554688,273.07562255859375,133.17263793945312,336.65362548828125,165.05599975585938,69.01348876953125,81.82147216796875,52.60845947265625,69.16699981689453
2021-09-30,49.68297576904297,83.74712371826172,57.13608932495117,26.678325653076172,336.5285339355469,83.44278717041016,144.44110107421875,37.750606536865234,45.59735107421875,129.26426696777344,216.12490844726562,111.7832260131836,271.07562255859375,132.5010528564453,336.4355773925781,164.2519989013672,69.16323852539062,81.19746398925781,52.0457649230957,68.33365631103516
2021-10-01,51.46521759033203,86.12457275390625,59.10049819946289,27.32638168334961,338.2822570800781,84.93485260009766,147.47657775878906,38.31085968017578,46.075321197509766,129.72833251953125,217.75633239746094,112.99876403808594,277.9794616699219,135.34288024902344,340.0240478515625,164.16299438476562,69.77101135253906,81.92131042480469,51.860992431640625,68.50199127197266
2021-10-04,52.132484436035156,86.44654083251953,60.27239227294922,27.79442596435547,333.0744323730469,83.30558776855469,147.3177490234375,38.54207992553711,46.04924392700195,129.08377075195312,217.8908233642578,112.45040893554688,272.2198791503906,132.4847412109375,323.39013671875,159.48899841308594,69.90312194824219,83.83499145507812,52.432090759277344,69.89933013916016
2021-10-05,52.04802322387695,87.38760375976562,60.4747314453125,27.533397674560547,343.4543762207031,85.0634536743164,149.72349548339844,39.32466125488281,46.1274528503418,129.8486785888672,219.80906677246094,112.96219635009766,277.6524963378906,134.82745361328125,330.0615234375,161.0500030517578,70.00883483886719,83.3440933227539,52.12134552001953,69.88248443603516
2021-10-06,51.09355926513672,86.61988830566406,60.54216766357422,26.948348999023438,345.448486328125,84.97771453857422,150.0430450439453,39.34244155883789,46.6749382019043,133.17462158203125,221.49424743652344,113.01704406738281,281.8352966308594,136.3559112548828,330.7356262207031,163.10049438476562,71.50624084472656,84.74188995361328,52.68404769897461,71.17878723144531
2021-10-07,51.237144470214844,87.23900604248047,60.289249420166016,27.92043113708496,347.736328125,84.720458984375,150.99290466308594,39.23573303222656,46.82267379760742,134.4035186767578,222.58782958984375,114.44278717041016,283.5082702636719,138.00132751464844,326.3541259765625,165.1215057373047,71.2772445678711,84.00138854980469,52.63365173339844,70.82525634765625
2021-10-08,52.52103805541992,89.1954574584961,63.16416549682617,28.496479034423828,349.6858825683594,85.78374481201172,151.10829162597656,39.43136215209961,47.03123474121094,134.09417724609375,222.0320281982422,112.77029418945312,283.5082702636719,138.55686950683594,327.1768493652344,164.43099975585938,70.65184020996094,83.64362335205078,52.54127502441406,70.3538818359375
2021-10-11,51.997352600097656,88.43597412109375,62.36323165893555,29.216543197631836,342.947021484375,83.42564392089844,147.93026733398438,38.93336486816406,47.1268310546875,134.27467346191406,221.02810668945312,111.49990844726562,282.91217041015625,137.6930389404297,322.6169738769531,162.31500244140625,68.55545043945312,82.96134948730469,52.003761291503906,69.45320892333984
2021-10-12,51.727054595947266,88.4524917602539,61.89113998413086,29.594575881958008,344.0953369140625,83.84581756591797,146.7940216064453,38.71993637084961,47.1268310546875,134.86761474609375,219.18157958984375,111.82892608642578,281.6140441894531,135.24972534179688,320.9515380859375,162.3665008544922,69.47151184082031,83.0528793334961,52.15493392944336,69.48687744140625
2021-10-13,51.583465576171875,88.98081970214844,61.739376068115234,29.486570358276367,343.8995361328125,84.52322387695312,142.9235076904297,38.364219665527344,47.13551330566406,135.7786102294922,217.50537109375,112.88907623291016,284.9121398925781,136.3727569580078,321.71484375,164.21400451660156,70.63422393798828,83.78506469726562,52.49927520751953,70.25286102294922
2021-10-14,52.36900329589844,89.82284545898438,62.26206588745117,30.17062759399414,348.2526550292969,86.61552429199219,145.11618041992188,40.0805549621582,47.45705032348633,136.87008666992188,219.20849609375,114.28739166259766,291.1044006347656,139.91038513183594,325.67010498046875,164.9929962158203,71.75287628173828,84.57549285888672,53.129173278808594,70.74950408935547
2021-10-15,52.867347717285156,90.48324584960938,62.50657653808594,30.6026668548584,361.49017333984375,87.5844955444336,147.90362548828125,41.23664093017578,47.34408187866211,136.4833221435547,217.1468048095703,114.43363189697266,292.50823974609375,140.12547302246094,321.9329528808594,170.4510040283203,71.93785858154297,83.49384307861328,53.01998519897461,70.27810668945312
2021-10-18,52.84200668334961,90.44194030761719,62.81006622314453,30.746675491333008,368.2736511230469,86.9585189819336,147.85037231445312,41.15660858154297,46.87480926513672,135.86456298828125,217.1558074951172,115.56690979003906,295.4697265625,141.5230712890625,332.4208068847656,172.33700561523438,71.33887481689453,83.08614349365234,52.448883056640625,69.85723876953125
2021-10-19,53.635990142822266,92.2085189819336,63.50142288208008,31.088712692260742,366.9115905761719,87.25006866455078,149.64358520507812,41.3344612121582,47.057308197021484,137.59201049804688,217.61294555664062,114.8906021118164,296.3736267089844,141.97805786132812,337.0303039550781,172.20750427246094,72.25496673583984,84.14283752441406,52.8856201171875,70.53907775878906
2021-10-20,53.93162536621094,93.41376495361328,64.091552734375,31.268726348876953,363.1104431152344,86.31538391113281,151.65872192382812,41.87693786621094,47.47443771362305,138.63186645507812,214.87901306152344,115.04597473144531,295.5851135253906,140.52294921875,337.8134460449219,170.7530059814453,73.91974639892578,85.05805206298828,53.50709915161133,71.4649887084961
2021-10-21,52.951812744140625,92.2415542602539,62.88597106933594,30.8726863861084,362.84326171875,85.98954772949219,150.4691619873047,41.645721435546875,47.231101989746094,136.80130004882812,216.38490295410156,115.8685073852539,298.8063049316406,140.638916015625,338.9039001464844,171.75050354003906,73.82283782958984,85.69871520996094,53.88504409790039,71.71751403808594
2021-10-22,53.31502151489258,93.11658477783203,63.838645935058594,30.521657943725586,368.8345031738281,87.29296112060547,152.49317932128906,42.303794860839844,47.318023681640625,137.48025512695312,213.7316436767578,115.67658233642578,297.2678527832031,136.35739135742188,321.7842102050781,166.77749633789062,74.36017608642578,86.34770202636719,52.868812561035156,72.03738403320312
2021-10-25,54.35395431518555,93.98336029052734,64.51312255859375,30.926694869995117,369.2172546386719,87.38726806640625,151.7474822998047,42.25043487548828,47.1268310546875,136.83566284179688,212.7456512451172,115.10084533691406,296.2774353027344,136.23895263671875,325.8287658691406,166.01849365234375,74.24565887451172,85.56559753417969,52.751243591308594,71.2713623046875
2021-10-26,55.61250305175781,94.18975067138672,64.9430923461914,30.836681365966797,371.7633361816406,88.72496032714844,152.15582275390625,42.6506233215332,47.33539962768555,138.51153564453125,211.9209442138672,115.32015991210938,298.1813049316406,138.08407592773438,313.06085205078125,168.80349731445312,75.2850341796875,85.94001770019531,53.145965576171875,71.06095123291016
2021-10-27,54.16813659667969,92.51396179199219,63.1280403137207,29.288549423217773,365.8700256347656,87.35297393798828,148.98667907714844,41.83247375488281,48.24786376953125,138.03028869628906,217.5771026611328,114.96372985839844,310.7388916015625,144.93234252929688,309.50201416015625,169.62449645996094,74.87985229492188,85.4990234375,52.60845947265625,70.9599380493164
2021-10-28,54.32016372680664,93.3807373046875,63.73870086669922,29.972614288330078,369.2796325683594,88.50132751464844,151.23260498046875,42.49055480957031,48.699745178222656,138.8982696533203,220.06005859375,115.04597473144531,311.8736267089844,144.5670928955078,314.1611328125,172.32850646972656,76.12181854248047,85.2743911743164,52.69245147705078,71.30506134033203
2021-10-29,54.455318450927734,94.51168060302734,63.17894744873047,29.036529541015625,367.9710388183594,88.74308013916016,150.81536865234375,42.49055480957031,48.98652267456055,138.881103515625,220.1048583984375,114.18685913085938,318.8639221191406,146.7447967529297,320.7532958984375,168.6215057373047,75.1617202758789,84.87500762939453,52.3397102355957,71.30506134033203
2021-11-01,55.43511962890625,94.54469299316406,63.26375961303711,29.972614288330078,370.9532470703125,89.7964859008789,150.7354736328125,42.55279541015625,48.812713623046875,138.5889129638672,224.61361694335938,115.64002227783203,316.7004699707031,142.2357635498047,327.1075134277344,165.90550231933594,75.3907470703125,85.12461853027344,52.474090576171875,71.65858459472656
2021-11-02,54.750946044921875,93.96685028076172,61.94062423706055,29.88260841369629,377.31829833984375,90.36631774902344,151.33026123046875,42.57948303222656,48.751888275146484,139.86082458496094,223.41249084472656,113.71162414550781,320.3158874511719,144.15426635742188,325.2240295410156,165.6374969482422,75.24099731445312,85.24109649658203,52.48248291015625,71.80169677734375
2021-11-03,53.99919891357422,93.28992462158203,61.694671630859375,29.68457794189453,372.0214538574219,88.59630584716797,151.38352966308594,43.01523208618164,48.9170036315918,141.20152282714844,224.45225524902344,113.37347412109375,321.15240478515625,145.3094940185547,328.7332458496094,169.1999969482422,75.08242797851562,85.31600189208984,52.53287887573242,71.490234375
2021-11-04,54.40463638305664,93.70270538330078,62.178104400634766,29.83759880065918,363.2706298828125,86.16143798828125,149.3949737548828,42.090362548828125,49.1864013671875,141.21011352539062,227.19515991210938,114.60729217529297,323.4984436035156,146.96434020996094,332.9263916015625,173.85000610351562,74.65963745117188,84.05130767822266,52.49087905883789,70.61481475830078
2021-11-05,54.91987609863281,94.71805572509766,63.99315643310547,30.16162109375,362.3892517089844,86.23051452636719,149.18197631835938,41.77021789550781,49.39496612548828,142.66249084472656,228.31568908691406,115.77711486816406,323.1330871582031,147.543701171875,338.1604919433594,175.94949340820312,75.33787536621094,84.6004409790039,52.994789123535156,71.58282470703125
2021-11-08,55.51114273071289,95.05651092529297,64.4002914428711,30.8726863861084,363.5109558105469,86.4031982421875,150.07858276367188,42.09925079345703,48.9517707824707,139.5944061279297,226.87252807617188,115.35669708251953,324.02728271484375,147.72113037109375,335.6722412109375,174.44900512695312,74.50989532470703,84.38411712646484,52.59165954589844,70.62323760986328
2021-11-09,56.051734924316406,95.75818634033203,64.24761962890625,30.728673934936523,360.8492736816406,86.09236907958984,148.94232177734375,41.69019317626953,49.09081268310547,140.5225830078125,226.46914672851562,115.32929992675781,323.02734375,147.60960388183594,332.4505920410156,178.81149291992188,74.81818389892578,84.83341217041016,53.20476150512695,70.55526733398438
2021-11-10,54.94747543334961,94.23099517822266,61.91519546508789,29.459564208984375,355.30322265625,84.41731262207031,148.80023193359375,42.00144577026367,49.290672302246094,140.97804260253906,226.89938354492188,114.97286987304688,318.075439453125,144.61119079589844,324.7878723144531,174.1024932861328,75.04721069335938,85.37532043457031,53.63308334350586,71.52387237548828
2021-11-11,55.05018615722656,94.23927307128906,61.1857795715332,29.50457191467285,358.1697082519531,85.37572479248047,148.79136657714844,42.2326545715332,49.308067321777344,139.81785583496094,224.2371826171875,113.71162414550781,319.64276123046875,144.48533630371094,324.8869934082031,173.625,75.19696044921875,84.22431945800781,52.95280075073242,70.18990325927734
2021-11-12,54.6307373046875,94.29705810546875,61.37236022949219,29.486570358276367,360.45751953125,86.2132339477539,148.12557983398438,41.71686935424805,49.19508361816406,139.78347778320312,224.6942901611328,114.44278717041016,323.7677307128906,147.3712158203125,337.9224853515625,176.25750732421875,76.02493286132812,83.91345977783203,52.528438568115234,69.68861389160156
2021-11-15,55.10155487060547,96.43511199951172,61.677703857421875,29.45056915283203,360.3685607910156,86.52408599853516,147.85923767089844,41.841365814208984,49.20378494262695,140.7718505859375,226.7290802001953,115.69486999511719,323.1427307128906,147.14718627929688,344.53448486328125,177.28399658203125,76.93219757080078,84.51835632324219,52.79153823852539,70.41930389404297
2021-11-16,55.657958984375,96.8148422241211,61.60984420776367,29.60358238220215,358.8373718261719,86.93854522705078,146.7940216064453,41.868038177490234,48.856170654296875,140.35069274902344,226.2987823486328,116.13355255126953,326.4504089355469,146.57630920410156,339.9745178222656,177.03500366210938,76.61510467529297,83.2413558959961,52.62179183959961,70.14741516113281
2021-11-17,55.05018615722656,96.38060760498047,61.041587829589844,28.85651397705078,348.5643005371094,84.33960723876953,146.00390625,41.36112976074219,48.58677291870117,140.40225219726562,226.50497436523438,116.57225799560547,326.6719970703125,146.7457733154297,337.80352783203125,177.4499969482422,77.31976318359375,83.16573333740234,52.76607131958008,70.72518920898438
2021-11-18,54.45098114013672,95.57061004638672,61.677703857421875,28.67650032043457,348.4040832519531,84.33960723876953,144.7433319091797,41.19218063354492,48.15226745605469,140.44522094726562,227.21311950683594,116.07869720458984,328.7430419921875,148.5215301513672,335.74169921875,184.80299377441406,77.16120147705078,82.64484405517578,52.30775451660156,70.36833953857422
2021-11-19,51.934303283691406,93.44961547851562,59.03993606567383,27.0473575592041,344.8609619140625,83.6747817993164,142.8524627685547,40.3740348815918,47.90894317626953,140.7803955078125,225.84165954589844,116.03302001953125,330.5154724121094,147.6175537109375,342.2940979003906,183.82850646972656,77.7865982055664,82.68684387207031,53.19044494628906,70.84414672851562
2021-11-22,52.653350830078125,95.11968994140625,60.97372055053711,27.308378219604492,352.6681213378906,85.75562286376953,145.89739990234375,41.15660858154297,48.20441436767578,141.0725555419922,227.21311950683594,115.5851821899414,327.35589599609375,145.01611328125,338.04150390625,178.6284942626953,76.9498062133789,84.22431945800781,53.572383880615234,71.62580871582031
2021-11-23,54.04008865356445,97.1154556274414,62.57674026489258,28.064449310302734,361.7306213378906,87.94873809814453,149.38612365722656,42.241546630859375,48.560699462890625,142.01795959472656,229.15823364257812,115.69486999511719,325.2847595214844,144.50070190429688,334.314208984375,179.0019989013672,76.90576934814453,84.63597869873047,53.4790153503418,71.63430786132812
2021-11-24,54.339698791503906,97.85863494873047,63.46731185913086,28.27146339416504,355.365478515625,87.30979919433594,148.21435546875,42.357154846191406,48.169647216796875,140.72023010253906,230.46693420410156,116.41973114013672,325.50628662109375,144.835693359375,338.0910339355469,179.02049255371094,77.15792083740234,84.1655044555664,53.55540084838867,71.21798706054688
2021-11-26,52.430789947509766,95.62071990966797,60.62600326538086,26.732330322265625,346.641357421875,84.55545806884766,143.7490997314453,40.69417190551758,46.692317962646484,138.4857177734375,224.10269165039062,113.9606704711914,317.57843017578125,140.93328857421875,330.22015380859375,175.22799682617188,76.16703033447266,83.40937805175781,52.65574645996094,70.1389389038086
2021-11-29,52.721832275390625,95.90463256835938,61.19425964355469,26.68732261657715,344.104248046875,83.95106506347656,143.127685546875,40.54298400878906,47.43098068237305,141.0640411376953,224.36265563964844,114.92411804199219,324.2733459472656,144.25137329101562,335.08740234375,178.07850646972656,78.4407958984375,84.19910430908203,53.31775665283203,70.78466796875
2021-11-30,51.22381591796875,94.25126647949219,59.48098373413086,25.923538208007812,339.16357421875,81.87020111083984,140.99716186523438,39.54698181152344,45.93343734741211,137.31695556640625,220.46884155273438,112.7127914428711,318.455078125,140.6503448486328,321.6355285644531,175.35350036621094,76.77748107910156,81.50224304199219,51.8579216003418,68.86445617675781
2021-12-01,51.18101119995117,93.60826110839844,58.69221115112305,25.652366638183594,336.9173278808594,82.25012969970703,140.16265869140625,38.98672103881836,45.80208206176758,137.64352416992188,220.0902862548828,113.06146240234375,317.9637451171875,139.81178283691406,307.8962097167969,172.18600463867188,77.7153091430664,81.17459106445312,51.891876220703125,68.21021270751953
2021-12-02,52.45646667480469,96.14680480957031,60.439388275146484,26.50202751159668,346.8151550292969,85.35846710205078,143.1099395751953,40.11262893676758,46.476417541503906,138.97164916992188,224.25445556640625,116.09858703613281,317.39544677734375,141.7094268798828,307.68804931640625,171.8679962158203,78.40541076660156,82.03994750976562,52.630279541015625,69.08535766601562
2021-12-03,52.12261962890625,95.53721618652344,60.312171936035156,26.429718017578125,342.51055908203125,84.7972183227539,140.51780700683594,39.20118713378906,46.88801574707031,142.5104217529297,224.7322235107422,114.53875732421875,311.1533508300781,140.75341796875,304.1689147949219,169.489501953125,77.88341522216797,83.91345977783203,53.32624435424805,69.96050262451172
2021-12-06,52.71327209472656,97.03192901611328,61.75401306152344,27.125707626342773,348.3901672363281,85.71245574951172,142.17782592773438,39.45138168334961,48.087806701660156,143.98992919921875,230.5548553466797,118.24566650390625,314.2165832519531,141.89675903320312,315.1029357910156,171.36849975585938,78.87430572509766,85.03085327148438,54.87944030761719,70.9375991821289
2021-12-07,53.303924560546875,98.46821594238281,63.24677658081055,27.80362319946289,358.0641784667969,88.50132751464844,144.31724548339844,39.951786041259766,48.35052490234375,143.82554626464844,234.26840209960938,120.475341796875,322.6261291503906,145.97508239746094,319.9999084472656,176.1645050048828,79.98908233642578,84.99723052978516,54.718177795410156,71.2944564819336
2021-12-08,53.45800018310547,98.9107894897461,62.856624603271484,28.074792861938477,355.5673828125,87.42204284667969,142.6660614013672,39.4603157043457,48.166622161865234,144.07643127441406,233.970947265625,120.87908935546875,322.67431640625,146.88401794433594,327.682373046875,176.1580047607422,79.90945434570312,84.72840118408203,54.95582580566406,71.38792419433594
2021-12-09,53.5949592590332,98.65193939208984,61.533531188964844,27.67708396911621,354.82452392578125,86.84356689453125,142.4441680908203,39.75520324707031,48.044002532958984,143.89474487304688,236.45872497558594,122.14532470703125,320.8729553222656,146.34085083007812,326.9488525390625,174.17100524902344,79.54671478271484,84.24951171875,54.80304718017578,70.96308135986328
2021-12-10,53.9373779296875,98.81892395019531,62.33077621459961,28.011520385742188,349.9651794433594,84.98719787597656,141.8759765625,39.782005310058594,49.2875862121582,146.19625854492188,238.8292236328125,122.83348083496094,329.9664306640625,146.70066833496094,326.8794860839844,172.21200561523438,79.87406158447266,85.28289031982422,55.235904693603516,71.3624267578125
2021-12-13,52.756072998046875,96.76473999023438,60.235836029052734,26.963010787963867,344.2198181152344,83.89927673339844,140.18931579589844,38.942047119140625,50.583709716796875,146.92303466796875,237.13470458984375,121.24610137939453,326.9416809082031,144.54478454589844,331.5782165527344,169.5675048828125,81.16578674316406,86.56829833984375,56.16952133178711,72.20359802246094
2021-12-14,52.67902755737305,97.04862976074219,59.94746017456055,26.818389892578125,347.9605712890625,85.32392120361328,141.26345825195312,39.43350601196289,50.61872863769531,146.5596466064453,236.6209259033203,121.10847473144531,316.2876281738281,142.6421661376953,330.83477783203125,169.0915069580078,79.65287780761719,86.34146118164062,55.991294860839844,72.3310317993164
2021-12-15,52.44791030883789,96.49751281738281,59.9729118347168,26.492990493774414,348.93603515625,85.85060119628906,140.2070770263672,39.26373291015625,50.846431732177734,148.4458465576172,238.42361450195312,121.50301361083984,322.3659973144531,145.1538848876953,338.6858215332031,173.31500244140625,81.39581298828125,87.22361755371094,56.65330123901367,74.11531066894531
2021-12-16,52.533512115478516,97.39938354492188,60.812583923339844,26.84550666809082,355.6121520996094,86.6017837524414,142.39974975585938,40.21092224121094,51.363136291503906,148.66212463378906,239.3519744873047,122.57655334472656,312.9739685058594,143.1754150390625,331.9846496582031,168.87100219726562,81.59931945800781,87.82850646972656,57.33229064941406,74.76956176757812
2021-12-17,51.38645935058594,94.8608169555664,58.191802978515625,26.1856689453125,341.6782531738281,83.86471557617188,139.15956115722656,39.210113525390625,50.55744552612305,145.61656188964844,235.88180541992188,121.05338287353516,311.9143371582031,140.4793243408203,330.88427734375,170.0175018310547,80.45800018310547,86.56829833984375,56.72969055175781,73.52906036376953
2021-12-20,50.6417236328125,94.90257263183594,58.18329620361328,25.733722686767578,332.55908203125,82.34510040283203,136.65618896484375,38.566741943359375,50.39104461669922,146.58558654785156,235.9088592529297,120.72309875488281,308.1671142578125,140.36236572265625,322.6169738769531,167.07899475097656,79.57323455810547,87.09759521484375,56.96733474731445,74.11531066894531
2021-12-21,51.788780212402344,96.42237091064453,59.94746017456055,26.61953353881836,340.35382080078125,84.41731262207031,138.56475830078125,39.487125396728516,50.59246063232422,146.1529541015625,238.30641174316406,122.37469482421875,315.2762451171875,142.21148681640625,331.2907409667969,170.41700744628906,80.02445220947266,86.55149841308594,56.347747802734375,73.70746612548828
2021-12-22,52.20823287963867,96.97347259521484,60.28673553466797,26.66472816467285,342.1526184082031,84.87493133544922,139.10629272460938,39.56754684448242,50.95153045654297,147.0614776611328,238.8021697998047,123.53080749511719,320.96929931640625,145.12811279296875,327.5733947753906,171.03700256347656,80.33412170410156,86.66912841796875,56.56843185424805,73.59700775146484
2021-12-23,52.23390579223633,97.20730590820312,60.38003921508789,26.727996826171875,344.57781982421875,85.77288818359375,139.60342407226562,39.69264602661133,50.9865608215332,146.8970489501953,239.71250915527344,124.18228149414062,322.40460205078125,145.62522888183594,332.3216552734375,171.06849670410156,80.24564361572266,86.50950622558594,56.475059509277344,73.51204681396484
2021-12-27,52.9786376953125,99.1947021484375,62.09330749511719,26.9720516204834,347.26251220703125,86.68814086914062,140.40235900878906,39.88923645019531,51.363136291503906,148.35926818847656,241.77659606933594,126.63214874267578,329.8797607421875,146.6064910888672,343.16644287109375,169.66949462890625,80.79419708251953,86.77835083007812,56.831546783447266,73.98786926269531
2021-12-28,52.80744171142578,99.00264739990234,62.016971588134766,27.216102600097656,346.87774658203125,86.3168716430664,140.82847595214844,39.942848205566406,51.56455993652344,149.1293182373047,241.45208740234375,126.60462188720703,328.7237548828125,145.39773559570312,343.20611572265625,170.66099548339844,81.28963470458984,87.85371398925781,57.48506164550781,74.9479751586914
2021-12-29,52.34518814086914,98.49324035644531,61.847312927246094,26.800310134887695,345.6159362792969,85.24620056152344,140.7574920654297,39.88029861450195,51.625858306884766,149.6571502685547,242.00192260742188,127.2285385131836,329.3981018066406,145.36599731445312,339.95465087890625,169.2010040283203,81.38697052001953,88.01335144042969,57.773643493652344,75.26233673095703
2021-12-30,52.03702926635742,98.05904388427734,61.30451965332031,26.953968048095703,345.0073547363281,85.30665588378906,140.6864471435547,39.79094696044922,51.476985931396484,149.39756774902344,240.84825134277344,126.98086547851562,326.8645935058594,144.91551208496094,341.3623352050781,168.64450073242188,82.07703399658203,88.0385513305664,58.019771575927734,75.35580444335938
2021-12-31,52.379417419433594,97.99223327636719,61.389556884765625,27.07147789001465,342.34942626953125,84.7540512084961,140.571044921875,39.75520324707031,51.85355758666992,150.29739379882812,241.62338256835938,127.4120864868164,323.9747619628906,143.57887268066406,333.42205810546875,166.7169952392578,82.59906005859375,88.13097381591797,58.206485748291016,75.59371185302734
2022-01-03,54.39105987548828,99.58716583251953,62.741859436035156,28.671361923217773,353.7864074707031,86.5068130493164,143.5448760986328,41.26533889770508,51.932369232177734,149.66575622558594,242.0830535888672,125.274169921875,322.46234130859375,143.71714782714844,335.59295654296875,170.4044952392578,81.09501647949219,86.9463882446289,57.8585090637207,75.28782653808594
2022-01-04,56.436927795410156,101.39920806884766,65.4635009765625,30.0633487701416,364.6596984863281,90.02095794677734,148.98667907714844,42.88272476196289,52.799373626708984,149.88206481933594,242.02000427246094,125.9439468383789,316.93304443359375,143.13034057617188,333.6004943847656,167.52200317382812,80.22795104980469,86.87915802001953,57.8585090637207,75.32182312011719
2022-01-05,57.13886642456055,102.05890655517578,64.34083557128906,30.0633487701416,356.7396545410156,87.7933120727539,146.2628631591797,42.1589241027832,53.23725128173828,150.39259338378906,240.83018493652344,124.34745025634766,304.7667541503906,136.5640411376953,321.3481140136719,164.35699462890625,79.38745880126953,87.07239532470703,57.92641067504883,76.01853942871094
2022-01-06,58.48280334472656,102.9273452758789,66.75625610351562,30.77741813659668,355.2183532714844,89.29569244384766,147.8167724609375,43.007816314697266,52.95701217651367,150.42715454101562,243.08352661132812,125.63200378417969,302.3584289550781,136.53677368164062,329.5658874511719,163.25399780273438,75.88389587402344,86.92957305908203,57.8585090637207,75.77212524414062
2022-01-07,58.962162017822266,104.40536499023438,68.58484649658203,31.663236618041992,355.7374267578125,89.83964538574219,149.28138732910156,43.946067810058594,52.834407806396484,150.61752319335938,240.71302795410156,124.19146728515625,302.5125427246094,135.81271362304688,328.9017333984375,162.5540008544922,76.45011901855469,87.79491424560547,58.257423400878906,77.14856719970703
2022-01-10,58.6112060546875,104.47216033935547,68.91653442382812,31.744583129882812,357.2229309082031,89.90872955322266,149.42425537109375,43.72268295288086,52.921974182128906,150.69537353515625,238.32447814941406,122.45728302001953,302.734130859375,137.45068359375,325.214111328125,161.48599243164062,74.5744857788086,87.8453140258789,58.16405487060547,76.89366912841797
2022-01-11,61.07652282714844,106.86040496826172,71.09386444091797,32.973880767822266,360.6951599121094,91.45426177978516,149.57608032226562,43.972869873046875,52.939491271972656,150.62615966796875,236.2603759765625,119.88809967041016,303.4180603027344,138.50779724121094,331.459228515625,165.36199951171875,75.01685333251953,86.72794342041016,57.417152404785156,76.27342224121094
2022-01-12,60.896751403808594,106.32596588134766,71.78276062011719,32.94676208496094,349.2939147949219,88.97622680664062,150.42445373535156,43.660125732421875,53.018314361572266,150.46177673339844,235.1787872314453,118.50259399414062,306.58734130859375,140.1874237060547,330.3589172363281,165.20700073242188,75.28227233886719,87.05559539794922,57.52750015258789,76.71524810791016
2022-01-13,60.46018600463867,105.88339233398438,71.11935424804688,32.69367218017578,349.7325439453125,88.54449462890625,150.2369384765625,43.57076644897461,53.33358383178711,150.7040252685547,235.6204376220703,118.19063568115234,293.6117248535156,137.36892700195312,323.6379699707031,161.21400451660156,75.11417388916016,87.50086975097656,58.01127624511719,77.1995620727539
2022-01-14,61.52165985107422,107.68708038330078,73.77293395996094,34.17604446411133,340.9086608886719,85.37572479248047,141.0028533935547,42.81123733520508,53.76271438598633,151.96728515625,232.2854461669922,116.58489227294922,298.81353759765625,138.2545623779297,329.0107421875,162.13800048828125,73.61012268066406,87.408447265625,58.2744026184082,77.30150604248047
2022-01-18,62.55741500854492,108.03781127929688,74.4278335571289,33.9319953918457,317.1576232910156,81.17081451416016,135.09088134765625,41.336830139160156,53.33358383178711,150.51368713378906,231.1768341064453,115.96095275878906,291.54058837890625,134.8026580810547,315.3804931640625,158.91749572753906,71.88487243652344,85.58534240722656,57.72270965576172,76.74073028564453
2022-01-19,62.5831184387207,107.64532470703125,74.2322006225586,33.5342903137207,310.8216247558594,82.65592956542969,133.00119018554688,41.4976692199707,53.42115783691406,151.5952606201172,230.04110717773438,114.23595428466797,292.1957092285156,133.92893981933594,316.80792236328125,156.2989959716797,73.0704345703125,85.83738708496094,57.994319915771484,76.7237548828125
2022-01-20,62.720062255859375,107.26121520996094,72.82887268066406,33.48909378051758,311.51971435546875,86.19597625732422,131.86700439453125,40.881107330322266,53.20222854614258,150.4963836669922,228.1573028564453,113.42850494384766,290.52923583984375,132.13583374023438,313.80426025390625,151.66749572753906,73.8843994140625,85.95500183105469,57.61237335205078,76.40086364746094
2022-01-21,61.7784538269043,105.97523498535156,70.35389709472656,32.86540985107422,307.76995849609375,85.35846710205078,129.56295776367188,40.13943099975586,52.939491271972656,150.73863220214844,229.47325134277344,113.99739074707031,285.16363525390625,129.205810546875,300.5308837890625,142.64300537109375,73.07927703857422,86.51789855957031,57.5529670715332,76.443359375
2022-01-24,62.30917739868164,106.2007064819336,70.60903930664062,33.08234405517578,307.3045349121094,84.68498229980469,129.4468536376953,39.808815002441406,52.5103759765625,149.96861267089844,228.58995056152344,115.92425537109375,285.4911804199219,129.65432739257812,306.02264404296875,144.54400634765625,72.4776611328125,86.18183135986328,57.17951583862305,75.72116088867188
2022-01-25,64.14105987548828,110.7182846069336,74.0876235961914,35.06186294555664,305.6579284667969,85.51387023925781,130.8578338623047,40.59516906738281,52.38776779174805,148.24679565429688,225.94898986816406,111.98793029785156,277.9003601074219,125.81934356689453,297.53717041015625,139.98599243164062,66.44375610351562,85.96341705322266,57.07767105102539,75.585205078125
2022-01-26,63.4904670715332,110.80178833007812,74.04510498046875,35.97478103637695,306.6692199707031,86.48954010009766,132.0991973876953,41.01514434814453,52.19510269165039,146.68077087402344,225.2008819580078,110.23538970947266,285.8186950683594,128.09713745117188,292.06524658203125,138.87249755859375,64.2673110961914,85.65255737304688,56.8824577331543,75.4747543334961
2022-01-27,64.30369567871094,113.0396957397461,76.25643920898438,35.1251335144043,305.192626953125,87.33570861816406,129.76834106445312,40.63091278076172,52.238895416259766,146.5423583984375,224.20040893554688,109.94178009033203,288.83380126953125,127.87114715576172,292.0751647949219,139.6374969482422,64.15229034423828,86.74474334716797,57.739688873291016,75.95903778076172
2022-01-28,64.4406509399414,109.0649185180664,75.88219451904297,35.8663215637207,310.5442199707031,88.50946807861328,130.92930603027344,40.98833465576172,53.28105163574219,149.39756774902344,230.82528686523438,112.16226959228516,296.9447326660156,132.17893981933594,299.0836181640625,143.97799682617188,64.14344787597656,87.98815155029297,58.56295394897461,76.57929992675781
2022-01-31,65.02274322509766,109.66613006591797,75.37190246582031,35.3149528503418,317.4082336425781,89.15284729003906,132.7064666748047,41.22959899902344,53.4299201965332,150.1329803466797,233.85382080078125,114.85071563720703,299.56494140625,134.11428833007812,310.53302001953125,149.57350158691406,69.11566925048828,88.2654037475586,58.978851318359375,76.80873107910156
2022-02-01,69.19151306152344,112.55535125732422,77.85538482666016,35.7216911315918,325.8024597167969,90.37875366210938,134.98370361328125,41.944461822509766,53.035831451416016,149.11199951171875,233.43917846679688,113.39179229736328,297.4263916015625,136.4342041015625,316.2230529785156,151.19349670410156,68.3282470703125,86.91278076171875,57.70574188232422,75.06690979003906
2022-02-02,69.01174926757812,113.07308959960938,78.42520904541016,35.4776496887207,324.9075927734375,90.3526611328125,133.90313720703125,41.899776458740234,53.578800201416016,151.8201446533203,236.4046173095703,114.86905670166016,301.9538879394531,146.69918823242188,320.188232421875,150.6125030517578,68.7706069946289,88.21499633789062,58.401702880859375,76.36689758300781
2022-02-03,68.20710754394531,112.06270599365234,77.2855453491211,34.872039794921875,321.1668701171875,88.93548583984375,132.79580688476562,41.488739013671875,53.95537567138672,151.73365783691406,234.92642211914062,115.01587677001953,290.1920471191406,141.8323516845703,235.69027709960938,138.8455047607422,67.0365219116211,88.57626342773438,58.77515411376953,76.63027954101562
2022-02-04,69.68802642822266,113.465576171875,78.13604736328125,34.80876922607422,328.9704895019531,90.51787567138672,136.242919921875,43.14185333251953,53.38612747192383,149.24180603027344,234.4036102294922,114.94245910644531,294.7099609375,142.03353881835938,235.02610778808594,157.63949584960938,67.24887084960938,87.58489227294922,58.29986572265625,75.76363372802734
2022-02-07,70.52688598632812,115.69512939453125,79.04608154296875,36.39961242675781,329.4626770019531,91.44816589355469,136.69839477539062,43.34737014770508,53.946617126464844,148.6534881591797,234.21432495117188,114.76813507080078,289.903076171875,137.9775390625,222.95211791992188,157.9355010986328,66.95690155029297,87.66048431396484,57.417152404785156,76.30741882324219
2022-02-08,68.7035903930664,113.93319702148438,77.67676544189453,35.27077102661133,331.20782470703125,92.46540832519531,139.27035522460938,44.12478256225586,54.29692459106445,148.83514404296875,234.421630859375,114.66718292236328,293.38055419921875,138.17379760742188,218.26327514648438,161.4134979248047,66.76225280761719,87.71931457519531,57.620853424072266,76.63877868652344
2022-02-09,68.37471008300781,115.06048583984375,79.05460357666016,35.724124908447266,335.1722106933594,94.53469848632812,139.85081481933594,44.03541946411133,53.45619201660156,148.76597595214844,234.22332763671875,117.1721420288086,299.7864685058594,140.34747314453125,229.9804229736328,161.1894989013672,67.82395935058594,87.97135925292969,57.782127380371094,76.6044921875
2022-02-10,67.71691131591797,113.59917449951172,78.17007446289062,35.51557159423828,331.6283874511719,93.5261459350586,139.27035522460938,43.82991027832031,53.75395202636719,145.67710876464844,231.5282745361328,113.91480255126953,291.2806091308594,137.401611328125,226.0846405029297,159.0034942626953,66.75341033935547,83.83782958984375,55.974308013916016,74.89894104003906
2022-02-11,69.42195892333984,115.9122543334961,79.939453125,36.830299377441406,324.9075927734375,90.9178237915039,137.45745849609375,42.820167541503906,52.799373626708984,145.85879516601562,229.9870147705078,112.00627136230469,284.2099914550781,133.10223388671875,217.6387939453125,153.2935028076172,66.31989288330078,83.80424499511719,56.68724822998047,75.12178039550781
2022-02-14,68.35740661621094,114.12528228759766,78.25554656982422,35.633453369140625,322.3838806152344,89.17891693115234,136.18040466308594,42.37337875366211,53.14091873168945,144.232177734375,228.39163208007812,111.39151763916016,284.1714782714844,134.33480834960938,215.80491638183594,155.16700744628906,66.28450012207031,83.9722671508789,55.88944625854492,73.86190032958984
2022-02-15,67.50054168701172,113.28987884521484,76.65708923339844,36.34974670410156,325.69512939453125,89.92665100097656,138.17190551757812,42.704002380371094,53.34233856201172,143.59194946289062,228.77023315429688,112.85961151123047,289.44061279296875,135.40782165527344,219.07615661621094,156.510498046875,66.43490600585938,83.42618560791016,55.18498229980469,73.2276611328125
2022-02-16,67.8121337890625,113.32364654541016,77.11011505126953,37.80047607421875,322.21392822265625,87.94432067871094,138.42196655273438,42.605716705322266,53.33358383178711,143.88607788085938,228.12123107910156,113.18075561523438,289.1028137207031,136.5273895263672,214.6549835205078,158.10049438476562,66.55876922607422,83.60260772705078,55.057674407958984,73.20195007324219
2022-02-17,67.70828247070312,112.74141693115234,77.92217254638672,37.27458572387695,312.3787841796875,83.59709167480469,135.2337646484375,41.16704559326172,54.402008056640625,144.2754364013672,226.17433166503906,113.82601928710938,280.63726806640625,131.37405395507812,205.90184020996094,154.65249633789062,66.69148254394531,83.77655792236328,54.989784240722656,73.27051544189453
2022-02-18,66.95526885986328,112.58109283447266,76.6143569946289,36.45854949951172,309.6761779785156,82.96237182617188,135.86782836914062,41.06875228881836,54.76982116699219,145.10609436035156,225.87692260742188,115.96465301513672,277.9344787597656,129.25686645507812,204.3653564453125,152.60150146484375,65.60325622558594,84.69297790527344,54.68108367919922,73.45907592773438
2022-02-22,66.17633056640625,111.72041320800781,75.07573699951172,35.86012649536133,308.0921936035156,82.37987518310547,135.62672424316406,40.71133041381836,54.54212188720703,145.65980529785156,227.76971435546875,114.3698959350586,277.7318115234375,128.67254638671875,200.3208770751953,150.19749450683594,65.27588653564453,84.38748931884766,55.12696838378906,73.69905090332031
2022-02-23,66.44464111328125,114.37840270996094,75.41765594482422,36.03239822387695,305.3358154296875,81.3365478515625,132.786865234375,40.014339447021484,53.93785858154297,144.22354125976562,223.34408569335938,112.08380126953125,270.5403747558594,126.46659851074219,196.7224884033203,144.82699584960938,63.98417282104492,82.87710571289062,53.88362503051758,72.5420150756836
2022-02-24,65.6051025390625,113.78773498535156,74.99027252197266,34.7448844909668,304.4409484863281,79.8237075805664,129.08961486816406,38.959922790527344,52.99203872680664,141.7144012451172,220.85641479492188,111.87178039550781,284.36334228515625,131.5247344970703,205.79283142089844,151.35800170898438,66.74457550048828,82.342529296875,53.91792678833008,74.1875991821289
2022-02-25,67.37071990966797,118.4540023803711,78.01619720458984,35.76945877075195,313.3274230957031,82.20596313476562,132.1438446044922,40.22880554199219,55.04130554199219,145.68577575683594,224.8403778076172,114.0472640991211,286.9888610839844,133.2777099609375,208.6477508544922,153.7884979248047,68.26632690429688,85.04090118408203,55.77007293701172,76.67306518554688
2022-02-28,67.8727035522461,121.50859832763672,81.08488464355469,35.579044342041016,305.4253234863281,78.89339447021484,126.63377380371094,39.496070861816406,54.507102966308594,141.671142578125,221.84934997558594,112.99638366699219,288.4175720214844,133.86993408203125,209.1929473876953,153.56300354003906,69.63190460205078,85.20211029052734,55.53854751586914,77.6929702758789
2022-03-01,68.52184295654297,126.33516693115234,82.87989807128906,34.155521392822266,295.442138671875,76.18941497802734,121.85594940185547,37.95017623901367,54.27064514160156,140.39926147460938,217.19070434570312,110.63653564453125,284.7107849121094,132.88319396972656,201.71861267089844,151.14199829101562,68.89352416992188,84.70995330810547,54.96404266357422,77.31586456298828
2022-03-02,69.69891357421875,130.06483459472656,83.8031005859375,35.579044342041016,302.80572509765625,76.84149932861328,124.38328552246094,38.566741943359375,54.673492431640625,142.34600830078125,218.37799072265625,112.46173858642578,289.7688903808594,133.3887176513672,206.29835510253906,152.05250549316406,68.99137115478516,85.5245361328125,55.3670539855957,78.19865417480469
2022-03-03,70.14034271240234,131.81997680664062,83.26458740234375,34.92622756958008,300.1412658691406,76.31985473632812,123.4991683959961,38.153682708740234,54.708526611328125,142.19361877441406,214.48973083496094,110.34154510498047,285.6471252441406,132.72262573242188,201.203125,147.89849853515625,70.09449768066406,87.09435272216797,56.93623733520508,80.54698944091797
2022-03-04,72.78011322021484,133.8704071044922,85.70923614501953,35.30703353881836,296.7654113769531,75.08522033691406,120.02521514892578,36.77084732055664,54.79610061645508,144.3534393310547,213.72840881347656,109.4473876953125,279.79742431640625,130.74713134765625,198.3184356689453,145.64100646972656,71.3578109741211,89.3175277709961,57.94804763793945,82.56110382080078
2022-03-07,75.40259552001953,136.73092651367188,86.56402587890625,38.172218322753906,289.7620849609375,72.55513000488281,115.39031982421875,34.42721939086914,53.4912223815918,141.47943115234375,203.3233642578125,104.44194030761719,269.22760009765625,125.26771545410156,185.8380584716797,137.4530029296875,74.88966369628906,90.5394287109375,59.362892150878906,83.35816955566406
2022-03-08,75.97381591796875,143.89486694335938,84.45271301269531,40.874202728271484,289.29388427734375,72.43341827392578,114.5776596069336,34.651695251464844,51.371891021728516,137.49069213867188,201.9276123046875,106.23026275634766,266.27386474609375,125.98734283447266,188.6334991455078,136.01449584960938,72.90575408935547,89.49571990966797,58.153846740722656,81.6354751586914
2022-03-09,71.65495300292969,140.3002166748047,82.23885345458984,38.589298248291016,300.2942199707031,75.98945617675781,119.16790771484375,36.8516731262207,51.634613037109375,137.08132934570312,201.63758850097656,106.94925689697266,278.4847106933594,132.24732971191406,196.77203369140625,139.2790069580078,71.45565795898438,89.37691497802734,57.55361557006836,81.42977905273438
2022-03-10,73.87931823730469,144.1395721435547,85.23912048339844,39.350929260253906,296.97247314453125,74.65049743652344,117.75690460205078,36.5194206237793,50.688804626464844,134.5644073486328,201.2115936279297,106.7649154663086,275.6757507324219,131.26556396484375,193.51068115234375,146.8175048828125,71.31330871582031,90.10668182373047,58.83124923706055,82.26970672607422
2022-03-11,73.49848175048828,144.2070770263672,84.1193618774414,38.8975830078125,294.3619384765625,74.05927276611328,115.10454559326172,36.21412658691406,50.723838806152344,133.8850860595703,205.62554931640625,107.17048645019531,270.34735107421875,128.7290496826172,185.9768524169922,145.52450561523438,70.54822540283203,90.06424713134766,58.89986038208008,81.88401794433594
2022-03-14,70.86734771728516,140.67996215820312,82.52945709228516,37.67353057861328,292.5436096191406,73.65934753417969,116.24763488769531,36.99534225463867,51.659236907958984,135.76626586914062,205.0001220703125,104.55253601074219,266.8432922363281,124.84397888183594,185.00534057617188,141.85299682617188,70.53046417236328,90.20001983642578,58.87413024902344,81.19835662841797
2022-03-15,66.8341064453125,133.5581817626953,81.2472915649414,35.5971794128418,296.306396484375,75.05913543701172,118.31056213378906,37.26472473144531,52.612300872802734,138.4748077392578,210.79180908203125,105.68637084960938,277.1814880371094,128.0624237060547,190.3583526611328,147.3665008544922,72.93246459960938,90.53094482421875,58.87413024902344,82.37252807617188
2022-03-16,66.5831069946289,133.07725524902344,81.05068969726562,34.34593200683594,306.7485656738281,79.7802505493164,123.59740447998047,38.43204879760742,52.471099853515625,139.08444213867188,215.8402099609375,110.20330047607422,284.1702880859375,132.1090545654297,201.8573760986328,153.10400390625,73.40396118164062,89.92000579833984,58.754085540771484,81.48119354248047
2022-03-17,68.35740661621094,135.38084411621094,84.47836303710938,35.8238525390625,309.008056640625,81.6060791015625,125.16020965576172,38.638572692871094,53.02704620361328,140.16436767578125,215.2329559326172,109.72393798828125,284.971435546875,132.6626434326172,206.03074645996094,157.23899841308594,73.5641098022461,90.3697280883789,58.659767150878906,81.36978912353516
2022-03-18,68.0890884399414,136.4693145751953,85.13653564453125,36.0233268737793,310.9073791503906,82.44073486328125,125.11559295654297,38.52184295654297,53.0358772277832,141.77554321289062,216.54714965820312,112.45252227783203,290.00054931640625,134.9290771484375,214.6054229736328,161.25050354003906,73.27943420410156,89.13934326171875,58.33391571044922,80.62413024902344
2022-03-21,71.14430236816406,138.92481994628906,87.83768463134766,37.34711456298828,305.16424560546875,80.51927185058594,124.71369934082031,38.46796417236328,53.45946502685547,141.57525634765625,213.28428649902344,109.27225494384766,288.774658203125,134.9052734375,209.64894104003906,161.4915008544922,72.77232360839844,90.08121490478516,59.07135009765625,81.15552520751953
2022-03-22,70.83273315429688,138.4607391357422,86.99144744873047,37.3561897277832,308.7739562988281,81.91905975341797,127.36603546142578,39.67121505737305,53.653602600097656,143.12547302246094,215.82208251953125,109.3920669555664,293.50457763671875,138.638671875,214.7640380859375,164.88900756835938,73.70645141601562,90.10668182373047,59.011322021484375,81.6354751586914
2022-03-23,71.94923400878906,139.9542999267578,89.21387481689453,38.45329666137695,302.11260986328125,80.31928253173828,124.82980346679688,38.692466735839844,53.30060577392578,142.37648010253906,214.00936889648438,106.89395904541016,289.0931701660156,137.0601806640625,211.601806640625,163.4080047607422,73.45733642578125,90.64974975585938,58.985599517822266,82.2868423461914
2022-03-24,72.16559600830078,140.32554626464844,89.35916900634766,38.661834716796875,302.6707763671875,80.10192108154297,125.6424560546875,38.67449188232422,53.81244659423828,143.23867797851562,217.7616729736328,110.34154510498047,293.5431823730469,140.3276824951172,217.65863037109375,163.64950561523438,74.4626235961914,91.19283294677734,59.42292022705078,82.65536499023438
2022-03-25,73.74082946777344,142.86541748046875,91.88936614990234,39.60480880737305,303.804931640625,80.31928253173828,126.74091339111328,39.26713943481445,54.29779052734375,143.90931701660156,218.95806884765625,110.26781463623047,293.1377258300781,140.4277801513672,219.88902282714844,164.77349853515625,74.67616271972656,92.60139465332031,60.820587158203125,82.99819946289062
2022-03-28,71.6722640991211,140.36776733398438,88.47021484375,37.83674240112305,301.83349609375,79.35420227050781,125.80323791503906,39.10550308227539,54.641944885253906,144.33604431152344,220.1907501220703,111.7150650024414,299.91400146484375,140.2122344970703,221.6436004638672,168.99049377441406,75.11207580566406,93.37356567382812,60.8806037902832,83.65814208984375
2022-03-29,71.29145812988281,138.65484619140625,86.06827545166016,38.652774810791016,305.75836181640625,79.84976959228516,126.0800552368164,39.00673294067383,54.85374450683594,146.4784698486328,224.9309844970703,112.66454315185547,304.4606018066406,141.2529754638672,227.85903930664062,169.31500244140625,75.2811050415039,94.1627197265625,61.78954315185547,84.58377838134766
2022-03-30,72.5118179321289,139.6336212158203,86.67697143554688,38.27195739746094,302.0945129394531,78.48475646972656,125.50849914550781,38.61164093017578,54.897865295410156,146.27818298339844,225.71046447753906,111.3924331665039,302.96435546875,140.6909637451172,225.86654663085938,166.30099487304688,76.0639877319336,94.595458984375,62.16682434082031,85.20941925048828
2022-03-31,71.48184204101562,137.3975372314453,85.7339096069336,37.4559211730957,297.152587890625,75.98945617675781,121.73992156982422,37.013301849365234,54.71255111694336,145.7730255126953,224.1243133544922,109.2630386352539,297.6070251464844,137.84519958496094,220.42433166503906,162.99749755859375,75.36115264892578,94.74822235107422,62.175392150878906,85.50939178466797
2022-04-01,71.9405746459961,138.57041931152344,86.23116302490234,37.80047607421875,297.2605895996094,75.63298034667969,120.83788299560547,36.725955963134766,55.480289459228516,147.84579467773438,225.90982055664062,109.53034973144531,298.6784973144531,138.91868591308594,222.89266967773438,163.55999755859375,76.25081634521484,95.7325210571289,63.555938720703125,87.00070190429688
2022-04-04,71.97520446777344,138.69699096679688,86.2054214477539,37.67353057861328,295.45123291015625,75.8851089477539,121.37372589111328,36.66310501098633,55.18907928466797,147.462646484375,223.71644592285156,108.49790954589844,304.0357360839844,141.71487426757812,231.85394287109375,168.34649658203125,76.17074584960938,94.85850524902344,62.69845962524414,86.26361846923828
2022-04-05,71.60304260253906,137.8447723388672,84.06209564208984,36.68522644042969,291.6253356933594,74.1462173461914,119.96125793457031,36.043514251708984,55.12730026245117,147.61936950683594,225.23916625976562,108.44261932373047,300.0877685546875,139.3553009033203,229.82179260253906,164.05499267578125,76.80238342285156,95.47795867919922,63.75314712524414,86.82926940917969
2022-04-06,72.3992919921875,139.06825256347656,83.6248550415039,36.97536849975586,284.6939392089844,72.27690887451172,118.29686737060547,35.64841842651367,55.683258056640625,150.13633728027344,227.91290283203125,109.34599304199219,289.1028137207031,135.3478240966797,221.3561553955078,158.75599670410156,76.94474029541016,97.70960235595703,65.60528564453125,89.55474853515625
2022-04-07,73.61100769042969,141.0006103515625,85.69960021972656,37.14764404296875,282.7945556640625,72.27690887451172,117.93700408935547,35.370059967041016,55.98329544067383,150.275634765625,230.54132080078125,110.98684692382812,290.9079284667969,134.69415283203125,221.00917053222656,157.7845001220703,77.46961975097656,97.4635238647461,64.96219635009766,88.59481811523438
2022-04-08,75.1602554321289,143.38858032226562,88.34880065917969,38.580238342285156,289.3118896484375,73.08551025390625,120.09618377685547,35.62147903442383,56.32745361328125,150.78077697753906,227.91290283203125,109.8530044555664,286.66070556640625,132.11599731445312,220.3946075439453,154.4604949951172,76.5888671875,97.87931823730469,65.58814239501953,88.26915740966797
2022-04-11,72.57239532470703,139.70115661621094,84.0020751953125,37.47406005859375,288.7448425292969,73.05072021484375,119.65538024902344,35.549644470214844,56.309810638427734,150.31919860839844,226.9974822998047,109.06023406982422,275.357177734375,127.69123077392578,214.57569885253906,151.1219940185547,75.2455062866211,96.92894744873047,63.86461639404297,86.90643310546875
2022-04-12,74.08702087402344,142.61227416992188,85.7339096069336,37.655399322509766,287.86260986328125,72.97248840332031,118.34185028076172,35.17250442504883,56.97164535522461,150.9288330078125,225.8373260498047,110.51670837402344,272.26824951171875,126.59198760986328,212.27587890625,150.78750610351562,74.63166046142578,97.93873596191406,64.77355194091797,87.68635559082031
2022-04-13,75.13426971435547,144.8568115234375,85.93109130859375,38.598365783691406,289.8340148925781,73.1463623046875,114.52729034423828,34.858219146728516,57.121673583984375,150.6675567626953,227.79507446289062,112.3418960571289,277.63525390625,128.7523193359375,213.11849975585938,155.54100036621094,74.3292007446289,97.67567443847656,64.61920166015625,87.63493347167969
2022-04-14,76.01708984375,144.789306640625,86.90846252441406,39.21493148803711,289.53692626953125,73.69412231445312,113.4656753540039,33.735801696777344,57.37758255004883,149.7095489501953,227.05186462402344,113.35588836669922,270.11566162109375,125.61613464355469,208.35035705566406,151.7064971923828,73.67085266113281,97.45504760742188,65.15939331054688,87.4549560546875
2022-04-18,76.64026641845703,146.73007202148438,88.70886993408203,39.60480880737305,296.95458984375,75.18956756591797,115.57089233398438,34.88517379760742,56.865753173828125,148.42059326171875,227.5503692626953,113.5402603149414,270.7817077636719,126.55431365966797,208.9352264404297,152.78500366210938,72.69225311279297,96.93743896484375,65.02220916748047,87.12925720214844
2022-04-19,75.95650482177734,144.99183654785156,87.07134246826172,39.378135681152344,302.41864013671875,77.30232238769531,117.9639892578125,35.53168487548828,57.42170715332031,150.58045959472656,231.48397827148438,114.89534759521484,275.3957214355469,128.86630249023438,215.4182891845703,158.11549377441406,72.79901885986328,97.13260650634766,65.39950561523438,87.78921508789062
2022-04-20,76.1296157836914,145.58250427246094,88.02299499511719,38.69810485839844,307.01861572265625,78.78038024902344,118.37783813476562,35.61250686645508,58.20708465576172,152.8186798095703,231.89183044433594,115.8724365234375,276.4189758300781,126.91461181640625,198.67532348632812,153.9980010986328,72.51432800292969,97.94720458984375,65.59671020507812,88.13202667236328
2022-04-21,75.32469177246094,138.87420654296875,84.59364318847656,36.857505798339844,300.93341064453125,77.30232238769531,117.4601821899414,34.93904113769531,58.427711486816406,152.27003479003906,231.34799194335938,114.71097564697266,271.0615539550781,123.71746063232422,186.43284606933594,148.29600524902344,67.77256774902344,97.81993103027344,65.56241607666016,87.52350616455078
2022-04-22,73.68023681640625,135.8111572265625,82.31312561035156,37.764198303222656,287.85357666015625,73.67672729492188,114.08643341064453,33.7268180847168,57.58054733276367,149.9272918701172,226.74368286132812,112.83045959472656,264.5169982910156,118.58399200439453,182.50732421875,144.35000610351562,65.78868103027344,96.97137451171875,65.0908203125,85.9207992553711
2022-04-25,71.19624328613281,132.89161682128906,78.58369445800781,35.080352783203125,289.3388977050781,73.94625854492188,114.05045318603516,33.484378814697266,58.18944549560547,151.31202697753906,229.19992065429688,111.78880310058594,270.9747619628906,121.99227142333984,185.3622283935547,146.07400512695312,65.86872863769531,96.53862762451172,64.28478240966797,86.13507843017578
2022-04-26,71.22220611572266,132.08152770996094,78.29220581054688,35.8510627746582,281.86737060546875,71.61614227294922,110.67670440673828,32.7300910949707,57.404056549072266,150.9288330078125,225.3026123046875,107.56689453125,260.8393249511719,117.6071548461914,179.37478637695312,139.39100646972656,65.45060729980469,96.30950164794922,63.23008728027344,85.05516052246094
2022-04-27,73.25614166259766,131.83682250976562,79.78397369384766,36.222808837890625,281.9664001464844,71.4770278930664,109.23726654052734,32.550506591796875,57.85411071777344,152.2787628173828,223.99742126464844,107.76046752929688,273.3880310058594,113.28992462158203,173.4270477294922,138.16700744628906,65.1837158203125,95.96160888671875,63.00714111328125,85.3037109375
2022-04-28,75.47183227539062,136.51998901367188,83.63343811035156,36.36787796020508,286.6293640136719,73.13438415527344,110.96459197998047,33.0533561706543,58.410064697265625,154.58665466308594,230.3872528076172,110.17562103271484,279.5754699707031,117.48076629638672,203.93911743164062,144.59649658203125,65.37943267822266,96.56407165527344,64.8078384399414,87.78921508789062
2022-04-29,73.78409576416016,132.1996612548828,81.89303588867188,35.370506286621094,274.9989013671875,70.67027282714844,107.3839340209961,32.0386848449707,57.015777587890625,149.54409790039062,225.82827758789062,107.86186218261719,267.8858947753906,113.10655975341797,198.7248992919922,124.28150177001953,63.182029724121094,93.47538757324219,62.929954528808594,84.9437484741211
2022-05-02,74.78809356689453,134.798583984375,82.23595428466797,35.461177825927734,279.43682861328125,71.87164306640625,108.36457061767578,32.45173645019531,55.98329544067383,146.10400390625,223.5442657470703,106.7095947265625,274.5946044921875,115.5583267211914,209.29209899902344,124.5,62.15896224975586,92.23651123046875,62.77562713623047,84.10381317138672
2022-05-03,76.32867431640625,137.11065673828125,84.81656646728516,36.40414810180664,283.2536315917969,73.44132995605469,110.68569946289062,33.34070587158203,55.66561508178711,146.3043212890625,222.84634399414062,106.07354736328125,271.99798583984375,116.30272674560547,210.1842498779297,124.25350189208984,62.95073318481445,91.94801330566406,62.69845962524414,84.48949432373047
2022-05-04,79.36658477783203,141.41404724121094,89.04324340820312,38.62556838989258,291.7603454589844,76.48419952392578,114.34734344482422,34.67863464355469,57.38640213012695,151.41653442382812,230.50509643554688,109.22615814208984,279.913330078125,121.1864242553711,221.46517944335938,125.92849731445312,64.99688720703125,93.77238464355469,63.94178771972656,86.32362365722656
2022-05-05,78.16354370117188,140.29177856445312,88.18589782714844,38.154083251953125,281.82232666015625,74.48483276367188,111.48641204833984,33.7088623046875,56.927528381347656,148.3944854736328,225.6107635498047,106.58053588867188,267.7217712402344,115.48149871826172,206.4669189453125,116.40699768066406,63.91154479980469,93.38204956054688,63.50448989868164,85.4151382446289
2022-05-06,79.3579330444336,144.02989196777344,92.32682800292969,39.015445709228516,281.7233581542969,73.86223602294922,111.30647277832031,33.628047943115234,57.130496978759766,148.41192626953125,227.2965850830078,106.3685302734375,265.1927490234375,114.72917938232422,201.99615478515625,114.77249908447266,64.47201538085938,94.45970153808594,64.02754974365234,85.40655517578125
2022-05-09,73.10034942626953,134.376708984375,83.33334350585938,34.49100875854492,278.05950927734375,71.16133880615234,109.63311004638672,32.658260345458984,57.015777587890625,149.53533935546875,224.31468200683594,101.49212646484375,255.39511108398438,111.52210998535156,194.50196838378906,108.78900146484375,62.906253814697266,94.01844787597656,63.6502571105957,86.1148910522461
2022-05-10,73.58502197265625,135.667724609375,84.01922607421875,34.35499954223633,274.61181640625,70.38089752197266,106.96110534667969,32.11051559448242,56.486289978027344,149.3524932861328,222.6741485595703,102.08206939697266,260.1442565917969,113.38954162597656,195.92941284179688,108.85900115966797,62.265708923339844,92.41470336914062,62.767059326171875,85.58797454833984
2022-05-11,75.1169662475586,137.6759796142578,84.91085815429688,34.79021453857422,271.4521179199219,69.17951965332031,106.28636169433594,31.939905166625977,56.75103759765625,148.629638671875,221.54119873046875,100.38591766357422,251.50503540039062,112.60401916503906,187.0970001220703,105.37200164794922,62.4525260925293,93.26326751708984,63.43589401245117,86.1926498413086
2022-05-12,75.45797729492188,138.98391723632812,85.39096069335938,35.388633728027344,269.5257263183594,68.91646575927734,106.19638061523438,31.490934371948242,56.927528381347656,148.4031982421875,221.3236541748047,101.87005615234375,246.48550415039062,111.85218811035156,189.5752410888672,106.93049621582031,60.94905471801758,93.19905090332031,63.521629333496094,85.11284637451172
2022-05-13,77.69636535644531,141.6503143310547,88.22876739501953,36.93910217285156,276.34918212890625,70.62642669677734,107.14103698730469,31.580732345581055,57.995304107666016,151.29461669921875,222.09408569335938,104.0086669921875,252.05520629882812,115.03050231933594,196.89097595214844,113.05500030517578,62.09667205810547,93.58433532714844,63.73798370361328,86.1148910522461
2022-05-16,79.52377319335938,145.98753356933594,90.85540008544922,38.2084846496582,273.153564453125,70.06519317626953,106.39431762695312,31.257465362548828,58.20708465576172,152.8186798095703,221.1876983642578,103.40949249267578,252.42198181152344,113.4391098022461,198.29861450195312,110.81050109863281,62.38136291503906,94.20936584472656,64.25723266601562,85.85575103759766
2022-05-17,80.53804779052734,146.84823608398438,92.1644058227539,38.94292068481445,281.7323303222656,72.72223663330078,109.92100524902344,32.31704330444336,58.04825210571289,151.9390869140625,219.00340270996094,103.67682647705078,257.5573425292969,115.44928741455078,200.8561553955078,115.36849975585938,64.0716781616211,93.62712860107422,64.17070007324219,86.72819519042969
2022-05-18,79.26145935058594,142.977294921875,89.97697448730469,37.29271697998047,276.1151428222656,70.7579574584961,108.04070281982422,31.320323944091797,54.0065803527832,142.52455139160156,209.4141082763672,100.90213775634766,245.83079528808594,110.91598510742188,190.5665283203125,107.11250305175781,63.164249420166016,93.24185180664062,63.88511276245117,86.27902221679688
2022-05-19,79.68991088867188,141.9563751220703,90.08892822265625,37.038841247558594,277.43841552734375,70.1178207397461,106.4393081665039,30.934213638305664,52.9476318359375,140.39080810546875,207.55609130859375,101.37227630615234,244.9213409423828,109.41380310058594,189.62481689453125,107.31900024414062,62.683834075927734,93.28466033935547,63.46104431152344,85.55339813232422
2022-05-20,80.31946563720703,142.77310180664062,90.44200134277344,37.28364944458008,276.1781005859375,69.60045623779297,105.5666275024414,30.404420852661133,53.81244659423828,141.27041625976562,212.0063018798828,103.1698226928711,244.36016845703125,107.9507827758789,191.85520935058594,107.59100341796875,63.3599739074707,94.03813171386719,63.53028869628906,86.12353515625
2022-05-23,82.09442901611328,146.09104919433594,93.88678741455078,39.72268295288086,285.0089416503906,72.17854309082031,112.0981674194336,32.20929718017578,55.471466064453125,144.22283935546875,215.7133331298828,104.92125701904297,252.18756103515625,110.50810241699219,194.52175903320312,107.55699920654297,64.54317474365234,94.87723541259766,64.17070007324219,86.61592102050781
2022-05-24,82.54035186767578,146.87374877929688,94.2829360961914,39.804283142089844,282.6144714355469,71.87164306640625,113.68159484863281,32.011741638183594,56.495113372802734,146.15626525878906,221.62281799316406,105.15171813964844,251.1908721923828,105.03860473632812,179.7019500732422,104.0999984741211,66.4292221069336,96.7352066040039,65.50344848632812,88.3003921508789
2022-05-25,84.20166015625,149.23033142089844,95.76417541503906,40.846988677978516,283.4696044921875,72.10841369628906,114.47330474853516,32.18234634399414,56.539249420166016,147.15780639648438,221.1605224609375,106.55288696289062,253.99681091308594,104.87503814697266,182.229736328125,106.7750015258789,66.53598022460938,96.23003387451172,65.50344848632812,88.52497863769531
2022-05-26,84.49893188476562,150.23419189453125,97.44347381591797,42.33399200439453,291.3283386230469,74.5374526977539,116.45256805419922,32.92763900756836,56.74220657348633,148.15065002441406,224.85845947265625,109.0911865234375,257.26708984375,106.84508514404297,189.9618377685547,111.07749938964844,66.75837707519531,96.94925689697266,65.15726470947266,88.61136627197266
2022-05-27,85.32958984375,151.67196655273438,98.69221496582031,43.7121696472168,295.7842712402344,75.80897521972656,118.09893798828125,33.24192428588867,57.077545166015625,149.59637451171875,228.2845001220703,110.95320129394531,264.3687438964844,111.3293228149414,193.43138122558594,115.14649963378906,69.27696228027344,97.9510269165039,65.83229064941406,89.466552734375
2022-05-31,83.93933868408203,148.59226989746094,96.76315307617188,41.823909759521484,296.02880859375,75.5371322631836,118.96263885498047,33.403560638427734,55.93034362792969,146.0952911376953,228.59268188476562,112.52806091308594,263.043212890625,112.7621078491211,191.95436096191406,120.20950317382812,67.72017669677734,96.34133911132812,65.47748565673828,88.1362533569336
2022-06-01,85.54818725585938,150.00448608398438,99.68257904052734,42.47911834716797,291.5002746582031,74.5374526977539,116.87541198730469,32.92763900756836,55.656776428222656,144.9979248046875,225.93702697753906,110.62898254394531,263.5754089355469,112.8909683227539,186.9978790283203,121.68399810791016,68.14962768554688,95.6135482788086,65.38228607177734,88.14490509033203
2022-06-02,85.39954376220703,149.73223876953125,99.0022201538086,42.13330841064453,293.67401123046875,74.71282196044922,118.75568389892578,33.14439010620117,56.23920822143555,146.17303466796875,226.9340057373047,111.44420623779297,265.665283203125,116.58867645263672,197.12889099121094,125.51100158691406,70.2522201538086,95.71630859375,65.72844696044922,88.32630157470703
2022-06-03,86.6411361694336,151.0934600830078,101.72358703613281,43.19802474975586,288.6292419433594,73.76578521728516,117.1003189086914,32.683807373046875,55.56853485107422,144.56825256347656,226.3507537841797,109.88787078857422,261.25323486328125,113.53426361083984,189.11923217773438,122.3499984741211,70.404296875,95.17691040039062,65.13131713867188,88.06715393066406
2022-06-06,86.42255401611328,150.4383544921875,101.08629608154297,42.97052001953125,290.2867126464844,74.4234619140625,116.71346282958984,32.64768600463867,55.480289459228516,145.17330932617188,226.08645629882812,110.59190368652344,260.02447509765625,115.79373931884766,192.55902099609375,124.79000091552734,71.74635314941406,95.13407897949219,65.20919036865234,88.16217041015625
2022-06-07,90.3834457397461,153.305419921875,105.67644500732422,44.52663803100586,291.1924133300781,74.82682800292969,117.01936340332031,32.82830047607422,55.81562805175781,146.06785583496094,226.8793487548828,111.36080932617188,263.65283203125,116.11984252929688,193.9468536376953,123.0,71.37952423095703,96.18721008300781,65.50344848632812,88.48176574707031
2022-06-08,91.45014953613281,154.09661865234375,104.94444274902344,45.109031677246094,285.0063781738281,72.9590072631836,115.15703582763672,32.41286849975586,55.49794006347656,145.3399658203125,223.8444366455078,111.63874053955078,261.630615234375,116.16394805908203,194.92822265625,121.18000030517578,70.2253646850586,94.60323333740234,64.58609008789062,86.84050750732422
2022-06-09,89.47409057617188,151.02540588378906,102.10250854492188,43.8077278137207,275.5328063964844,71.17011260986328,112.73695373535156,31.166566848754883,54.53605270385742,142.75289916992188,220.70018005371094,108.68357849121094,256.193115234375,113.82617950439453,182.3982391357422,116.1500015258789,69.19644927978516,92.2400894165039,63.08028030395508,84.87963104248047
2022-06-10,87.83903503417969,149.2218017578125,100.61266326904297,42.961421966552734,259.9546813964844,67.87293243408203,107.55487823486328,29.95638656616211,54.1919059753418,142.52488708496094,216.3437957763672,105.98779296875,244.77621459960938,110.1844711303711,174.0416717529297,109.6500015258789,67.91703033447266,92.27432250976562,62.43120193481445,84.87963104248047
2022-06-13,83.80818176269531,142.3562469482422,96.24642181396484,40.33149719238281,256.6036682128906,65.92619323730469,104.3520736694336,28.917804718017578,54.13013458251953,140.0869140625,217.33717346191406,102.91217041015625,234.39456176757812,105.4573745727539,162.83009338378906,103.66999816894531,64.78556823730469,88.55835723876953,59.4974479675293,80.34453582763672
2022-06-14,84.02677154541016,142.5434112548828,96.013916015625,39.33048629760742,255.8971405029297,65.73326110839844,102.61570739746094,28.412059783935547,52.645774841308594,136.91226196289062,217.6014862060547,102.11549377441406,236.5522003173828,105.77754974365234,162.30471801757812,102.30999755859375,63.9534797668457,86.42637634277344,57.792572021484375,78.12450408935547
2022-06-15,82.96878051757812,139.74441528320312,94.15373229980469,37.78348922729492,262.7170715332031,66.66278076171875,103.83026885986328,28.94489860534668,53.03684616088867,138.3768310546875,217.7290802001953,103.66256713867188,243.5861358642578,108.79974365234375,167.8757781982422,107.66999816894531,66.37812805175781,85.775634765625,57.61083984375,78.30589294433594
2022-06-16,79.90850067138672,132.27481079101562,88.20292663574219,35.017059326171875,258.1070556640625,64.84756469726562,102.0489273071289,28.76427459716797,52.50355529785156,137.71034240722656,214.3478546142578,101.1057357788086,237.01661682128906,105.10153198242188,159.46961975097656,103.66000366210938,63.4077033996582,85.2276840209961,57.35987091064453,77.04471588134766
2022-06-17,75.30059814453125,126.2345199584961,80.72781372070312,33.342647552490234,253.406494140625,63.92683029174805,101.68907165527344,28.827491760253906,52.82353973388672,137.73663330078125,213.60963439941406,101.4392318725586,239.6095733642578,106.20179748535156,162.3146209716797,106.22000122070312,63.35401916503906,83.75499725341797,56.58964538574219,76.37093353271484
2022-06-21,79.98719787597656,131.51766967773438,85.49878692626953,35.32646942138672,257.9530944824219,65.4438705444336,104.20812225341797,29.667390823364258,53.952369689941406,140.93759155273438,218.35794067382812,103.35684204101562,245.5018768310547,110.56360626220703,155.682861328125,108.68000030517578,65.07186889648438,84.94512939453125,58.112770080566406,77.70122528076172
2022-06-22,76.82198333740234,125.8006362915039,80.14219665527344,34.14345169067383,257.7085266113281,65.2421875,103.62335205078125,29.441612243652344,54.35234069824219,142.09518432617188,221.5204315185547,103.25495147705078,244.91163635253906,110.50762176513672,154.49330139160156,108.94999694824219,66.82547760009766,85.75853729248047,58.580108642578125,78.01219940185547
2022-06-23,74.50491333007812,121.17253112792969,75.68986511230469,31.832035064697266,259.18487548828125,64.8651351928711,102.4897689819336,28.97199821472168,55.001182556152344,143.91049194335938,221.9943389892578,104.06090545654297,250.45562744140625,111.25547790527344,157.36805725097656,112.44000244140625,69.0711898803711,88.54122924804688,59.95612716674805,79.82623291015625
2022-06-24,75.98258209228516,123.16329193115234,78.29064178466797,31.904844284057617,274.2013854980469,68.24124908447266,105.54862976074219,29.179710388183594,56.03224182128906,145.69076538085938,225.9315185546875,105.9970474243164,259.0086669921875,116.9380874633789,168.67872619628906,116.45999908447266,69.80485534667969,89.50018310546875,60.43211364746094,80.85418701171875
2022-06-27,77.84500122070312,125.54537963867188,80.04374694824219,32.6601448059082,272.4170837402344,67.90801239013672,104.70293426513672,29.21583366394043,55.91668701171875,145.88365173339844,225.1385955810547,107.68309020996094,256.2899169921875,114.8154067993164,168.0145721435547,113.22000122070312,69.68853759765625,90.07384490966797,60.8994140625,82.04627227783203
2022-06-28,80.00467681884766,127.56168365478516,82.638671875,33.6429557800293,271.2488098144531,68.53939056396484,104.1991195678711,29.13455581665039,55.356719970703125,143.83157348632812,221.31080627441406,105.12625885009766,248.15292358398438,111.02303314208984,159.28126525878906,107.4000015258789,68.39122009277344,90.501953125,61.11579132080078,82.1326675415039
2022-06-29,77.04932403564453,125.04344940185547,79.37547302246094,32.924041748046875,274.6813659667969,68.56570434570312,103.7313003540039,28.77330780029297,55.7567024230957,146.2169189453125,225.78570556640625,105.45048522949219,251.8101806640625,110.7197265625,162.51287841796875,108.91999816894531,67.99755096435547,90.76738739013672,61.15904998779297,82.38317108154297
2022-06-30,74.88089752197266,123.17179107666016,77.94349670410156,32.541839599609375,269.0116882324219,66.69786834716797,101.31119537353516,28.11403465270996,55.91668701171875,146.155517578125,225.001953125,105.15404510498047,248.4915313720703,108.00529479980469,159.8463134765625,106.20999908447266,69.30380249023438,91.79484558105469,61.71291732788086,82.87553405761719
2022-07-01,76.55094146728516,124.64360809326172,78.95893096923828,32.441741943359375,271.01336669921875,67.30294036865234,102.60673522949219,28.502376556396484,57.22327423095703,148.54966735839844,230.5430908203125,108.11848449707031,251.15225219726562,107.78177642822266,158.63693237304688,109.55999755859375,72.07738494873047,93.85831451416016,63.296630859375,84.61184692382812
2022-07-05,74.15515899658203,121.36820220947266,73.45659637451172,30.330530166625977,269.1748046875,66.74171447753906,102.21646118164062,28.213376998901367,56.245548248291016,148.21641540527344,229.93246459960938,108.69283294677734,254.31610107421875,112.26750183105469,166.72589111328125,113.5,70.78005981445312,91.0499267578125,61.28885269165039,80.83690643310547
2022-07-06,72.8173828125,119.768798828125,72.328369140625,29.784523010253906,266.05914306640625,66.16294860839844,101.55388641357422,27.97856330871582,56.36111068725586,149.698486328125,229.17604064941406,108.2296371459961,257.5670166015625,113.56498718261719,168.29212951660156,114.33000183105469,71.19161987304688,92.11165618896484,61.85137939453125,81.89079284667969
2022-07-07,75.14319610595703,122.09984588623047,74.940673828125,31.286035537719727,270.4426574707031,67.51339721679688,104.12244415283203,28.77330780029297,55.91668701171875,149.4003143310547,230.52488708496094,109.07263946533203,259.6858825683594,117.73897552490234,170.69105529785156,116.33000183105469,71.91635131835938,91.46949005126953,61.69561004638672,81.6489028930664
2022-07-08,75.265625,121.46177673339844,75.0361328125,31.231433868408203,268.5135803222656,67.28540802001953,103.79571533203125,28.710092544555664,56.121116638183594,150.7333221435547,230.79830932617188,108.64653015136719,258.9698791503906,118.3044662475586,169.3924560546875,115.54000091552734,71.8000259399414,90.68177795410156,61.60905838012695,81.49341583251953
2022-07-11,74.88089752197266,120.38981628417969,74.24638366699219,30.366920471191406,265.5338134765625,66.48741149902344,102.43428039550781,28.412059783935547,55.943355560302734,149.49676513671875,230.83474731445312,107.96098327636719,255.92227172851562,114.65979766845703,161.46209716796875,111.75,72.18476104736328,92.43700408935547,62.11100769042969,82.07217407226562
2022-07-12,73.88410186767578,118.18638610839844,72.423828125,29.784523010253906,264.9450988769531,66.5926513671875,102.53412628173828,28.32175064086914,55.703365325927734,148.6461181640625,229.1942901611328,107.30326843261719,245.43414306640625,113.0183334350586,161.8487091064453,109.22000122070312,71.5316390991211,92.18870544433594,62.29273986816406,81.51934814453125
2022-07-13,74.18140411376953,117.39519500732422,72.12875366210938,29.38412094116211,262.78955078125,65.75078582763672,101.572021484375,27.852130889892578,55.44561004638672,149.17233276367188,230.27879333496094,108.39639282226562,244.51495361328125,110.3747787475586,162.06680297851562,110.4000015258789,71.80899047851562,91.82052612304688,61.61772155761719,81.11332702636719
2022-07-14,72.69496154785156,115.6511459350586,70.82695007324219,28.510513305664062,255.03677368164062,65.49652099609375,98.02323913574219,27.210914611816406,55.267826080322266,149.9440460205078,230.21502685546875,108.24818420410156,245.83079528808594,109.39745330810547,156.6741485595703,110.62999725341797,71.69266510009766,91.57221221923828,62.18889236450195,81.43294525146484
2022-07-15,73.91908264160156,117.1059341430664,71.9378433227539,29.393217086791992,266.15863037109375,68.44293212890625,102.5159683227539,29.125526428222656,55.55226516723633,150.0668182373047,232.4114227294922,109.45248413085938,248.3850860595703,110.79505157470703,163.26629638671875,113.55000305175781,70.42219543457031,91.98320770263672,62.59563446044922,82.25360107421875
2022-07-18,75.28308868408203,118.7479019165039,73.82978057861328,30.148530960083008,272.8519592285156,69.1532211303711,101.463134765625,29.13455581665039,54.796756744384766,147.55870056152344,230.05096435546875,109.75818634033203,245.9952850341797,108.07169342041016,165.77426147460938,113.76000213623047,69.34855651855469,90.27079010009766,62.04178237915039,80.65550231933594
2022-07-19,77.18048095703125,123.02718353271484,76.78923797607422,31.140426635742188,288.0586242675781,71.59980010986328,103.97723388671875,30.11894989013672,55.57893371582031,149.13722229003906,233.7694091796875,111.08291625976562,251.10389709472656,112.8096923828125,174.2498016357422,118.20999908447266,70.6190185546875,90.3649673461914,62.09370422363281,80.84554290771484
2022-07-20,78.02861785888672,124.6521224975586,78.7245864868164,31.067630767822266,291.1380920410156,71.7401123046875,103.95909118652344,30.12799072265625,54.663429260253906,147.55870056152344,232.01956176757812,111.91665649414062,253.75494384765625,112.89889526367188,181.49618530273438,122.7699966430664,70.07324981689453,88.18160247802734,61.39270782470703,80.08538055419922
2022-07-21,76.7258071899414,123.6992416381836,77.17976379394531,30.603527069091797,295.7480163574219,72.8011703491211,104.66700744628906,30.3898868560791,54.538997650146484,147.77793884277344,231.00791931152344,111.39787292480469,256.241455078125,113.33503723144531,181.57546997070312,124.62999725341797,70.5653305053711,88.65252685546875,61.314815521240234,80.15450286865234
2022-07-22,76.13997650146484,122.66986846923828,76.48545837402344,31.913942337036133,293.3841857910156,72.28378295898438,104.15875244140625,30.19119644165039,54.74342346191406,148.74261474609375,231.48182678222656,110.65676879882812,251.90692138671875,106.9516372680664,167.79647827148438,122.41999816894531,71.8000259399414,89.88548278808594,62.25812911987305,81.50205993652344
2022-07-25,78.67564392089844,126.31956481933594,79.88753509521484,32.91494369506836,293.55621337890625,72.38902282714844,104.5762710571289,30.462141036987305,55.276729583740234,148.9530487060547,228.19171142578125,108.43343353271484,250.42657470703125,106.56507873535156,165.1992950439453,121.13999938964844,72.45317077636719,90.74169158935547,62.90718460083008,82.7546157836914
2022-07-26,78.36961364746094,125.33271026611328,79.05436706542969,32.39623260498047,288.51141357421875,70.84564971923828,102.94253540039062,29.8480167388916,56.18334197998047,150.689453125,234.30709838867188,109.16529083251953,243.72161865234375,104.0969467163086,157.76455688476562,114.80999755859375,71.495849609375,91.63215637207031,63.6168212890625,83.29017639160156
2022-07-27,80.0658950805664,126.98314666748047,80.94632720947266,33.060546875,293.9366760253906,72.35395812988281,104.59441375732422,30.335702896118164,56.005577087402344,150.47898864746094,235.94761657714844,111.63874053955078,260.0148620605469,112.0662841796875,168.1038055419922,120.97000122070312,71.91635131835938,91.20405578613281,63.40047073364258,83.17788696289062
2022-07-28,81.00147247314453,127.94449615478516,81.63196563720703,32.49634552001953,298.07568359375,73.42949676513672,104.20414733886719,30.091861724853516,56.93885040283203,153.32916259765625,240.11260986328125,113.67679595947266,267.435791015625,113.2160873413086,159.32090759277344,122.27999877929688,75.63832092285156,93.28466033935547,65.63324737548828,84.32677459716797
2022-07-29,84.75251770019531,139.33607482910156,84.5566635131836,33.69755172729492,301.95208740234375,74.62455749511719,104.70333862304688,30.534387588500977,57.03662872314453,153.4343719482422,240.03054809570312,113.51929473876953,271.625244140625,115.29763793945312,157.71502685546875,134.9499969482422,75.59358978271484,94.12374877929688,66.54194641113281,85.13875579833984
2022-08-01,82.61030578613281,136.55410766601562,82.5345458984375,33.124244689941406,300.7655944824219,74.43865203857422,103.65957641601562,30.444072723388672,57.34770965576172,155.1795196533203,240.81436157226562,113.70457458496094,268.9838562011719,113.85045623779297,158.53778076171875,135.38999938964844,76.32723236083984,94.05525207519531,66.36019897460938,85.6052474975586
2022-08-02,82.2518310546875,135.38858032226562,82.1960678100586,33.38814926147461,296.961669921875,73.94292449951172,102.04399871826172,29.838987350463867,56.5655403137207,153.89915466308594,237.91612243652344,113.1395034790039,265.8974304199219,114.11808013916016,158.7955322265625,134.16000366210938,76.64933776855469,93.85831451416016,65.71113586425781,85.0523910522461
2022-08-03,79.5849838256836,132.17276000976562,79.25397491455078,32.341636657714844,301.75286865234375,75.28846740722656,103.114990234375,30.380855560302734,56.814422607421875,155.07432556152344,238.864013671875,110.99027252197266,273.2990417480469,117.04216003417969,167.33056640625,139.52000427246094,77.35614776611328,94.88578033447266,66.86214447021484,86.02851104736328
2022-08-04,76.23616027832031,128.5825653076172,78.00424194335938,30.894733428955078,300.5754699707031,75.5628662109375,101.98046875,30.16411590576172,56.592193603515625,154.23239135742188,237.54254150390625,111.184814453125,274.4407653808594,117.15119171142578,169.0851593017578,142.57000732421875,78.71611022949219,93.9525146484375,67.47659301757812,86.33949279785156
2022-08-05,77.33786010742188,130.7094268798828,80.58182525634766,31.540834426879883,303.1114501953125,76.2445068359375,105.0663833618164,30.66985321044922,56.334434509277344,153.07479858398438,236.2574920654297,109.70259094238281,273.7248229980469,116.43751525878906,165.6552734375,140.8000030517578,78.71611022949219,93.46446990966797,66.87080383300781,85.91622161865234
2022-08-08,77.77505493164062,130.51376342773438,81.2587661743164,31.531740188598633,303.1204528808594,76.1559829711914,103.78661346435547,30.245393753051758,55.97001647949219,152.46096801757812,234.0427703857422,109.77672576904297,271.21893310546875,116.26903533935547,168.76795959472656,139.41000366210938,78.30451965332031,93.3617172241211,66.80156707763672,86.45178985595703
2022-08-09,79.20899200439453,132.2152862548828,82.89038848876953,31.841136932373047,304.8774719238281,76.4481201171875,104.72147369384766,30.633724212646484,56.0411262512207,153.03094482421875,237.013916015625,108.32228088378906,273.134521484375,115.60491180419922,167.0629119873047,137.8300018310547,79.55711364746094,94.02099609375,67.71890258789062,87.55745697021484
2022-08-10,79.96097564697266,132.56410217285156,83.29827117919922,31.777437210083008,315.1029052734375,78.687744140625,107.45343017578125,31.672311782836914,56.574424743652344,154.29379272460938,238.1986846923828,110.40666198730469,279.7719421386719,118.6479263305664,176.78749084472656,142.69000244140625,80.32657623291016,94.23505401611328,67.7535171508789,88.22783660888672
2022-08-11,82.27407836914062,135.7969207763672,87.09954071044922,33.570152282714844,318.517333984375,79.84738159179688,109.04177856445312,32.43093490600586,56.192230224609375,153.50453186035156,236.3030242919922,109.04486083984375,277.70135498046875,117.79548645019531,175.94493103027344,140.63999938964844,80.01341247558594,93.76410675048828,67.41602325439453,88.10594177246094
2022-08-12,82.98918151855469,135.99264526367188,89.17374420166016,33.797645568847656,320.45562744140625,81.13980865478516,110.84793090820312,32.783145904541016,56.61886978149414,155.51280212402344,238.94602966308594,109.46173858642578,282.4325866699219,120.61051177978516,178.92872619628906,143.5500030517578,80.94392395019531,95.26766204833984,68.2017593383789,90.35213470458984
2022-08-15,81.5059814453125,133.40634155273438,87.84864807128906,32.541839599609375,322.2941589355469,81.45848846435547,111.14745330810547,32.73799514770508,57.32993698120117,157.22288513183594,241.91714477539062,109.53584289550781,283.9420166015625,121.00700378417969,179.31532287597656,143.17999267578125,81.41809844970703,95.89845275878906,68.42000579833984,91.03121185302734
2022-08-16,80.74673461914062,133.06602478027344,87.26457977294922,32.3780517578125,321.4972229003906,81.28144836425781,112.2093734741211,33.09020233154297,57.8010139465332,158.13491821289062,242.6918182373047,110.27696228027344,283.2066345214844,120.63032531738281,177.90768432617188,144.77999877929688,80.99761199951172,96.87489318847656,69.03114318847656,90.94414520263672
2022-08-17,81.40003204345703,134.16346740722656,88.36299896240234,32.21424102783203,320.3831481933594,80.86538696289062,111.26545715332031,32.88248825073242,57.66769027709961,158.04722595214844,243.17483520507812,110.34181213378906,282.4600524902344,118.4992446899414,173.32789611816406,142.10000610351562,80.70235443115234,96.80577087402344,69.18827056884766,90.83098602294922
2022-08-18,83.32466125488281,136.51571655273438,91.43163299560547,33.78854751586914,321.089599609375,81.20177459716797,110.40320587158203,32.765079498291016,57.969905853271484,158.205078125,242.9561004638672,109.2671890258789,281.344970703125,119.1137924194336,173.1395263671875,142.3000030517578,80.73812866210938,97.28103637695312,69.59859466552734,90.86581420898438
2022-08-19,83.05982971191406,135.37393188476562,91.65831756591797,33.779449462890625,316.33465576171875,79.6791763305664,107.67124938964844,32.04259490966797,57.925453186035156,158.00340270996094,242.91969299316406,108.06290435791016,277.44732666015625,116.17979431152344,166.4978790283203,138.22999572753906,80.26394653320312,97.85134887695312,69.98274993896484,91.36203002929688
2022-08-22,82.9980239868164,134.6957550048828,91.74549865722656,33.597442626953125,310.1305847167969,78.30708312988281,105.89229583740234,31.356224060058594,57.06328582763672,156.4949951171875,239.64784240722656,106.29349517822266,269.302734375,113.23592376708984,161.63063049316406,133.22000122070312,79.2171401977539,96.82305145263672,69.06605529785156,90.0300064086914
2022-08-23,86.52063751220703,139.0654296875,94.54388427734375,35.817867279052734,308.1018371582031,78.16545867919922,104.84854125976562,31.076257705688477,57.12550354003906,156.42483520507812,237.45138549804688,106.26570892333984,268.0325622558594,112.8592529296875,159.70753479003906,133.6199951171875,78.71611022949219,95.9416732788086,68.78668212890625,89.411865234375
2022-08-24,87.03271484375,140.0955810546875,96.34845733642578,36.318363189697266,309.6958923339844,78.4310302734375,105.10270690917969,31.175607681274414,57.20549774169922,157.205322265625,237.74298095703125,106.22865295410156,267.4023742675781,112.69075775146484,161.8387908935547,133.8000030517578,79.36924743652344,95.85525512695312,68.85652160644531,89.37705993652344
2022-08-25,87.48295593261719,141.32321166992188,97.70842742919922,36.554969787597656,313.81671142578125,79.59066009521484,107.59864807128906,31.73552894592285,57.48103713989258,157.21409606933594,239.29238891601562,108.2203598022461,270.3692626953125,115.6247329711914,167.31076049804688,137.27999877929688,79.9776382446289,95.656494140625,69.0748062133789,90.00386810302734
2022-08-26,86.40587615966797,140.2844696044922,97.74329376220703,35.87246322631836,304.6782531738281,76.8464584350586,104.07705688476562,30.733070373535156,56.094459533691406,153.50453186035156,234.17953491210938,104.41287994384766,259.9365539550781,109.37017822265625,160.37168884277344,130.75,78.78767395019531,93.95423126220703,68.27159118652344,88.64573669433594
2022-08-29,88.39231872558594,141.33180236816406,98.8765869140625,36.74607849121094,302.4322204589844,75.55403137207031,103.82294464111328,30.615671157836914,55.7567024230957,153.02220153808594,233.0038604736328,104.45943450927734,257.1635437011719,108.4582748413086,157.78440856933594,129.7899932861328,78.23477172851562,94.36033630371094,68.6906509399414,89.61211395263672
2022-08-30,85.02861022949219,137.8893280029297,96.33102416992188,35.199066162109375,302.16949462890625,74.7396240234375,103.8410873413086,30.787256240844727,55.241172790527344,151.70675659179688,231.02613830566406,103.1281967163086,254.9722442626953,107.98250579833984,155.79193115234375,128.72999572753906,77.04801940917969,93.0468978881836,67.73030090332031,88.22783660888672
2022-08-31,84.39292907714844,135.69158935546875,95.4156494140625,34.716766357421875,303.57489013671875,75.43897247314453,103.22390747070312,30.353761672973633,54.85009002685547,151.07534790039062,231.18191528320312,103.55644989013672,253.51788330078125,107.26882934570312,161.51165771484375,126.7699966430664,76.4726333618164,92.38156127929688,67.28504180908203,87.23533630371094
2022-09-01,82.87443542480469,133.52822875976562,93.7418441772461,33.533748626708984,304.3321838378906,76.27992248535156,103.9318618774414,30.426485061645508,55.107845306396484,152.60267639160156,235.021484375,106.36782836914062,252.48040771484375,108.77547454833984,163.9205322265625,127.81999969482422,77.55149841308594,93.48760223388672,68.76921844482422,89.13327026367188
2022-09-02,84.39292907714844,135.5113067626953,96.12179565429688,34.64395523071289,302.4888000488281,76.4835205078125,103.20577239990234,30.39012336730957,54.35234069824219,150.66921997070312,233.2254180908203,104.95281982421875,248.27239990234375,106.90206909179688,158.92442321777344,127.51000213623047,76.5176010131836,92.45932006835938,67.98348999023438,88.01017761230469
2022-09-06,83.82789611816406,134.88461303710938,94.70079040527344,34.15486145019531,297.9353332519531,75.3592758178711,103.23298645019531,30.05377197265625,54.37900161743164,149.6538848876953,233.115478515625,104.78526306152344,245.54788208007812,105.87122344970703,157.1598663330078,126.11000061035156,78.5494384765625,92.2519302368164,67.90491485595703,88.41936492919922
2022-09-07,83.11278533935547,133.1590576171875,93.070556640625,33.880584716796875,301.64935302734375,76.89070892333984,105.19345092773438,30.517398834228516,55.383392333984375,152.955810546875,236.80844116210938,107.3546142578125,250.2406768798828,108.4880142211914,158.99380493164062,129.47999572753906,81.12968444824219,95.26766204833984,69.62479400634766,91.18792724609375
2022-09-08,83.7926025390625,133.8802032470703,94.43054962158203,34.89536666870117,306.04779052734375,78.28937530517578,107.64402770996094,31.499189376831055,55.21451187133789,152.44375610351562,238.32957458496094,108.3227767944336,250.65757751464844,107.42742156982422,160.6492462158203,129.82000732421875,81.15666198730469,94.36033630371094,69.3279800415039,90.52626037597656
2022-09-09,85.19635009765625,137.33131408691406,97.6125259399414,36.248390197753906,310.35498046875,79.19231414794922,108.161376953125,31.762813568115234,55.39227294921875,152.9293212890625,237.8164520263672,108.07144165039062,256.4168701171875,109.67747497558594,167.67752075195312,133.27000427246094,80.82400512695312,94.94793701171875,69.42399597167969,91.16180419921875
2022-09-12,86.17633056640625,139.5032501220703,99.72221374511719,36.70549774169922,312.61810302734375,79.80310821533203,109.44111633300781,32.06281661987305,55.55226516723633,153.52967834472656,238.59535217285156,109.16059875488281,258.54034423828125,109.8856201171875,167.4891815185547,136.4499969482422,81.6421127319336,95.81207275390625,69.97400665283203,91.57098388671875
2022-09-13,84.16340637207031,136.85057067871094,97.92635345458984,35.16962432861328,299.6691589355469,77.05892944335938,105.63818359375,30.90829086303711,53.74793243408203,147.79991149902344,233.06048583984375,105.73480987548828,244.326171875,103.40310668945312,151.7969970703125,126.81999969482422,79.88899993896484,93.48760223388672,68.29778289794922,88.97657012939453
2022-09-14,86.22930908203125,140.16429138183594,102.61649322509766,36.787784576416016,298.637939453125,77.17401123046875,105.39311981201172,30.790117263793945,54.032352447509766,148.9210968017578,234.33421325683594,106.88915252685547,244.54916381835938,104.0771255493164,150.1514434814453,128.5500030517578,79.90699005126953,94.42082977294922,69.34542083740234,89.95166015625
2022-09-15,83.72196960449219,137.8893280029297,100.7421875,36.23011016845703,302.6166687011719,78.13004302978516,106.9814682006836,31.371910095214844,53.29819869995117,146.44915771484375,232.27239990234375,107.20567321777344,237.91720581054688,102.0054931640625,148.24815368652344,126.27999877929688,77.32672882080078,91.837158203125,67.47713470458984,87.22662353515625
2022-09-16,82.29173278808594,134.30941772460938,98.623779296875,35.07820129394531,297.67974853515625,77.39530944824219,106.26445007324219,31.017375946044922,53.30714797973633,147.41143798828125,233.5919647216797,107.72699737548828,237.2967071533203,101.89647674560547,145.0165252685547,123.52999877929688,76.22990417480469,91.69026947021484,67.44220733642578,87.37464904785156
2022-09-19,82.28289794921875,134.6957550048828,98.3971176147461,35.62673568725586,299.9154968261719,78.53724670410156,107.24468231201172,31.535545349121094,53.71004867553711,148.96527099609375,235.51638793945312,108.13661193847656,237.0833740234375,102.16407775878906,146.73146057128906,124.66000366210938,78.07292938232422,92.29512786865234,68.33270263671875,88.02760314941406
2022-09-20,81.61192321777344,134.16346740722656,97.69969177246094,35.197052001953125,294.9878234863281,77.18285369873047,105.12991333007812,31.062833786010742,53.62947082519531,149.13302612304688,234.04103088378906,107.28945922851562,235.0763397216797,100.25104522705078,144.81826782226562,122.19000244140625,77.0390396118164,91.28412628173828,67.416015625,86.8522720336914
2022-09-21,80.29645538330078,133.07321166992188,96.84536743164062,34.355987548828125,292.6607666015625,76.4481201171875,102.09844970703125,30.13558578491211,53.18180847167969,148.70925903320312,230.08226013183594,104.79457092285156,231.6827850341797,98.40740203857422,140.8828125,118.54000091552734,75.49267578125,90.11760711669922,66.46440124511719,85.81624603271484
2022-09-22,79.96096801757812,132.97018432617188,95.94744110107422,34.95021438598633,285.5521545410156,75.04059600830078,100.93669891357422,29.544692993164062,53.05645751953125,148.8505096435547,227.2048797607422,103.13751983642578,233.65103149414062,99.25983428955078,141.57672119140625,117.30999755859375,75.10610961914062,90.45459747314453,66.29851531982422,86.08612823486328
2022-09-23,75.70556640625,124.28237915039062,87.69173431396484,31.9973201751709,275.559814453125,72.15476989746094,99.05790710449219,28.844707489013672,52.465553283691406,148.7799072265625,225.3813018798828,103.00716400146484,230.68411254882812,97.87213897705078,139.1876983642578,113.77999877929688,74.1890640258789,89.6164321899414,65.4691390991211,85.09363555908203
2022-09-26,74.14289093017578,121.01154327392578,86.47998046875,30.955127716064453,268.85260009765625,70.60560607910156,96.92499542236328,28.20836639404297,51.81196212768555,148.7180938720703,223.3744354248047,101.6200942993164,230.2283935546875,97.30714416503906,135.18287658691406,115.1500015258789,72.9573745727539,87.13642120361328,63.86274337768555,83.25664520263672
2022-09-27,75.69673919677734,121.06304931640625,86.09638977050781,31.064828872680664,265.89599609375,70.35774993896484,96.07183074951172,27.790191650390625,50.477962493896484,146.5639190673828,216.90487670898438,100.32610321044922,229.22000122070312,96.6430435180664,133.23001098632812,114.41000366210938,72.89445495605469,84.9588851928711,62.61430358886719,80.84504699707031
2022-09-28,78.4512710571289,125.14944458007812,91.08389282226562,32.39957046508789,274.48309326171875,72.11935424804688,98.01415252685547,28.244728088378906,51.015140533447266,148.9123077392578,217.1248016357422,100.65192413330078,233.73831176757812,99.17064666748047,140.37728881835938,118.01000213623047,74.05421447753906,86.0735855102539,63.31273651123047,81.45448303222656
2022-09-29,78.2923583984375,124.28237915039062,91.66753387451172,32.88410949707031,270.2122802734375,70.69415283203125,96.35321044921875,27.872011184692383,50.64806365966797,147.09361267089844,214.7971954345703,99.80477905273438,230.2769012451172,96.56373596191406,135.2225341796875,114.80000305175781,71.89651489257812,82.17644500732422,60.571388244628906,77.54542541503906
2022-09-30,77.08283233642578,123.33804321289062,90.50025177001953,32.82011413574219,267.4199523925781,69.94169616699219,94.84654998779297,27.45383644104004,50.155635833740234,144.1360321044922,211.4432830810547,98.99488067626953,225.8167724609375,94.8093032836914,134.49887084960938,113.0,70.49401092529297,80.37911987304688,59.36659622192383,75.26444244384766
2022-10-03,81.15283203125,130.25738525390625,97.24754333496094,35.01420974731445,272.9864807128906,71.15446472167969,97.77816772460938,28.262907028198242,50.71968460083008,145.89292907714844,215.6585693359375,101.57356262207031,233.4183349609375,97.77302551269531,137.4033660888672,115.87999725341797,72.99333953857422,82.37520599365234,60.8769645690918,76.8141098022461
2022-10-04,84.11043548583984,135.32247924804688,102.24388122558594,35.76385498046875,287.3315734863281,74.33243560791016,102.35259246826172,29.435604095458984,50.8360710144043,147.53501892089844,218.5543212890625,103.71468353271484,241.310791015625,100.74665069580078,139.058837890625,121.08999633789062,74.45878601074219,83.92194366455078,61.71507263183594,78.92970275878906
2022-10-05,87.50945281982422,136.09507751464844,102.51802825927734,38.00368118286133,281.9749450683594,73.57113647460938,101.0888671875,29.01743507385254,50.35260772705078,146.55506896972656,219.09495544433594,104.5711441040039,241.62106323242188,100.53849792480469,137.77017211914062,120.94999694824219,73.51478576660156,81.24324035644531,60.003929138183594,76.35269165039062
2022-10-06,90.1050796508789,138.57608032226562,104.03903198242188,38.84475326538086,278.0236511230469,71.97770690917969,99.02845001220703,28.599260330200195,49.26926803588867,143.7299346923828,215.11795043945312,102.51380157470703,239.2843017578125,100.52857208251953,137.85940551757812,120.30000305175781,70.94351196289062,78.43486785888672,57.38479995727539,73.575439453125
2022-10-07,89.19572448730469,137.3828125,104.7995376586914,38.9361686706543,274.7476806640625,69.87088012695312,97.05046081542969,27.95382308959961,48.803707122802734,142.67930603027344,213.68841552734375,101.40597534179688,227.1160430908203,97.81267547607422,132.2882843017578,114.55999755859375,68.98361206054688,76.96589660644531,55.97922134399414,72.25210571289062
2022-10-10,87.26226043701172,134.9017791748047,103.2873764038086,38.515628814697266,274.2548828125,69.41056823730469,96.14384460449219,27.872011184692383,48.69626998901367,142.86471557617188,215.3012237548828,100.34474182128906,222.2777862548828,96.99988555908203,132.62530517578125,113.66999816894531,68.99259185791016,77.0350112915039,55.86571502685547,73.52320098876953
2022-10-11,86.52063751220703,134.92755126953125,102.20854187011719,38.177371978759766,268.4784851074219,68.16239929199219,93.36917114257812,27.062938690185547,48.7768440246582,143.54449462890625,217.2255859375,97.98017120361328,218.55459594726562,96.32584381103516,127.42102813720703,112.20999908447266,68.35428619384766,77.36339569091797,55.560157775878906,73.88886260986328
2022-10-12,86.9002685546875,135.33102416992188,102.84523010253906,38.415069580078125,269.4822692871094,67.80831146240234,94.88013458251953,27.14475440979004,49.36775207519531,149.54800415039062,217.2347869873047,98.2501449584961,218.8842315673828,96.70250701904297,126.39010620117188,112.9000015258789,65.40541076660156,74.28718566894531,53.69184494018555,71.1638412475586
2022-10-13,89.93733978271484,141.88983154296875,108.54014587402344,40.39890670776367,280.21380615234375,70.21614074707031,100.15482330322266,28.808349609375,50.02133560180664,154.15650939941406,226.11439514160156,102.10417938232422,227.1160430908203,98.1893310546875,129.1558074951172,112.52999877929688,65.71109008789062,76.03266143798828,55.91810607910156,73.81049346923828
2022-10-14,87.57127380371094,137.47723388671875,104.31317138671875,38.543060302734375,273.7529602050781,66.65753173828125,101.82146453857422,28.817440032958984,49.224510192871094,150.25428771972656,222.82461547851562,99.39517211914062,221.60877990722656,95.7113037109375,125.65653228759766,106.9000015258789,64.52434539794922,75.02165985107422,55.446659088134766,72.7135238647461
2022-10-17,88.83374786376953,138.4816436767578,104.6668930053711,39.183006286621094,279.88525390625,68.28634643554688,106.09797668457031,30.56285285949707,49.86018371582031,152.49673461914062,225.86697387695312,102.38346862792969,230.30593872070312,99.09133911132812,132.87315368652344,113.79000091552734,66.21454620361328,76.99182891845703,56.118896484375,74.04557037353516
2022-10-18,88.99266815185547,139.69210815429688,104.25127410888672,39.64011001586914,286.4007873535156,70.32234954833984,108.82688903808594,31.708276748657227,50.53166580200195,154.5537872314453,228.35032653808594,103.77983856201172,231.24644470214844,99.8843002319336,131.6439666748047,116.36000061035156,67.48220825195312,78.46943664550781,57.087974548339844,75.37759399414062
2022-10-19,91.63243865966797,144.22488403320312,107.0987548828125,41.569091796875,284.49359130859375,68.72894287109375,106.69322204589844,30.8355712890625,50.10190963745117,153.0529327392578,229.7798614501953,102.82099151611328,229.28790283203125,98.75431823730469,132.07022094726562,115.06999969482422,66.20557403564453,77.156005859375,56.476844787597656,74.78558349609375
2022-10-20,91.75602722167969,145.04905700683594,107.71776580810547,41.77021789550781,283.62664794921875,67.80831146240234,106.34521484375,30.63558006286621,49.31403350830078,151.37551879882812,228.88180541992188,102.08556365966797,228.96792602539062,99.09133911132812,130.38499450683594,115.25,63.5084342956543,75.37594604492188,55.437931060791016,73.07048034667969
2022-10-21,93.45994567871094,148.680419921875,110.08772277832031,46.08528137207031,296.6669006347656,70.12760162353516,111.93125915527344,31.77191734313965,50.10190963745117,152.7880859375,233.2620849609375,103.36093139648438,234.75636291503906,100.24113464355469,128.87823486328125,119.31999969482422,64.4164810180664,76.43878936767578,56.31096649169922,74.55050659179688
2022-10-24,94.11327362060547,148.62893676757812,110.66251373291016,47.6760139465332,299.9520263671875,70.31349182128906,112.06863403320312,31.880990982055664,51.54337692260742,156.86691284179688,233.96771240234375,101.25703430175781,239.73036193847656,101.6189193725586,128.5907745361328,119.81999969482422,65.88190460205078,76.63753509521484,56.389530181884766,74.87264251708984
2022-10-25,93.47760009765625,150.1741485595703,109.60136413574219,47.96855545043945,303.3283996582031,71.26953125,112.36166381835938,32.17189407348633,52.778907775878906,157.38778686523438,234.34339904785156,103.55644989013672,243.03662109375,103.56169891357422,136.31295776367188,120.5999984741211,68.20142364501953,77.97689056396484,57.37607192993164,76.10891723632812
2022-10-26,94.59004211425781,152.02850341796875,111.92707824707031,47.70343780517578,306.3306579589844,71.6236343383789,113.65286254882812,32.45370864868164,53.17284393310547,158.09405517578125,235.14976501464844,104.51528930664062,224.28485107421875,94.09563446044922,128.6898956298828,115.66000366210938,67.96768188476562,78.46943664550781,57.306243896484375,76.13504791259766
2022-10-27,94.95198822021484,152.72386169433594,111.98896789550781,47.24632263183594,307.6903381347656,71.42887878417969,114.1015625,32.60824966430664,53.29819869995117,157.92633056640625,242.93893432617188,106.04200744628906,219.8538360595703,91.4094467163086,97.08743286132812,110.95999908447266,67.85081481933594,78.66820526123047,56.89590072631836,75.89997863769531
2022-10-28,97.7330093383789,154.50950622558594,112.45764923095703,46.12185287475586,311.9245300292969,73.48909759521484,115.45686340332031,32.89006042480469,54.399436950683594,160.8839111328125,251.56198120117188,109.73779296875,228.6964569091797,95.44367980957031,98.3364486694336,103.41000366210938,71.05139923095703,81.2259521484375,57.91736602783203,77.83273315429688
2022-10-31,97.83013153076172,155.29931640625,111.50260162353516,47.56629943847656,314.3793029785156,73.44442749023438,115.27371978759766,32.762794494628906,53.584693908691406,160.31005859375,249.8575897216797,110.08224487304688,225.07022094726562,93.67932891845703,92.34904479980469,102.44000244140625,69.6758804321289,80.51737976074219,57.16654586791992,76.54421997070312
2022-11-01,98.80128479003906,156.4324951171875,112.99708557128906,47.12748336791992,318.09332275390625,74.82981872558594,117.35245513916016,32.908241271972656,53.39668273925781,159.58609008789062,250.12330627441406,109.98916625976562,221.23060607910156,89.67483520507812,94.37126159667969,96.79000091552734,69.86466217041016,81.00128936767578,57.210201263427734,77.0752944946289
2022-11-02,96.77069091796875,153.2389678955078,111.8740234375,46.752655029296875,319.19744873046875,75.41082000732422,116.27188110351562,32.80824279785156,52.653568267822266,157.36129760742188,247.75906372070312,109.26301574707031,213.4060821533203,86.20560455322266,89.75183868408203,92.12000274658203,69.47809600830078,80.25813293457031,56.57288360595703,76.79669189453125
2022-11-03,98.08616638183594,155.4967803955078,118.33833312988281,47.35603332519531,318.35797119140625,74.74044799804688,116.48251342773438,32.62643051147461,52.626705169677734,156.95513916015625,250.12330627441406,111.24588775634766,207.7340087890625,82.69671630859375,88.13603210449219,89.30000305175781,70.2872085571289,80.55194854736328,56.61653518676758,77.20587921142578
2022-11-04,99.15441131591797,157.46266174316406,117.01187896728516,48.544498443603516,326.6073303222656,75.83982849121094,119.66927337646484,33.44458770751953,53.05645751953125,157.8380584716797,251.6536407470703,113.368408203125,214.6568603515625,85.81903076171875,89.99967193603516,90.9800033569336,70.84461975097656,80.88894653320312,56.66892623901367,77.9807357788086
2022-11-07,100.32862854003906,159.34275817871094,119.3287353515625,50.107810974121094,330.8506164550781,76.48338317871094,120.30113983154297,33.64459228515625,53.26237869262695,159.1005096435547,253.29397583007812,114.0479736328125,220.9397735595703,87.71224212646484,95.87804412841797,90.52999877929688,69.48707580566406,79.69647979736328,55.315704345703125,76.61386108398438
2022-11-08,100.64646911621094,159.11094665527344,118.88658142089844,49.998104095458984,332.1829528808594,76.22416687011719,120.37439727783203,33.73548889160156,53.36086654663086,159.5419921875,255.11758422851562,113.92695617675781,221.9093475341797,88.1186294555664,95.63021850585938,89.9800033569336,70.36813354492188,80.53466033935547,55.830787658691406,77.7021484375
2022-11-09,96.14385986328125,152.74961853027344,110.76863098144531,48.51707458496094,330.339599609375,74.58849334716797,118.80848693847656,33.19913864135742,52.61775207519531,157.63499450683594,254.5585479736328,113.6197509765625,217.68194580078125,86.5525131225586,100.58670043945312,86.13999938964844,70.30521392822266,80.75068664550781,55.38554763793945,77.17485809326172
2022-11-10,97.55644989013672,155.6427001953125,114.48274230957031,48.544498443603516,345.2231140136719,79.37039947509766,123.69855499267578,34.662742614746094,54.506874084472656,160.41598510742188,252.80825805664062,115.55608367919922,235.59019470214844,93.11433410644531,110.89615631103516,96.62999725341797,74.80039978027344,83.90467834472656,57.367340087890625,80.67243957519531
2022-11-11,100.60232543945312,160.0724639892578,118.46215057373047,50.1169548034668,351.483154296875,81.14012145996094,123.90003204345703,34.91727828979492,54.900814056396484,157.19354248046875,248.6937713623047,114.81134033203125,239.5946044921875,95.56262969970703,112.03614807128906,100.79000091552734,74.89932250976562,82.23694610595703,56.82605743408203,79.07304382324219
2022-11-14,100.89601135253906,160.14971923828125,118.08929443359375,49.43129348754883,348.91888427734375,80.27312469482422,122.62715148925781,34.32638168334961,54.37257766723633,156.0281982421875,249.50013732910156,114.13177490234375,234.20372009277344,94.8588638305664,113.2257080078125,98.48999786376953,73.41588592529297,82.4788818359375,56.345890045166016,77.91303253173828
2022-11-15,101.57240295410156,161.43743896484375,119.03025817871094,49.97980880737305,349.39349365234375,80.8898696899414,121.73887634277344,34.27184295654297,54.283042907714844,156.43426513671875,245.44065856933594,114.792724609375,234.61094665527344,97.57477569580078,116.0608139038086,98.94000244140625,74.53970336914062,83.93058013916016,57.52450180053711,78.40515899658203
2022-11-16,100.48662567138672,158.81051635742188,114.72496032714844,48.443946838378906,348.8915710449219,80.28207397460938,121.90369415283203,33.962764739990234,54.18456268310547,157.4407501220703,249.72010803222656,115.3978271484375,235.03872680664062,97.98118591308594,112.24431610107422,97.12000274658203,75.8073501586914,84.63052368164062,57.47211456298828,78.86212921142578
2022-11-17,100.62013244628906,159.26034545898438,116.4559555053711,48.29767990112305,346.5645446777344,79.50445556640625,121.37257385253906,33.790035247802734,54.35466766357422,158.94161987304688,250.4989471435547,114.2900390625,234.99014282226562,97.4954833984375,110.47981262207031,94.8499984741211,74.0362319946289,83.39512634277344,56.67763900756836,78.27334594726562
2022-11-18,99.74795532226562,158.30873107910156,114.14794921875,48.85533142089844,346.0352478027344,79.72791290283203,122.56302642822266,33.80821990966797,54.73965072631836,160.08937072753906,250.50816345214844,116.0029296875,234.54286193847656,96.57366180419922,111.07459259033203,94.13999938964844,74.80039978027344,84.50392150878906,57.851078033447266,80.21546936035156
2022-11-21,98.76007843017578,156.79476928710938,111.3961181640625,47.78571319580078,346.95697021484375,79.62065124511719,121.8396224975586,33.91731643676758,55.58125686645508,163.1705322265625,251.56198120117188,115.45367431640625,235.34991455078125,94.75975036621094,108.90365600585938,92.45999908447266,75.1600570678711,84.7221908569336,57.99223709106445,81.85880279541016
2022-11-22,101.61688995361328,160.8175811767578,115.38184356689453,49.038185119628906,350.2968444824219,80.14800262451172,123.66192626953125,34.0809440612793,55.82298278808594,163.18820190429688,251.78192138671875,116.31014251708984,238.2473907470703,96.1969985961914,110.46990203857422,93.19999694824219,75.61856079101562,85.28095245361328,58.186344146728516,82.35090637207031
2022-11-23,101.109619140625,159.39010620117188,112.5057373046875,47.00864028930664,352.4686584472656,80.38040161132812,124.9805679321289,34.190025329589844,56.07367706298828,163.4000701904297,250.4165496826172,117.76905059814453,240.72682189941406,97.5946044921875,111.262939453125,94.12999725341797,76.73451232910156,86.03177642822266,58.54807662963867,83.59877014160156
2022-11-25,100.75363159179688,158.92294311523438,112.56787109375,46.4692497253418,354.85040283203125,81.25633239746094,125.21869659423828,34.27184295654297,56.12738800048828,162.54367065429688,252.00184631347656,118.33014678955078,240.63931274414062,96.6033935546875,110.44017028808594,93.41000366210938,77.114013671875,86.97471618652344,59.033329010009766,83.89756774902344
2022-11-28,97.72772216796875,154.30319213867188,109.93144226074219,45.60075378417969,348.91888427734375,80.34465789794922,123.03008270263672,33.508235931396484,56.136348724365234,162.34945678710938,250.0591583251953,118.25534057617188,235.06790161132812,95.2057876586914,107.83305358886719,93.94999694824219,75.65921020507812,86.09290313720703,58.089290618896484,83.67787170410156
2022-11-29,98.37740325927734,156.6130828857422,110.2953872680664,46.67038345336914,350.1508483886719,81.40827941894531,125.05386352539062,33.635494232177734,55.93938446044922,161.20175170898438,248.7121124267578,117.87191009521484,233.67745971679688,94.35335540771484,108.50714111328125,92.41999816894531,74.53875732421875,85.50794982910156,57.99223709106445,83.17696380615234
2022-11-30,99.08936309814453,158.58555603027344,109.63850402832031,47.12748336791992,354.6883239746094,83.18696594238281,126.53734588623047,34.408206939697266,57.355003356933594,163.77969360351562,251.3845672607422,120.32213592529297,248.0775604248047,100.10237121582031,117.07191467285156,96.54000091552734,76.53570556640625,87.24533081054688,59.677398681640625,85.06634521484375
2022-12-01,98.6087875366211,157.87619018554688,109.23902893066406,47.31946563720703,352.53900146484375,83.12438201904297,124.76083374023438,33.4206657409668,57.51729202270508,165.14779663085938,251.9467010498047,120.81779479980469,247.63999938964844,100.10237121582031,119.39156341552734,95.5,76.6531753540039,87.57710266113281,59.747989654541016,84.78514099121094
2022-12-02,97.77222442626953,156.6130828857422,108.45784759521484,48.26110076904297,349.5721740722656,82.31996154785156,123.77183532714844,32.990909576416016,58.0222282409668,164.96124267578125,251.9467010498047,121.27600860595703,247.96087646484375,99.55719757080078,122.41500854492188,94.12999725341797,76.98751068115234,86.88739013671875,59.41271209716797,83.58998107910156
2022-12-05,95.0934066772461,152.74600219726562,105.96347045898438,46.97206497192383,341.2687072753906,80.27312469482422,120.30113983154297,31.518760681152344,57.228759765625,162.67813110351562,250.27870178222656,122.42632293701172,243.27430725097656,98.60565185546875,121.36422729492188,91.01000213623047,76.94233703613281,86.5468978881836,59.536231994628906,83.06271362304688
2022-12-06,92.4501724243164,148.8096923828125,102.6257553100586,46.67393493652344,333.34185791015625,78.21736907958984,120.50261688232422,30.17461395263672,57.20170974731445,161.35446166992188,250.444580078125,122.15512084960938,238.33489990234375,96.12762451171875,113.12657928466797,88.25,76.96945190429688,87.7517318725586,60.418521881103516,84.68846893310547
2022-12-07,92.24549865722656,149.2509002685547,101.97772216796875,45.68321228027344,330.5954895019531,78.01179504394531,120.42024230957031,29.936874389648438,57.2918815612793,161.84304809570312,249.1267547607422,119.9574203491211,237.60568237304688,94.10554504394531,112.93821716308594,88.45999908447266,77.06885528564453,86.93977355957031,60.43614196777344,84.95211791992188
2022-12-08,92.93077087402344,150.13330078125,99.95381927490234,45.793296813964844,328.9053649902344,79.27206420898438,121.68392944335938,29.66255760192871,57.53532791137695,163.26446533203125,251.93746948242188,121.43500518798828,240.5518035888672,92.88634490966797,114.32604217529297,90.3499984741211,77.49353790283203,87.69934844970703,60.59496307373047,85.87483978271484
2022-12-09,92.14759826660156,145.3405303955078,97.66357421875,43.087158203125,329.8789978027344,79.96923828125,121.02458190917969,29.607694625854492,56.931209564208984,162.66036987304688,250.69338989257812,119.43367004394531,238.62661743164062,92.01409912109375,114.89108276367188,89.08999633789062,76.364013671875,87.61202239990234,60.31264114379883,84.87300872802734
2022-12-12,94.41700744628906,146.85452270507812,99.22588348388672,45.041080474853516,333.58984375,81.44403839111328,122.9018783569336,29.9277286529541,57.67959213256836,163.4332275390625,254.91397094726562,121.2386245727539,245.52035522460938,92.48986053466797,113.71143341064453,90.55000305175781,78.2073974609375,89.33197021484375,62.6683235168457,86.60423278808594
2022-12-13,95.44939422607422,150.12464904785156,100.67284393310547,46.82988357543945,338.65087890625,82.86519622802734,122.78280639648438,29.94601821899414,57.6976318359375,163.34439086914062,252.757568359375,121.71556091308594,249.8083038330078,94.78948974609375,119.10407257080078,92.48999786376953,78.74954986572266,90.01296997070312,62.82712936401367,86.6657485961914
2022-12-14,94.74632263183594,149.0865478515625,100.19348907470703,46.261138916015625,331.0179138183594,80.8898696899414,122.1692886352539,29.516258239746094,57.6976318359375,162.891357421875,252.9879913330078,122.71621704101562,250.09999084472656,94.23440551757812,120.53153991699219,91.58000183105469,78.65919494628906,90.18758392333984,62.73891067504883,86.55148315429688
2022-12-15,93.83853912353516,147.97052001953125,99.909423828125,45.96758270263672,321.3275451660156,78.46763610839844,119.13816833496094,29.049924850463867,56.9041633605957,160.12850952148438,250.40769958496094,121.99612426757812,242.11724853515625,90.06140899658203,115.13890838623047,88.44999694824219,77.5387191772461,89.49786376953125,62.08601379394531,83.9854507446289
2022-12-16,93.17996978759766,145.9634246826172,98.0363998413086,45.29793930053711,318.1310729980469,77.63639831542969,118.39640045166016,28.985916137695312,56.579551696777344,160.20848083496094,245.23789978027344,120.98611450195312,237.9167938232422,89.46668243408203,118.39034271240234,87.86000061035156,76.0296859741211,87.60328674316406,61.256675720214844,83.10665893554688
2022-12-19,93.5982437133789,146.9669952392578,98.0363998413086,45.71072769165039,316.5328063964844,76.46550750732422,119.10154724121094,29.315095901489258,56.660709381103516,161.09681701660156,244.97067260742188,120.06027221679688,233.794189453125,87.66266632080078,113.48343658447266,84.91999816894531,75.4694595336914,87.50727081298828,60.79789733886719,82.60575103759766
2022-12-20,94.95101928710938,149.3806610107422,99.9981918334961,47.4811897277832,316.4225769042969,76.11692810058594,119.67847442626953,29.4339656829834,56.61562728881836,160.99908447265625,246.27923583984375,120.25665283203125,235.10682678222656,88.23757934570312,116.07071685791016,85.19000244140625,75.4694595336914,87.48979187011719,61.29197692871094,82.31575012207031
2022-12-21,96.17024993896484,151.13685607910156,103.22051239013672,48.903053283691406,321.630615234375,77.64533233642578,121.02458190917969,29.88201141357422,57.52630615234375,162.12733459472656,247.11782836914062,120.43436431884766,237.66400146484375,88.79265594482422,118.71747589111328,86.7699966430664,76.49053955078125,88.98272705078125,62.40364456176758,83.78331756591797
2022-12-22,94.2301254272461,148.8702392578125,100.2201156616211,47.14176940917969,317.4237976074219,77.19844055175781,119.65097045898438,29.616840362548828,57.11153793334961,160.874755859375,244.91534423828125,120.47177124023438,231.5967254638672,86.9886474609375,116.1004638671875,83.79000091552734,75.30679321289062,89.00894165039062,62.43010711669922,83.01878356933594
2022-12-23,96.72203826904297,153.47267150878906,104.55226135253906,48.6095085144043,317.3594970703125,76.96602630615234,120.21873474121094,29.689992904663086,57.54433822631836,161.91412353515625,246.57418823242188,120.54656982421875,232.12176513671875,88.44573211669922,117.012451171875,85.25,76.05679321289062,89.91693115234375,63.29473876953125,84.09089660644531
2022-12-27,98.06591796875,155.4019012451172,105.8206558227539,49.077354431152344,314.10791015625,76.02754211425781,120.6399917602539,29.74485206604004,57.89598846435547,162.63369750976562,245.90142822265625,121.48176574707031,230.40078735351562,86.62190246582031,115.86254119873047,83.04000091552734,75.90318298339844,90.51060485839844,63.76234817504883,84.6181640625
2022-12-28,96.4550552368164,153.1093292236328,102.99803924560547,48.25174331665039,313.0975341796875,75.49124908447266,121.29932403564453,29.964303970336914,57.31892395019531,161.4610595703125,244.30715942382812,120.93001556396484,228.0380401611328,85.26394653320312,114.61351776123047,81.81999969482422,75.1441650390625,89.83834838867188,63.215335845947266,83.80091094970703
2022-12-29,97.18484497070312,154.2686004638672,103.96273040771484,48.5361213684082,315.4490051269531,76.18841552734375,121.99529266357422,30.302629470825195,57.66156768798828,161.6654052734375,245.0628204345703,121.56595611572266,234.33868408203125,87.67259216308594,119.21312713623047,84.18000030517578,75.97547912597656,90.6590347290039,63.691768646240234,84.37211608886719
2022-12-30,98.16380310058594,155.2808074951172,105.40083312988281,49.040653228759766,315.4030456542969,75.99179077148438,122.8011245727539,30.28434181213379,57.355003356933594,160.4927520751953,242.8511199951172,119.77971649169922,233.18162536621094,87.45453643798828,119.29242706298828,84.0,75.54174041748047,89.91693115234375,63.003597259521484,83.44060516357422
2023-01-03,94.79083251953125,150.5226287841797,101.04190063476562,47.24267578125,318.01165771484375,76.6174545288086,123.73518371582031,30.64094352722168,56.75989532470703,159.38232421875,243.58837890625,118.73228454589844,232.94827270507812,88.33670043945312,123.65411376953125,85.81999969482422,75.74956512451172,90.53679656982422,63.435909271240234,83.37030029296875
2023-01-04,95.06669616699219,148.92214965820312,101.23839569091797,47.426151275634766,319.3711242675781,77.44868469238281,124.88902282714844,31.217008590698242,56.73284149169922,158.99139404296875,243.6436309814453,120.34082794189453,222.7583770751953,87.30583190917969,126.26123046875,85.13999938964844,76.34595489501953,91.50588989257812,63.974090576171875,83.94149017333984
2023-01-05,97.19373321533203,151.60403442382812,104.30216217041016,48.31595230102539,315.7520751953125,76.79621124267578,124.86136627197266,31.15300178527832,56.08365249633789,157.3301544189453,241.58865356445312,119.4243392944336,216.1563262939453,85.4423599243164,125.83497619628906,83.12000274658203,74.66523742675781,90.15265655517578,62.09484100341797,82.41242218017578
2023-01-06,98.36849212646484,152.74600219726562,105.60627746582031,49.99468231201172,319.72003173828125,78.2620620727539,127.25061798095703,31.46389389038086,57.16564178466797,160.88363647460938,248.32504272460938,121.84647369384766,218.70376586914062,86.57234191894531,128.88815307617188,86.08000183105469,75.5869369506836,91.82894134521484,63.197689056396484,84.82906341552734
2023-01-09,96.53516387939453,151.55210876464844,104.82918548583984,51.04043960571289,324.2392272949219,78.33357238769531,126.72481536865234,30.9884090423584,56.45332717895508,159.3112335205078,246.27923583984375,121.35083770751953,220.8331756591797,87.24635314941406,128.34295654296875,87.36000061035156,75.9664306640625,91.8376693725586,63.08297348022461,86.07695007324219
2023-01-10,97.97692108154297,152.29612731933594,105.47229766845703,51.333984375,328.24395751953125,79.47764587402344,127.8594970703125,31.198719024658203,56.020530700683594,157.99642944335938,247.8090057373047,121.01416015625,222.51527404785156,87.6428451538086,131.83230590820312,89.87000274658203,76.39115142822266,92.04721069335938,62.73891067504883,85.4881591796875
2023-01-11,99.11608123779297,151.56942749023438,105.61519622802734,51.66423416137695,334.7839050292969,79.9334945678711,128.8096923828125,31.43646240234375,55.91232681274414,158.17408752441406,247.716796875,121.28538513183594,229.24371337890625,90.71558380126953,131.733154296875,95.08999633789062,76.8067855834961,92.2480239868164,63.135921478271484,85.79574584960938
2023-01-12,100.76251983642578,153.19583129882812,107.3302001953125,53.205352783203125,339.7990417480469,80.91667175292969,128.68052673339844,31.518760681152344,55.19099044799805,156.15750122070312,245.76316833496094,120.5372314453125,231.9078826904297,90.32902526855469,135.5199432373047,95.2699966430664,76.87005615234375,91.74164581298828,62.05955123901367,84.72362518310547
2023-01-13,100.70022583007812,153.61111450195312,108.50033569335938,53.46220397949219,343.52825927734375,81.92668151855469,131.9277801513672,32.21368408203125,55.389366149902344,155.6777801513672,247.79055786132812,121.78101348876953,232.60794067382812,91.3103256225586,135.78756713867188,98.12000274658203,76.51765441894531,91.65431213378906,62.04190444946289,83.34393310546875
2023-01-17,100.50442504882812,156.14593505859375,107.40165710449219,53.627315521240234,321.4101867675781,86.77114868164062,129.88900756835938,31.56447982788086,55.614784240722656,156.40625,252.6009521484375,121.88391876220703,233.69696044921875,90.48762512207031,134.18167114257812,96.05000305175781,77.4754638671875,90.99079132080078,61.80369186401367,83.36151123046875
2023-01-18,98.43968963623047,153.32562255859375,105.8921127319336,52.407264709472656,320.6478271484375,86.32424926757812,125.98683166503906,30.832965850830078,53.92865753173828,152.46188354492188,245.16421508789062,120.37824249267578,229.2826385498047,90.31912231445312,131.86204528808594,95.45999908447266,75.72245788574219,89.27084350585938,59.747989654541016,81.2436294555664
2023-01-19,99.07157897949219,154.8568878173828,106.86573028564453,52.6366081237793,322.1725158691406,84.15226745605469,124.30785369873047,30.384920120239258,53.847511291503906,150.6940155029297,242.897216796875,117.88127899169922,225.5100555419922,92.23217010498047,134.9647979736328,93.68000030517578,74.62909698486328,89.02640533447266,58.62747573852539,80.52303314208984
2023-01-20,100.87821197509766,156.5006103515625,108.79510498046875,52.60907745361328,313.988525390625,86.02035522460938,124.6122817993164,30.95182991027832,54.172115325927734,150.9161376953125,247.5048828125,118.4236831665039,233.57052612304688,97.15847778320312,138.15673828125,97.25,73.93331909179688,88.89544677734375,59.21860885620117,80.99757385253906
2023-01-23,100.3531265258789,156.29298400878906,107.30340576171875,51.24225997924805,320.6937561035156,86.81582641601562,126.63256072998047,31.381595611572266,54.30735397338867,150.24095153808594,248.15914916992188,118.4610824584961,235.86520385742188,98.91291809082031,142.0228271484375,97.5199966430664,74.70138549804688,88.1707992553711,58.98921203613281,81.42818450927734
2023-01-24,101.28759002685547,156.4400634765625,106.12435913085938,50.884490966796875,319.94976806640625,85.36785125732422,127.72110748291016,31.610197067260742,54.59590148925781,151.63571166992188,248.40794372558594,120.18183898925781,235.3401641845703,96.8412857055664,141.89395141601562,96.31999969482422,75.81283569335938,88.50257110595703,58.848060607910156,81.46332550048828
2023-01-25,100.75363159179688,154.9261016845703,107.51779174804688,51.60001754760742,321.14385986328125,85.48404693603516,128.33921813964844,31.88450813293457,54.93852615356445,152.73728942871094,251.57806396484375,120.8271484375,233.9497528076172,94.3830795288086,140.26821899414062,97.18000030517578,69.20742797851562,88.54621124267578,59.34213638305664,81.15576934814453
2023-01-26,104.8030014038086,162.4613037109375,111.3407974243164,52.71915817260742,326.0487976074219,86.25272369384766,129.1325225830078,32.314266204833984,54.83033752441406,151.21817016601562,253.16305541992188,120.67749786376953,241.13519287109375,96.66287231445312,146.01773071289062,99.22000122070312,69.0357666015625,88.47636413574219,59.57151412963867,81.71817779541016
2023-01-27,102.8895492553711,155.2461700439453,110.4118423461914,52.260494232177734,324.8822021484375,86.57451629638672,129.44622802734375,32.414852142333984,54.54179382324219,150.6851348876953,251.080322265625,119.82646942138672,241.290771484375,98.49661254882812,150.41909790039062,102.23999786376953,68.29479217529297,88.68589782714844,59.99501037597656,81.78848266601562
2023-01-30,101.06510925292969,150.7042694091797,107.66070556640625,51.68257141113281,328.33587646484375,86.46188354492188,128.34844970703125,32.27769088745117,54.677040100097656,150.560791015625,249.63360595703125,120.67749786376953,235.99163818359375,96.08796691894531,145.7798614501953,100.55000305175781,67.81588745117188,88.73828125,59.49211502075195,81.61273193359375
2023-01-31,103.24553680419922,150.54859924316406,108.85763549804688,52.26967239379883,336.00555419921875,87.69628143310547,129.11412048339844,32.44227981567383,55.29017639160156,151.9288787841797,246.41748046875,122.05223846435547,240.95042419433594,97.97126007080078,147.67318725585938,103.12999725341797,67.43637084960938,89.44546508789062,59.71268081665039,82.57061004638672
2023-02-01,102.11528015136719,148.24737548828125,105.13285827636719,51.09547805786133,335.9136962890625,88.47115325927734,128.7727813720703,32.8446044921875,55.299198150634766,152.4085693359375,245.37612915039062,120.64945220947266,245.7537078857422,99.54729461669922,151.7870635986328,105.1500015258789,67.08394622802734,89.5240478515625,60.753780364990234,83.17696380615234
2023-02-02,98.92028045654297,146.21429443359375,99.41621398925781,47.967376708984375,339.3673400878906,89.39019775390625,128.17315673828125,33.03662872314453,54.352439880371094,150.99606323242188,242.55624389648438,119.90129089355469,257.2756652832031,106.79302978515625,187.12673950195312,112.91000366210938,68.31288146972656,89.08750915527344,60.54204177856445,83.0890884399414
2023-02-03,99.60556030273438,146.594970703125,96.56681823730469,48.28843688964844,339.80828857421875,89.58842468261719,130.1565704345703,33.31094741821289,53.94668960571289,150.24095153808594,243.49618530273438,118.77903747558594,251.19873046875,103.85906982421875,184.90625,103.38999938964844,67.47251892089844,87.81283569335938,59.350948333740234,80.94485473632812
2023-02-06,99.43646240234375,146.75933837890625,96.01302337646484,48.70124053955078,340.5889587402344,89.11088562011719,130.92221069335938,33.25607681274414,54.253265380859375,152.63955688476562,246.89669799804688,120.69619750976562,249.66241455078125,101.9955825805664,184.44032287597656,102.18000030517578,68.23153686523438,88.88671875,59.906795501708984,81.2875747680664
2023-02-07,102.27545928955078,150.609130859375,100.059326171875,49.66900634765625,343.8956604003906,89.39920806884766,132.51817321777344,33.621829986572266,54.16309356689453,152.4085693359375,246.36216735839844,120.95807647705078,260.1537780761719,106.69392395019531,189.951904296875,102.11000061035156,68.74661254882812,88.0223617553711,59.76561737060547,81.09424591064453
2023-02-08,101.385498046875,147.07083129882812,98.96065521240234,50.424774169921875,344.5386047363281,89.1649398803711,131.58642578125,33.37495422363281,53.847511291503906,152.05323791503906,242.1968536376953,122.90325927734375,259.34674072265625,98.49661254882812,181.83322143554688,100.05000305175781,67.79780578613281,86.59054565429688,58.62747573852539,79.42454528808594
2023-02-09,101.76818084716797,145.72122192382812,98.1925048828125,49.62291717529297,338.0079650878906,88.34501647949219,129.53846740722656,32.66173553466797,53.75735092163086,153.4923858642578,240.20632934570312,122.66012573242188,256.32281494140625,94.17493438720703,176.37120056152344,98.23999786376953,66.20745849609375,85.16744995117188,58.03636169433594,78.47554016113281
2023-02-10,106.05783081054688,148.7751007080078,102.77474975585938,51.94553756713867,341.02984619140625,88.69641876220703,130.11041259765625,32.53371810913086,53.75735092163086,156.53057861328125,241.82826232910156,122.80040740966797,255.81719970703125,93.73880004882812,172.63401794433594,97.61000061035156,67.53577423095703,86.5294418334961,59.006858825683594,80.31149291992188
2023-02-13,105.64532470703125,147.94456481933594,100.7650146484375,52.821128845214844,343.546630859375,89.58842468261719,131.52188110351562,32.59772872924805,54.64097595214844,157.9253692626953,245.3115997314453,123.93199157714844,263.8097229003906,93.7784423828125,177.86802673339844,99.54000091552734,68.33094024658203,87.34138488769531,59.227420806884766,80.79041290283203
2023-02-14,104.4076919555664,149.077880859375,101.87754821777344,52.36949920654297,341.4891052246094,90.60655975341797,132.10301208496094,32.57029342651367,53.73029327392578,156.1486358642578,245.689453125,122.35150909423828,264.63623046875,93.84783172607422,177.9176025390625,99.69999694824219,68.70142364501953,86.84374237060547,58.80393981933594,80.24938201904297
2023-02-15,104.09381103515625,147.5068817138672,100.17285919189453,51.60451889038086,343.840576171875,90.84983825683594,132.65655517578125,32.51543426513672,53.73029327392578,156.36184692382812,245.64340209960938,123.1370620727539,262.52093505859375,96.08796691894531,175.61781311035156,101.16000366210938,69.5237045288086,86.660400390625,58.90980529785156,80.63964080810547
2023-02-16,103.78889465332031,145.37733459472656,97.22105407714844,51.41096115112305,340.0378723144531,89.71455383300781,130.82998657226562,32.25940704345703,53.39668655395508,155.91761779785156,244.97067260742188,123.183837890625,255.531982421875,94.67053985595703,170.9388885498047,98.1500015258789,68.39420318603516,86.69127655029297,58.10694122314453,80.44452667236328
2023-02-17,99.79804229736328,142.13063049316406,93.41691589355469,49.162086486816406,338.4764099121094,89.66050720214844,131.21742248535156,32.32341003417969,54.20817184448242,156.60165405273438,248.80419921875,123.48307800292969,251.545166015625,93.52072143554688,171.3750762939453,97.19999694824219,68.73756408691406,87.7496337890625,59.39958953857422,81.961181640625
2023-02-21,99.69940185546875,140.5159912109375,94.48458099365234,49.21739196777344,331.69769287109375,87.95757293701172,128.8096923828125,31.56447982788086,53.91964340209961,156.5128631591797,247.47723388671875,122.7080078125,246.291259765625,90.98323059082031,170.58201599121094,94.58000183105469,66.55987548828125,86.15325164794922,58.436790466308594,80.57755279541016
2023-02-22,98.4079818725586,139.94873046875,93.38101959228516,48.30492401123047,331.4864196777344,87.6422119140625,127.82258605957031,31.35417366027832,54.081939697265625,156.45953369140625,247.5601806640625,121.48665618896484,245.16055297851562,90.84445190429688,169.63038635253906,95.79000091552734,66.57793426513672,85.96802520751953,58.16043472290039,80.55095672607422
2023-02-23,99.31375122070312,141.32766723632812,94.59224700927734,49.143646240234375,333.9205322265625,88.24590301513672,128.84657287597656,31.326730728149414,54.18112564086914,156.62832641601562,245.8461456298828,120.88536834716797,248.3382568359375,90.09114074707031,170.54237365722656,95.81999969482422,65.84600830078125,85.4123764038086,57.71468734741211,80.45338439941406
2023-02-24,99.3227310180664,141.74659729003906,94.43074035644531,49.69664764404297,334.20526123046875,88.02964782714844,130.00894165039062,31.28101348876953,53.95570755004883,156.3173828125,242.98934936523438,119.15670013427734,242.92837524414062,88.34660339355469,168.90672302246094,93.5,65.89118957519531,85.48292541503906,57.55421447753906,80.20506286621094
2023-02-27,99.14337921142578,142.1044464111328,94.97804260253906,50.13905715942383,335.7483825683594,87.12862396240234,131.1436309814453,31.28101348876953,53.93768310546875,156.27297973632812,244.00308227539062,118.91242980957031,243.84466552734375,89.08010864257812,168.0641326904297,93.76000213623047,65.3528060913086,84.50392150878906,57.38483810424805,79.88574981689453
2023-02-28,98.56940460205078,140.3152618408203,92.72604370117188,49.04226303100586,322.9992370605469,86.94842529296875,132.2413787841797,31.363309860229492,53.65815353393555,154.15866088867188,244.6055145263672,119.46672821044922,243.1233367919922,89.26844787597656,173.41712951660156,94.2300033569336,64.59797668457031,83.13682556152344,56.21699523925781,78.02320861816406
2023-03-01,99.44828796386719,141.43238830566406,95.32795715332031,50.590675354003906,320.2979736328125,86.66911315917969,131.50340270996094,31.217008590698242,53.072078704833984,152.2042694091797,243.50257873535156,118.5647964477539,240.05284118652344,89.56580352783203,171.91036987304688,92.16999816894531,63.54300308227539,81.06414031982422,55.557289123535156,76.59525299072266
2023-03-02,99.90568542480469,141.87750244140625,97.19414520263672,50.96855926513672,322.9530029296875,86.56999969482422,130.13807678222656,30.82127571105957,53.847511291503906,155.0125732421875,247.99781799316406,120.8947525024414,244.7706756591797,91.1913833618164,173.0106964111328,92.12999725341797,65.67111206054688,82.70463562011719,56.760799407958984,78.04093933105469
2023-03-03,101.170166015625,143.97218322753906,97.47225952148438,51.60451889038086,330.34454345703125,88.59730529785156,132.52737426757812,31.437883377075195,53.595035552978516,154.8605194091797,249.38804626464844,121.82486724853516,248.84510803222656,92.82688903808594,183.63735961914062,94.9000015258789,67.14441680908203,84.13347625732422,57.77708435058594,79.01655578613281
2023-03-06,102.0669937133789,145.02821350097656,98.29768371582031,51.014644622802734,330.30755615234375,88.64234161376953,131.75247192382812,31.37346839904785,54.424583435058594,155.173583984375,250.84324645996094,121.47725677490234,250.38523864746094,94.29386901855469,183.29043579101562,93.75,67.66278839111328,84.65385437011719,58.15151596069336,79.2649154663086
2023-03-07,100.09400939941406,143.16050720214844,96.58403778076172,49.807247161865234,320.15924072265625,86.55197143554688,127.87793731689453,30.370319366455078,54.10898971557617,154.40440368652344,247.58998107910156,119.24124145507812,247.73391723632812,93.0350341796875,182.90379333496094,93.55000305175781,67.0716552734375,82.48413848876953,57.34918212890625,78.60858154296875
2023-03-08,98.63219451904297,142.25282287597656,96.20722198486328,49.34642028808594,323.12884521484375,86.4078140258789,127.12146759033203,29.96538543701172,54.13604736328125,154.8247528076172,245.92161560058594,119.10971069335938,247.2952423095703,93.42160034179688,183.3597869873047,93.91999816894531,67.52638244628906,83.49845123291016,57.70577621459961,79.20284271240234
2023-03-09,97.86988067626953,140.0883026123047,94.93318176269531,48.1021614074707,316.468017578125,83.07403564453125,120.23959350585938,28.10634994506836,53.61308288574219,153.65313720703125,242.4923095703125,118.42389678955078,245.95010375976562,91.5085678100586,180.10836791992188,92.25,67.08076477050781,83.10154724121094,57.54530715942383,78.72389221191406
2023-03-10,96.6591796875,139.35520935058594,93.50662994384766,47.00536346435547,303.1280822753906,81.13685607910156,123.29307556152344,27.857868194580078,53.38765335083008,153.85885620117188,242.863037109375,117.0428237915039,242.31423950195312,89.83341217041016,177.9473419189453,90.7300033569336,66.3986587524414,81.87557983398438,57.001495361328125,77.63296508789062
2023-03-13,95.54713439941406,138.51734924316406,90.33052062988281,45.01455307006836,291.8788757324219,79.28074645996094,121.07908630371094,26.238117218017578,53.92865753173828,155.3614044189453,243.8362579345703,117.33405303955078,247.5097198486328,90.3092041015625,179.3252410888672,92.43000030517578,66.65331268310547,83.05744171142578,58.0802001953125,79.2737808227539
2023-03-14,95.90584564208984,140.30648803710938,90.94063568115234,45.49382400512695,298.0214538574219,81.06477355957031,124.18791198730469,26.46819496154785,54.12702560424805,155.20042419433594,246.449951171875,119.03455352783203,254.20628356933594,93.14407348632812,192.33103942871094,94.87999725341797,67.79920959472656,83.86888122558594,58.99842071533203,80.04541015625
2023-03-15,91.13478088378906,134.2320556640625,85.4497299194336,41.7702522277832,288.8074951171875,76.93810272216797,118.3207778930664,26.21970558166504,54.48768997192383,157.97296142578125,246.85780334472656,119.43852996826172,258.7389221191406,95.26526641845703,196.02854919433594,96.19999694824219,68.6813735961914,85.403564453125,60.308895111083984,82.12081909179688
2023-03-16,90.60563659667969,134.65969848632812,86.49048614501953,42.56290054321289,291.49029541015625,78.39775848388672,120.6178207397461,26.66145896911621,54.78752899169922,157.86563110351562,250.7783660888672,120.31229400634766,269.2272644042969,99.43826293945312,203.1460418701172,100.04000091552734,69.32709503173828,85.72987365722656,60.7279052734375,81.60640716552734
2023-03-17,89.5384292602539,132.95779418945312,84.6871109008789,41.18039321899414,280.80535888671875,75.84786987304688,116.06063842773438,25.603103637695312,54.53313064575195,156.63137817382812,247.65487670898438,119.17547607421875,272.3757019042969,100.7268295288086,193.90721130371094,98.94999694824219,68.81779479980469,85.01547241210938,60.53178024291992,80.44452667236328
2023-03-20,91.8791275024414,134.91282653808594,86.27516174316406,42.599761962890625,286.34674072265625,77.16336059570312,117.28756713867188,25.538679122924805,55.060096740722656,158.83155822753906,250.93588256835938,121.0826644897461,265.35748291015625,100.33035278320312,196.08804321289062,97.70999908447266,69.09063720703125,85.82691955566406,61.111244201660156,81.38465881347656
2023-03-21,95.99552917480469,139.04100036621094,89.46023559570312,44.498409271240234,293.5162658691406,79.97453308105469,120.43330383300781,26.31174087524414,54.80569839477539,159.20718383789062,250.4447021484375,120.77263641357422,266.8683166503906,103.9978256225586,200.4001922607422,100.61000061035156,68.53585815429688,83.58663940429688,59.84531784057617,78.84805297851562
2023-03-22,93.79830932617188,136.21327209472656,88.25799560546875,43.687347412109375,290.1766357421875,78.8843002319336,117.324462890625,25.43744468688965,54.56038284301758,157.86563110351562,248.27584838867188,119.91767883300781,265.4159240722656,102.4614486694336,198.07066345214844,98.69999694824219,67.41722106933594,81.98141479492188,59.470916748046875,77.02985382080078
2023-03-23,92.74008178710938,134.86044311523438,86.50843048095703,41.917728424072266,291.2682800292969,77.34355163574219,117.01081848144531,24.820837020874023,54.44226837158203,157.09646606445312,249.89785766601562,119.95526123046875,270.6504211425781,104.67184448242188,202.50172424316406,98.70999908447266,67.126220703125,80.7466049194336,59.14107131958008,75.75267791748047
2023-03-24,92.84769439697266,136.2045135498047,85.62020111083984,41.079002380371094,289.15899658203125,75.64064025878906,115.23037719726562,24.977285385131836,55.332679748535156,160.17311096191406,251.48275756835938,120.09618377685547,273.4869079589844,104.51325988769531,204.21665954589844,98.12999725341797,68.83599090576172,83.23384857177734,61.14690017700195,79.01655578613281
2023-03-27,94.88346862792969,137.59219360351562,87.45946502685547,43.10668182373047,294.6726379394531,76.2623291015625,118.532958984375,26.21970558166504,55.74153518676758,160.53086853027344,253.8091583251953,120.52835083007812,269.4026794433594,101.5594482421875,201.07424926757812,98.04000091552734,68.6086196899414,83.51608276367188,60.83487319946289,78.5376205444336
2023-03-28,96.06729125976562,139.19813537597656,88.40737915039062,43.90854263305664,294.58935546875,76.47858428955078,118.89273834228516,25.879192352294922,55.80513000488281,160.4771728515625,255.672119140625,120.72563934326172,268.28173828125,100.14202117919922,198.93304443359375,97.23999786376953,68.4267349243164,83.56900024414062,60.968605041503906,78.8746566772461
2023-03-29,97.7174301147461,140.393798828125,90.0503921508789,44.88551330566406,296.6986083984375,77.7039566040039,119.13257598876953,26.385364532470703,56.204917907714844,161.58624267578125,257.1458740234375,120.64109802246094,273.42840576171875,100.49886322021484,203.56240844726562,100.25,69.21794128417969,84.90962982177734,61.815513610839844,79.9123764038086
2023-03-30,98.19273376464844,141.7291259765625,89.59901428222656,44.92238235473633,297.0871276855469,77.58683776855469,118.7728042602539,26.044845581054688,56.19582748413086,161.72930908203125,257.4702453613281,121.50544738769531,276.8789978027344,100.00325012207031,206.03074645996094,102.0,69.65447235107422,84.81260681152344,61.565895080566406,80.20506286621094
2023-03-31,98.34518432617188,142.40118408203125,89.56290435791016,45.254180908203125,302.6100158691406,79.10956573486328,120.21192169189453,26.320947647094727,56.35938262939453,163.04403686523438,259.15704345703125,124.08905029296875,281.021728515625,102.81829071044922,210.0950469970703,103.29000091552734,70.10011291503906,85.08604431152344,62.029476165771484,80.70173645019531
2023-04-03,104.14761352539062,148.32728576660156,97.87733459472656,48.23119354248047,302.0641784667969,78.53290557861328,120.07353973388672,26.31174087524414,56.6955451965332,163.22291564941406,261.5020446777344,125.15068054199219,279.9788513183594,103.4427490234375,211.2152099609375,102.41000366210938,69.72722625732422,83.86888122558594,61.48565673828125,80.62191772460938
2023-04-04,103.15214538574219,147.53306579589844,95.96348571777344,46.507659912109375,298.484130859375,76.42453002929688,118.46837615966797,25.75035285949707,56.522918701171875,162.64161682128906,261.63177490234375,123.63809967041016,279.9299621582031,103.79959869384766,212.850830078125,103.94999694824219,70.17286682128906,84.87435913085938,62.07404708862305,80.86138153076172
2023-04-05,104.91888427734375,148.2661895751953,97.2724838256836,46.72886276245117,297.4479064941406,75.52349853515625,118.64501953125,25.43744468688965,57.05897903442383,164.24253845214844,261.3907775878906,123.95752716064453,277.1617431640625,103.5517807006836,209.6390380859375,101.0999984741211,71.23693084716797,87.17635345458984,63.74109649658203,83.85033416748047
2023-04-06,103.17906188964844,146.3199005126953,95.9273681640625,45.73344802856445,298.25274658203125,75.85687255859375,118.5148696899414,25.621509552001953,57.0953254699707,164.886474609375,262.1971740722656,124.10786437988281,284.2384948730469,107.4670639038086,214.21884155273438,102.05999755859375,71.8189697265625,87.97015380859375,64.46322631835938,84.16075897216797
2023-04-10,102.7216796875,146.87847900390625,95.64750671386719,46.12055969238281,300.62103271484375,75.68567657470703,118.90534973144531,25.713537216186523,56.95902633666992,163.84896850585938,263.0220947265625,123.1683349609375,282.0842590332031,105.50446319580078,212.88058471679688,102.16999816894531,71.32786560058594,87.43213653564453,64.22251892089844,83.76164245605469
2023-04-11,103.44810485839844,147.69015502929688,96.3697280883789,47.134395599365234,302.85052490234375,76.66777801513672,119.49110412597656,26.422182083129883,56.85908889770508,163.59857177734375,263.6708679199219,123.60993194580078,275.68988037109375,104.4240493774414,211.9884033203125,99.91999816894531,71.24600982666016,87.62617492675781,64.03531646728516,83.6729507446289
2023-04-12,103.3404769897461,148.2138214111328,97.0738754272461,47.90861129760742,305.5055847167969,77.01017761230469,119.47249603271484,26.21050262451172,56.95902633666992,163.27658081054688,264.4308776855469,123.99510955810547,276.333251953125,103.72029113769531,212.13710021972656,97.83000183105469,71.4733657836914,87.67912292480469,64.29385375976562,83.60199737548828
2023-04-13,103.82476043701172,150.19500732421875,98.43702697753906,47.82564926147461,307.2539978027344,77.20840454101562,119.92809295654297,26.284128189086914,57.37698745727539,164.9043426513672,267.92510986328125,126.51300048828125,282.52288818359375,106.48577880859375,218.4318389892578,102.4000015258789,71.70982360839844,87.44096374511719,64.59693908691406,83.34477233886719
2023-04-14,104.07587432861328,150.50050354003906,97.94955444335938,48.369441986083984,311.685302734375,78.12744903564453,128.98379516601562,27.167631149291992,57.286128997802734,164.12623596191406,267.841796875,126.71966552734375,278.9162902832031,107.91311645507812,219.56190490722656,102.51000213623047,70.95500183105469,86.11797332763672,64.13337707519531,82.04100036621094
2023-04-17,102.86517333984375,149.17385864257812,95.34056854248047,47.98234176635742,314.238525390625,80.45208740234375,130.00653076171875,27.949899673461914,57.65864944458008,164.96693420410156,268.1475830078125,128.80535888671875,281.50909423828125,105.03860473632812,216.95481872558594,102.73999786376953,71.42789459228516,86.79711151123047,64.48995971679688,82.74166870117188
2023-04-18,104.87405395507812,148.82476806640625,94.74474334716797,48.08371353149414,308.90069580078125,80.95664978027344,131.46621704101562,28.124757766723633,57.7495002746582,165.30682373046875,269.6304931640625,129.25628662109375,281.0899963378906,103.5815200805664,215.9932403564453,102.30000305175781,71.20963287353516,85.91509246826172,64.70391082763672,82.01438903808594
2023-04-19,104.54222869873047,148.9644317626953,95.02461242675781,48.507694244384766,311.6575622558594,81.49726104736328,131.29888916015625,27.664600372314453,57.8585319519043,165.20843505859375,269.96417236328125,128.82412719726562,281.1679992675781,103.26433563232422,213.82232666015625,104.30000305175781,71.79167938232422,86.78829193115234,64.90896606445312,82.96340942382812
2023-04-20,103.70817565917969,148.24002075195312,93.68852233886719,47.89939498901367,313.3411865234375,81.479248046875,130.91766357421875,27.517351150512695,58.11294174194336,165.75399780273438,269.7138977050781,129.18113708496094,278.88702392578125,104.36457061767578,211.2152099609375,103.80999755859375,71.6188735961914,86.6295166015625,65.0961685180664,82.9367904663086
2023-04-21,104.04000091552734,147.60287475585938,92.31632232666016,45.899349212646484,316.07025146484375,82.1009521484375,130.66664123535156,27.489744186401367,58.1947135925293,165.8255615234375,270.69635009765625,129.9609375,278.5459289550781,104.48352813720703,211.0367889404297,106.95999908447266,71.83714294433594,86.75300598144531,65.62213897705078,83.30044555664062
2023-04-24,106.00404357910156,149.6626434326172,93.57115936279297,46.28645324707031,318.1979675292969,81.27200317382812,130.84332275390625,27.388507843017578,58.103858947753906,165.90606689453125,271.7530517578125,130.49644470214844,274.6565856933594,105.03860473632812,210.9376220703125,106.20999908447266,71.88262176513672,87.22928619384766,66.05897521972656,83.58424377441406
2023-04-25,104.49737548828125,147.4894256591797,92.1628646850586,45.125152587890625,314.05352783203125,79.34381866455078,127.99829864501953,26.541818618774414,58.01300048828125,169.67137145996094,270.1866149902344,129.472412109375,268.4670104980469,102.9372329711914,205.7432403564453,102.56999969482422,70.77310180664062,87.97015380859375,65.95201110839844,83.70842742919922
2023-04-26,103.53778839111328,144.86236572265625,90.70037841796875,44.037574768066406,311.3521728515625,79.68621063232422,125.72969055175781,26.17369270324707,57.74042892456055,168.62493896484375,268.56463623046875,129.66026306152344,287.91326904296875,102.79845428466797,207.57713317871094,104.9800033569336,67.3626708984375,86.74417114257812,64.71283721923828,81.81927490234375
2023-04-27,104.775390625,145.70895385742188,91.38648223876953,44.2034797668457,316.0147399902344,81.3260726928711,127.42183685302734,26.58783721923828,57.8585319519043,169.6534881591797,273.1618957519531,131.34201049804688,297.1344299316406,106.64436340332031,236.48333740234375,109.81999969482422,68.98149871826172,87.73201751708984,65.53299713134766,82.31594848632812
2023-04-28,106.12957763671875,147.1315460205078,92.88504791259766,45.4846076965332,317.7168884277344,81.76683044433594,128.5282440185547,26.946760177612305,58.28556823730469,170.7266845703125,274.1164855957031,132.07481384277344,299.5030822753906,106.39655303955078,238.2279815673828,105.44999694824219,69.69085693359375,87.21163177490234,65.56867980957031,81.97004699707031
2023-05-01,102.83826446533203,145.9620819091797,92.56005859375,45.30026626586914,315.0618896484375,79.912841796875,131.28030395507812,26.72588539123535,58.42185592651367,171.43325805664062,275.8126525878906,133.62496948242188,297.8460388183594,106.25778198242188,241.06307983398438,102.05000305175781,69.8454818725586,87.39683532714844,66.05006408691406,82.17403411865234
2023-05-02,98.73980712890625,139.67813110351562,89.04833984375,42.56290054321289,308.401123046875,78.42237091064453,129.16046142578125,25.91600227355957,58.15837097167969,171.9430389404297,276.26678466796875,134.2544708251953,297.6998291015625,104.39431762695312,237.1573944091797,103.62999725341797,69.0633544921875,86.08268737792969,65.21205139160156,80.95895385742188
2023-05-03,96.79368591308594,136.87652587890625,86.74628448486328,41.72416687011719,304.03466796875,77.02278137207031,126.427001953125,25.639917373657227,57.83127975463867,171.8804473876953,273.625244140625,129.00262451171875,296.71527099609375,104.48352813720703,234.96661376953125,103.6500015258789,68.56314849853516,85.84456634521484,65.37252044677734,80.59529113769531
2023-05-04,95.09870910644531,136.3441619873047,87.8927993774414,41.53982925415039,297.19818115234375,75.07789611816406,124.69766998291016,24.839242935180664,57.89488220214844,172.95370483398438,273.56964111328125,128.07257080078125,297.6998291015625,103.76985168457031,231.4871826171875,104.0,68.67227172851562,86.5324935913086,66.19269561767578,81.10086059570312
2023-05-05,97.46631622314453,139.82652282714844,90.61009979248047,42.16658401489258,302.5267639160156,77.14093017578125,127.13362884521484,25.501867294311523,58.16744613647461,173.74966430664062,274.9043273925781,129.1717529296875,302.80755615234375,104.6421127319336,230.7536163330078,105.66000366210938,68.67227172851562,87.63500213623047,66.80782318115234,81.69509887695312
2023-05-08,97.8519515991211,139.27667236328125,91.08857727050781,42.95922088623047,302.0549011230469,76.73196411132812,127.44046020507812,25.48345947265625,58.076595306396484,172.92686462402344,274.9877014160156,128.2698211669922,300.85809326171875,106.8227767944336,231.2393798828125,105.83000183105469,69.17247009277344,87.22928619384766,66.47796630859375,81.72171020507812
2023-05-09,97.87885284423828,138.8751678466797,91.6573257446289,43.4753532409668,300.4452819824219,76.67743682861328,126.8268051147461,25.455852508544922,57.59505081176758,173.63339233398438,274.9599304199219,129.2845001220703,299.2496643066406,106.40646362304688,231.3385009765625,106.62000274658203,68.7359390258789,86.4795913696289,66.5849609375,81.53375244140625
2023-05-10,96.62330627441406,137.1034393310547,90.70037841796875,42.26795959472656,298.39154052734375,76.08668518066406,126.89186096191406,25.1429443359375,57.69499588012695,173.74966430664062,274.8764953613281,129.40664672851562,304.4256286621094,110.76779174804688,231.05101013183594,110.19000244140625,69.92731475830078,87.44096374511719,67.44969940185547,82.08865356445312
2023-05-11,94.87450408935547,136.3441619873047,90.17677307128906,40.68267059326172,296.6986083984375,75.0960693359375,126.49209594726562,25.207365036010742,58.02207565307617,174.7066650390625,273.2267150878906,129.03079223632812,302.28118896484375,115.54544067382812,233.73741149902344,112.18000030517578,69.20885467529297,86.72369384765625,66.54930114746094,81.15786743164062
2023-05-12,94.86553192138672,136.69326782226562,89.76150512695312,40.6181526184082,295.5700378417969,74.87796783447266,124.67911529541016,24.931272506713867,58.24922180175781,175.40428161621094,274.4779968261719,130.13003540039062,301.1699523925781,116.47715759277344,231.77464294433594,110.26000213623047,70.90043640136719,86.83059692382812,66.00933074951172,82.03495025634766
2023-05-15,95.04646301269531,137.19949340820312,91.00467681884766,41.10664367675781,297.9474792480469,75.38688659667969,125.72969055175781,25.44664764404297,58.09476852416992,173.74966430664062,274.2554931640625,129.4442138671875,301.6475830078125,115.48597717285156,236.7806854248047,111.19999694824219,70.51844787597656,85.83265686035156,65.17242431640625,80.62981414794922
2023-05-16,92.73971557617188,133.9789276123047,88.9902114868164,39.86239242553711,296.7818603515625,74.39627838134766,124.88362121582031,25.179759979248047,57.440589904785156,172.99839782714844,272.6335144042969,130.38369750976562,303.87005615234375,118.45960235595703,236.74107360839844,113.4000015258789,68.9723892211914,83.76546478271484,63.804534912109375,78.8398208618164
2023-05-17,94.82030487060547,135.8990478515625,91.38578033447266,41.01448059082031,305.4500427246094,76.25936889648438,128.7234649658203,26.2933349609375,57.37698745727539,171.77310180664062,271.9939270019531,128.9180908203125,306.7420654296875,119.77790069580078,240.37908935546875,115.5,68.51766204833984,82.88333892822266,63.84052276611328,77.92693328857422
2023-05-18,95.67967987060547,135.7316131591797,91.41300964355469,41.33707046508789,304.8949890136719,76.78648376464844,129.69973754882812,26.201303482055664,57.05897903442383,171.32594299316406,272.5408020019531,130.0736846923828,311.1575622558594,121.75041198730469,244.70114135742188,118.1500015258789,68.29940032958984,82.69623565673828,63.93952178955078,77.5420913696289
2023-05-19,96.12293243408203,136.8068084716797,93.10079956054688,41.72416687011719,301.7219543457031,74.74163055419922,129.4021759033203,25.869991302490234,57.08624267578125,171.5763397216797,273.9310607910156,129.91395568847656,310.98175048828125,121.68103790283203,243.5016632080078,116.25,67.73555755615234,82.42892456054688,64.26348876953125,77.47049713134766
2023-05-22,94.95600128173828,134.3479461669922,94.12618255615234,42.396995544433594,300.58404541015625,74.76890563964844,128.33299255371094,26.081663131713867,55.88690948486328,166.92562866210938,268.18463134765625,126.74783325195312,313.756103515625,123.9509048461914,246.15834045410156,115.01000213623047,67.82649993896484,81.94776916503906,63.84951400756836,77.33623504638672
2023-05-23,96.24957275390625,138.23452758789062,94.72506713867188,42.452293395996094,299.33514404296875,75.10515594482422,126.99414825439453,26.302536010742188,55.7869758605957,166.41583251953125,265.422607421875,123.4971694946289,307.97296142578125,121.4827880859375,244.5921173095703,114.98999786376953,67.44452667236328,80.86073303222656,64.02950286865234,76.96929931640625
2023-05-24,97.32605743408203,138.60470581054688,94.35302734375,42.60898208618164,295.8567810058594,73.81464385986328,125.83196258544922,25.86078643798828,55.31450271606445,165.36048889160156,265.0055236816406,122.95227813720703,306.59552001953125,119.83737182617188,247.0406036376953,116.75,67.51727294921875,80.33502197265625,63.7595329284668,76.22644805908203
2023-05-25,95.5801773071289,136.21630859375,92.27507019042969,41.62278747558594,299.6219177246094,75.43234252929688,126.13877868652344,25.92521095275879,54.88747787475586,164.3856201171875,264.6347961425781,122.37915802001953,318.3865051269531,122.39470672607422,250.49032592773438,115.0,66.74425506591797,79.20341491699219,62.832618713378906,73.83683776855469
2023-05-26,94.95600128173828,135.7932891845703,92.42024230957031,40.99605178833008,307.1430358886719,76.25028228759766,127.3195571899414,26.054052352905273,54.751182556152344,164.1888427734375,265.1167907714844,122.5726547241211,325.19537353515625,123.51476287841797,259.7589111328125,120.11000061035156,67.65770721435547,79.03411102294922,62.51765441894531,73.61309051513672
2023-05-30,94.11471557617188,134.9472198486328,91.83041381835938,40.8393669128418,306.0513610839844,75.81404876708984,127.80302429199219,26.008039474487305,54.31505584716797,162.42694091796875,264.0787048339844,120.61882019042969,323.55426025390625,122.58301544189453,260.2347412109375,121.66000366210938,66.53190612792969,78.41930389404297,62.84162521362305,73.20137786865234
2023-05-31,92.4321517944336,132.7439422607422,90.10633850097656,39.475284576416016,301.9219665527344,74.30541229248047,126.1760025024414,25.57549285888672,54.20602798461914,163.08877563476562,264.2547607421875,121.46832275390625,320.7994689941406,121.7900619506836,262.4155578613281,120.58000183105469,67.2366714477539,79.55982971191406,62.76962661743164,74.3917236328125
2023-06-01,93.49958801269531,134.10116577148438,90.31503295898438,41.45689010620117,294.93084716796875,74.58715057373047,127.91459655761719,25.770299911499023,54.514949798583984,164.08395385742188,266.8128967285156,124.82855224609375,324.8925476074219,122.63259887695312,270.2369384765625,122.7699966430664,66.7790298461914,78.51732635498047,62.25667190551758,73.40721893310547
2023-06-02,95.6706314086914,137.71456909179688,92.87394714355469,43.10668182373047,301.6888732910156,76.65924835205078,130.60157775878906,26.63302230834961,55.568904876708984,165.76809692382812,270.1299743652344,126.9805908203125,327.6474304199219,123.57423400878906,270.2369384765625,124.25,67.59363555908203,79.90731811523438,62.499637603759766,74.68706512451172
2023-06-05,95.24546813964844,137.05355834960938,92.6198501586914,42.599761962890625,299.9737548828125,76.1048583984375,129.31854248046875,26.47532081604004,55.196388244628906,165.8851776123047,268.7509460449219,126.64079284667969,328.1749572753906,124.9024658203125,269.02752685546875,125.30000305175781,67.35566711425781,80.33502197265625,62.71562957763672,75.17931365966797
2023-06-06,96.02342987060547,137.30035400390625,92.50190734863281,43.50791931152344,304.6251220703125,78.03157806396484,129.5509490966797,27.115398406982422,54.79661178588867,163.5165557861328,265.1264343261719,125.42320251464844,325.9671936035156,126.1910400390625,268.75982666015625,126.61000061035156,67.16345977783203,79.96969604492188,62.42764663696289,74.6781234741211
2023-06-07,98.17637634277344,140.86083984375,95.10619354248047,44.60140609741211,312.9679260253906,78.61322784423828,130.80615234375,27.347314834594727,54.71484375,162.2106475830078,262.66650390625,125.0079116821289,315.9052734375,121.4233169555664,261.3053283691406,121.2300033569336,67.88654327392578,81.59136199951172,63.11159133911133,75.69841766357422
2023-06-08,97.86882019042969,140.34085083007812,94.8611831665039,43.97126007080078,312.7069091796875,78.44053649902344,130.84332275390625,27.115398406982422,54.85111999511719,164.0028839111328,266.2817687988281,125.72523498535156,317.7417907714844,121.06648254394531,262.2767639160156,124.25,68.5546875,81.9745101928711,63.96651840209961,75.78791809082031
2023-06-09,97.14513397216797,140.0059814453125,94.2713623046875,44.04539489746094,313.2195739746094,78.34966278076172,131.10362243652344,27.152503967285156,54.941986083984375,164.22804260253906,267.2229309082031,125.95176696777344,319.2364807128906,121.15569305419922,262.6435852050781,123.43000030517578,67.79499053955078,81.54682159423828,64.12850189208984,74.89290618896484
2023-06-12,96.26766967773438,138.65756225585938,93.30043029785156,43.57278823852539,316.4541015625,79.46753692626953,131.09434509277344,27.02263832092285,54.70576095581055,163.82275390625,268.8814697265625,127.07498168945312,324.1795349121094,122.55329895019531,268.6904602050781,126.56999969482422,67.7126235961914,81.43098449707031,63.75053405761719,74.90187072753906
2023-06-13,96.28575897216797,139.69752502441406,93.83580780029297,44.44387435913086,319.2598876953125,80.23092651367188,132.0426788330078,27.273103713989258,54.92380905151367,163.49851989746094,268.86273193359375,128.34921264648438,326.5630187988281,122.74161529541016,268.9580993652344,126.66000366210938,68.05127716064453,80.86963653564453,63.399559020996094,74.40066528320312
2023-06-14,95.12788391113281,138.44602966308594,93.16432189941406,43.80445861816406,315.4567565917969,79.95828247070312,131.5499267578125,27.013362884521484,55.29633712768555,164.96656799316406,268.76025390625,128.69845581054688,329.5426025390625,122.58301544189453,270.970458984375,126.41999816894531,67.18177032470703,80.94982147216797,63.42655563354492,74.83026885986328
2023-06-15,95.78822326660156,139.49481201171875,94.50730895996094,44.388267517089844,316.6871643066406,80.93071746826172,133.0375213623047,27.245275497436523,56.05619812011719,167.25413513183594,272.6457214355469,131.38853454589844,340.0538635253906,123.99055480957031,279.37664794921875,127.11000061035156,68.06044006347656,81.69828796386719,63.67854309082031,75.96691131591797
2023-06-16,95.10073852539062,138.59584045410156,95.20601654052734,44.27706527709961,315.35418701171875,80.05826568603516,133.19557189941406,27.078290939331055,56.459014892578125,167.5513153076172,273.66143798828125,130.8033447265625,334.417236328125,122.44425964355469,278.5538635253906,125.48999786376953,69.18623352050781,82.1348876953125,64.57845306396484,76.01166534423828
2023-06-20,92.92064666748047,135.4407501220703,92.58357238769531,43.795188903808594,308.2792053222656,78.82225799560547,132.516845703125,26.78144645690918,56.08366394042969,166.8938751220703,273.0465087890625,128.19821166992188,330.2362060546875,122.01803588867188,281.8548889160156,125.77999877929688,68.4265365600586,81.03893280029297,63.30057907104492,75.66260528564453
2023-06-21,93.96094512939453,136.49835205078125,94.09895324707031,44.2585334777832,303.0126037597656,78.46781158447266,132.32162475585938,26.503149032592773,56.23930740356445,167.00196838378906,274.4255065917969,129.06658935546875,325.8499450683594,119.4904556274414,279.1883544921875,124.83000183105469,69.36014556884766,81.66265869140625,64.47046661376953,76.47705841064453
2023-06-22,93.44532012939453,134.524169921875,92.03912353515625,43.405975341796875,297.89508056640625,76.79559326171875,129.7740936279297,25.937280654907227,56.623809814453125,168.7311553955078,273.2886657714844,128.68905639648438,331.8577880859375,122.06759643554688,282.4000244140625,130.14999389648438,68.76519775390625,80.994384765625,64.16450500488281,76.16380310058594
2023-06-23,92.63118743896484,133.3872833251953,91.15892791748047,43.17430877685547,293.3555603027344,75.95946502685547,129.0953826904297,25.742469787597656,56.028743743896484,167.57838439941406,270.1299743652344,127.99057006835938,327.2762145996094,121.26470947265625,286.2166442871094,129.3300018310547,67.88654327392578,79.94296264648438,63.399559020996094,74.72286987304688
2023-06-26,94.34087371826172,135.7316131591797,92.48259735107422,43.88785171508789,291.1650085449219,75.96853637695312,129.41148376464844,26.057872772216797,56.04704666137695,166.515625,269.3659973144531,126.69742584228516,321.00457763671875,117.29987335205078,276.0458984375,127.33000183105469,67.9963607788086,80.94091033935547,64.55146789550781,74.98240661621094
2023-06-27,94.57606506347656,135.30856323242188,92.00788879394531,44.61066818237305,292.1810607910156,76.73196411132812,129.42080688476562,26.197021484375,55.928035736083984,167.71343994140625,271.42510986328125,126.74462890625,326.83660888671875,117.28996276855469,284.5511779785156,129.17999267578125,67.6485595703125,80.65576934814453,64.00251770019531,74.6781234741211
2023-06-28,95.34497833251953,136.53358459472656,93.57803344726562,45.027687072753906,292.37677001953125,76.33207702636719,128.85362243652344,26.039318084716797,55.40620040893555,165.44390869140625,271.8351135253906,127.57524871826172,328.0870361328125,119.12369537353516,282.8065185546875,129.0399932861328,67.2183837890625,79.39053344726562,62.87760543823242,73.04923248291016
2023-06-29,96.52095031738281,137.6969451904297,94.0801010131836,44.916481018066406,301.1669006347656,77.46810150146484,133.3536376953125,26.586637496948242,54.948448181152344,165.60601806640625,274.3788757324219,129.557373046875,327.3055114746094,118.0531997680664,279.0792541503906,127.9000015258789,66.64175415039062,79.19449615478516,62.220672607421875,74.51702117919922
2023-06-30,97.01848602294922,138.6751708984375,94.58218383789062,45.51882553100586,300.65423583984375,77.61351776123047,135.222412109375,26.614469528198242,55.13154220581055,166.8128204345703,278.050048828125,130.77503967285156,332.6686096191406,118.6479263305664,284.4818420410156,130.36000061035156,67.91398620605469,79.96077728271484,63.219581604003906,75.35830688476562
2023-07-03,97.20845031738281,138.55178833007812,95.14815521240234,45.843162536621094,304.44805908203125,78.53143310546875,136.31021118164062,27.08757209777832,55.46112823486328,167.1551055908203,274.7236328125,129.56683349609375,330.17755126953125,118.8461685180664,283.5301208496094,130.22000122070312,68.07874298095703,80.833984375,63.50755310058594,76.3606948852539
2023-07-05,96.7109375,137.75860595703125,94.95645904541016,45.68562698364258,298.33319091796875,78.08610534667969,135.40219116210938,26.97625160217285,55.873104095458984,168.0376739501953,276.64312744140625,128.99110412597656,330.3338623046875,120.6799087524414,291.80743408203125,130.3800048828125,68.60042572021484,81.62700653076172,64.50646209716797,76.79029846191406
2023-07-06,93.10155487060547,134.7357177734375,91.59710693359375,45.51882553100586,291.7616271972656,75.73226928710938,134.06350708007812,26.234127044677734,55.442813873291016,168.0557098388672,274.7982177734375,126.38595581054688,333.3817443847656,119.0543212890625,289.44818115234375,128.36000061035156,66.83393096923828,80.6914291381836,63.70553207397461,76.36965942382812
2023-07-07,93.31867218017578,135.9166717529297,94.23529815673828,49.43870544433594,293.7843322753906,75.75951385498047,135.12136840820312,26.466041564941406,54.710411071777344,164.885498046875,272.17059326171875,125.9612045288086,329.42529296875,118.42984771728516,288.0008850097656,129.77999877929688,65.94612884521484,79.9875259399414,63.60655212402344,75.4388656616211
2023-07-10,94.70271301269531,136.82440185546875,95.25770568847656,49.68891525268555,294.9961242675781,75.79586791992188,135.8795928955078,26.586637496948242,54.298439025878906,165.98428344726562,274.3974914550781,127.24490356445312,324.1599426269531,115.42648315429688,291.5397644042969,127.12999725341797,65.63492584228516,79.49745178222656,63.1205940246582,75.48360443115234
2023-07-11,95.86061096191406,139.35379028320312,98.0784683227539,51.940757751464844,299.10687255859375,77.21363067626953,138.00460815429688,26.920595169067383,54.49069595336914,165.69602966308594,274.6304931640625,126.64079284667969,324.78515625,116.11041259765625,295.693359375,128.77999877929688,66.07427978515625,80.97655487060547,63.651546478271484,76.98719024658203
2023-07-12,96.33098602294922,140.69342041015625,99.7855224609375,52.52457809448242,304.2523193359375,77.94977569580078,138.68801879882812,27.236000061035156,54.78364944458008,164.96656799316406,275.44110107421875,127.51864624023438,329.40582275390625,117.88468933105469,306.6471862792969,130.8000030517578,67.24584197998047,82.29527282714844,64.42546844482422,78.07908630371094
2023-07-13,94.56702423095703,138.8162078857422,100.91748809814453,53.21031951904297,306.37762451171875,78.34966278076172,139.36199951171875,27.523571014404297,55.25055694580078,168.89328002929688,275.0777282714844,128.32093811035156,334.7395935058594,123.44537353515625,310.68170166015625,134.3000030517578,67.46550750732422,83.14176177978516,64.32649230957031,78.11487579345703
2023-07-14,91.31045532226562,135.35264587402344,97.75894927978516,52.94157791137695,304.0566101074219,77.9588623046875,140.20452880859375,27.004087448120117,55.75408935546875,169.50572204589844,274.8168640136719,127.95281982421875,337.260009765625,124.3176498413086,306.1812744140625,134.67999267578125,66.99871063232422,82.87445068359375,64.23649597167969,78.06118774414062
2023-07-17,91.7084732055664,135.22923278808594,97.16559600830078,52.367034912109375,304.99810791015625,78.49508666992188,143.58399963378906,27.273103713989258,55.671695709228516,167.18209838867188,274.5745544433594,128.12269592285156,337.7386779785156,123.55441284179688,307.9159851074219,133.55999755859375,66.50443267822266,81.77847290039062,63.156593322753906,76.50389862060547
2023-07-18,91.2923583984375,135.50244140625,99.2743148803711,52.80257797241211,314.38470458984375,83.55724334716797,143.84608459472656,28.47905921936035,55.451961517333984,166.1193389892578,273.7732238769531,126.32933807373047,351.1805725097656,122.67224884033203,309.33355712890625,132.8300018310547,65.94612884521484,81.00328826904297,62.17566680908203,75.7789535522461
2023-07-19,91.92557525634766,136.33087158203125,99.94071960449219,53.154720306396484,317.4421691894531,84.66600036621094,144.39840698242188,29.24901008605957,56.431556701660156,167.74945068359375,274.0620422363281,128.30206298828125,346.87255859375,120.95744323730469,313.2591247558594,135.36000061035156,65.99188232421875,81.66265869140625,63.1205940246582,76.40544128417969
2023-07-20,93.5448226928711,137.83792114257812,101.95814514160156,53.06204605102539,327.0526428222656,85.24764251708984,146.1770477294922,29.397436141967773,57.11818313598633,170.48739624023438,276.857421875,128.2548370361328,338.8523254394531,118.1523208618164,299.8865051269531,129.9600067138672,67.82245635986328,83.04375457763672,63.95751953125,77.70320129394531
2023-07-21,93.9790267944336,139.8561248779297,103.05357360839844,51.903690338134766,328.07794189453125,85.4384765625,145.05368041992188,29.666454315185547,57.16394805908203,171.26190185546875,275.44110107421875,129.8217010498047,335.8239440917969,118.96510314941406,291.69842529296875,130.0,69.46995544433594,84.45156860351562,65.74835205078125,78.69664001464844
2023-07-24,95.45353698730469,142.61468505859375,104.72413635253906,52.83964538574219,334.5750427246094,86.0383071899414,147.9088897705078,30.287986755371094,57.18226623535156,171.94635009765625,275.1615295410156,130.19921875,337.1329650878906,120.46184539794922,289.0715026855469,128.8000030517578,69.10386657714844,84.44265747070312,65.64936828613281,78.40127563476562
2023-07-25,95.59827423095703,143.26683044433594,106.05691528320312,53.63660430908203,330.6321105957031,85.81110382080078,146.80426025390625,29.82415771484375,56.99000930786133,172.34263610839844,272.412841796875,129.30255126953125,342.8672790527344,121.13585662841797,291.9065856933594,129.1300048828125,69.04894256591797,84.9059829711914,65.34339141845703,78.34758758544922
2023-07-26,95.06453704833984,142.19163513183594,106.65027618408203,53.441993713378906,333.29803466796875,85.01134490966797,147.68423461914062,30.065345764160156,57.722415924072266,172.5587921142578,271.8444519042969,129.59515380859375,329.9626770019531,128.13381958007812,295.9709167480469,128.14999389648438,68.069580078125,85.14656829833984,65.77534484863281,78.41023254394531
2023-07-27,95.36306762695312,140.71102905273438,105.69178009033203,52.83964538574219,330.4549255371094,84.29336547851562,146.0553436279297,29.638628005981445,57.16394805908203,169.79388427734375,275.0497131347656,128.585205078125,323.07562255859375,128.26266479492188,308.99658203125,128.25,67.06277465820312,84.14862060546875,65.5683822631836,76.30699920654297
2023-07-28,94.22327423095703,140.01475524902344,105.8287124633789,52.96011734008789,329.2618408203125,83.99067687988281,146.88851928710938,29.592243194580078,57.200584411621094,171.39700317382812,273.96893310546875,129.25537109375,330.5487365722656,131.41473388671875,322.64666748046875,132.2100067138672,66.6783447265625,83.1684799194336,65.10941314697266,76.45018768310547
2023-07-31,97.00943756103516,144.23631286621094,107.46273803710938,54.062870025634766,331.7226867675781,83.98150634765625,147.8714141845703,29.685012817382812,56.69705581665039,168.8302459716797,273.19549560546875,129.94436645507812,328.15545654296875,131.5535125732422,315.8265380859375,133.67999267578125,67.09024047851562,83.41797637939453,65.10041809082031,75.84162139892578
2023-08-01,96.44859313964844,143.03770446777344,107.1523666381836,53.386390686035156,333.44708251953125,83.41283416748047,147.14126586914062,29.332502365112305,56.55056381225586,168.25384521484375,271.21087646484375,128.7078857421875,328.5656433105469,130.39376831054688,319.9007568359375,131.69000244140625,66.05596923828125,82.10816192626953,64.1465072631836,75.20616912841797
2023-08-02,95.24546813964844,140.772705078125,105.51831817626953,53.25665283203125,327.2763366699219,81.92691802978516,145.47494506835938,28.933609008789062,56.724510192871094,169.5957489013672,269.8597412109375,127.4242172241211,319.92999267578125,127.25163269042969,311.5738525390625,128.2100067138672,65.81798553466797,82.44673919677734,63.86751937866211,75.62680053710938
2023-08-03,96.90089416503906,140.71981811523438,104.9706039428711,53.72926712036133,329.196533203125,81.76182556152344,146.36428833007812,29.137693405151367,56.431556701660156,168.52398681640625,271.16424560546875,128.00942993164062,319.1094665527344,127.32099914550781,310.46368408203125,128.91000366210938,64.16132354736328,80.52214813232422,61.752716064453125,73.38038635253906
2023-08-04,97.1722640991211,140.4025421142578,103.80213928222656,53.441993713378906,329.25250244140625,81.4407730102539,146.0553436279297,29.0356502532959,55.58013916015625,166.25448608398438,267.4371643066406,126.81071472167969,320.20355224609375,126.98400115966797,308.0251159667969,139.57000732421875,63.31011199951172,79.7113037109375,61.05077362060547,72.70913696289062
2023-08-07,96.97325897216797,140.9137420654297,104.50505065917969,53.71999740600586,331.4337158203125,81.70677947998047,146.74807739257812,29.573688507080078,56.01958084106445,168.3168487548828,271.5183410644531,127.52809143066406,322.47967529296875,130.37393188476562,313.80426025390625,142.22000122070312,62.82501220703125,79.8895034790039,61.21274948120117,72.38693237304688
2023-08-08,97.45270538330078,140.70223999023438,105.51831817626953,54.22041320800781,324.6290588378906,81.14726257324219,145.9242706298828,29.007822036743164,55.772396087646484,166.1103515625,269.82257080078125,126.61248016357422,318.5135192871094,130.24508666992188,309.9184875488281,139.94000244140625,62.88908004760742,82.09033966064453,61.92369079589844,72.33324432373047
2023-08-09,99.10811614990234,140.88731384277344,106.29427337646484,55.147090911865234,319.4370422363281,80.31258392333984,143.96774291992188,28.62748146057129,55.90056610107422,165.69602966308594,268.5645751953125,125.80076599121094,314.7818603515625,128.5203857421875,302.5531311035156,137.85000610351562,63.08129119873047,82.70515441894531,62.26567077636719,72.98430633544922
2023-08-10,99.61468505859375,141.7421875,105.73743438720703,54.600345611572266,317.3023376464844,80.38597106933594,143.75247192382812,28.701692581176758,55.772396087646484,165.48892211914062,267.97760009765625,126.82960510253906,315.46563720703125,128.55010986328125,303.07855224609375,138.55999755859375,62.504661560058594,82.78534698486328,62.46365737915039,73.31891632080078
2023-08-11,101.16155242919922,144.6681365966797,107.54489135742188,55.27683639526367,317.6099853515625,80.44100189208984,144.5856170654297,29.0263729095459,56.00126266479492,165.75009155273438,268.9280090332031,126.66911315917969,313.59002685546875,128.4212646484375,299.0141906738281,138.41000366210938,63.08129119873047,83.59617614746094,62.54463577270508,73.3460464477539
2023-08-14,101.24298095703125,144.56239318847656,107.43534851074219,55.15636444091797,314.8229064941406,80.10163879394531,144.88519287109375,28.692415237426758,55.735774993896484,165.37184143066406,269.1050720214844,127.22599029541016,316.550048828125,130.1757049560547,303.5245361328125,140.57000732421875,62.75178527832031,82.67841339111328,61.941688537597656,72.34228515625
2023-08-15,98.64371490478516,140.34085083007812,105.90423583984375,54.0536003112793,309.6681823730469,79.02848815917969,141.1968231201172,27.77403450012207,55.36042022705078,163.32742309570312,268.6298522949219,125.27217102050781,314.42034912109375,128.63931274414062,299.321533203125,137.6699981689453,61.644290924072266,81.47552490234375,60.99677276611328,71.52843475341797
2023-08-16,96.98384857177734,139.8032684326172,105.1065902709961,53.534664154052734,306.7784729003906,78.87254333496094,140.59768676757812,27.17106056213379,55.36957550048828,163.2013702392578,265.92767333984375,124.1772689819336,313.65679931640625,127.5688247680664,291.72821044921875,135.07000732421875,61.836509704589844,81.70718383789062,61.29374313354492,71.60982513427734
2023-08-17,98.86260986328125,142.14341735839844,107.02278137207031,53.64585876464844,305.2963562011719,78.68910217285156,139.1373291015625,27.161787033081055,55.488590240478516,160.7156524658203,262.6292419433594,122.62931823730469,310.21087646484375,128.77810668945312,282.6082458496094,133.97999572753906,61.79074478149414,81.72972106933594,61.419734954833984,71.23905944824219
2023-08-18,100.35831451416016,143.16664123535156,107.53620147705078,53.775596618652344,302.8821105957031,77.86359405517578,139.45562744140625,27.004087448120117,55.799869537353516,160.47247314453125,262.51739501953125,121.87419891357422,309.81927490234375,126.3397216796875,280.7843017578125,133.22000122070312,62.0836296081543,82.1802749633789,61.65614700317383,71.45609283447266
2023-08-21,99.14534759521484,142.6861572265625,107.46286010742188,53.22885513305664,300.20684814453125,77.27655792236328,139.9330596923828,27.041189193725586,55.323795318603516,159.45474243164062,260.933349609375,121.5721664428711,315.1056823730469,127.24170684814453,287.3763732910156,134.67999267578125,61.39717483520508,80.76554870605469,61.47428894042969,71.04013061523438
2023-08-22,98.58900451660156,141.5116729736328,106.49102020263672,52.27436828613281,297.15869140625,76.11168670654297,137.03103637695312,26.382553100585938,54.98506164550781,158.23895263671875,261.1849670410156,122.18568420410156,315.6734313964844,127.94549560546875,285.0964050292969,134.25,61.799896240234375,80.72949981689453,61.58340072631836,71.09439086914062
2023-08-23,97.72258758544922,141.69851684570312,106.17929077148438,53.64585876464844,300.45849609375,76.48775482177734,137.95782470703125,26.391828536987305,55.17732238769531,160.4184112548828,262.6385498046875,122.13847351074219,320.11798095703125,131.20652770996094,291.6785888671875,135.52000427246094,62.1385498046875,81.40532684326172,61.419742584228516,71.82683563232422
2023-08-24,96.99298095703125,140.53289794921875,105.25328063964844,52.62651062011719,298.2492980957031,76.53359985351562,137.82675170898438,26.549528121948242,55.03084182739258,159.57183837890625,263.0858459472656,122.27061462402344,313.23583984375,128.63931274414062,284.2538146972656,131.83999633789062,61.52530288696289,81.08995056152344,61.31062316894531,71.2842788696289
2023-08-25,98.72579956054688,141.5828399658203,106.8302230834961,52.320701599121094,298.4264221191406,76.33181762695312,137.6582794189453,26.43821144104004,55.28717803955078,161.58921813964844,265.1636657714844,122.45941925048828,316.1824951171875,128.7384490966797,283.0147399902344,133.25999450683594,62.20262145996094,81.6216049194336,61.910728454589844,71.73641967773438
2023-08-28,99.55575561523438,142.55274963378906,107.74707794189453,53.590267181396484,303.85150146484375,77.39580535888672,138.13568115234375,26.679401397705078,55.442813873291016,162.3367462158203,264.3250427246094,122.6253662109375,316.8873291015625,129.85848999023438,287.7332763671875,133.13999938964844,62.257530212402344,81.11697387695312,61.94709777832031,71.61886596679688
2023-08-29,100.14854431152344,142.3302459716797,107.87543487548828,53.95166778564453,309.98504638671875,78.4689712524414,139.259033203125,27.059741973876953,55.38788604736328,162.9491729736328,264.2412109375,122.2365493774414,321.49822998046875,133.38722229003906,295.3959655761719,134.91000366210938,62.218833923339844,81.36027526855469,62.34718322753906,72.0077133178711
2023-08-30,101.12440490722656,142.5260009765625,108.8289566040039,54.67448043823242,308.8382873535156,78.20296478271484,138.69737243652344,26.939146041870117,55.36042022705078,163.0842742919922,264.8468933105469,123.37451171875,321.8702697753906,134.68568420410156,292.5310974121094,135.07000732421875,61.83174514770508,81.05390167236328,62.39263916015625,71.83589172363281
2023-08-31,101.40713500976562,143.34461975097656,109.13150787353516,54.63741683959961,308.0205993652344,78.10208129882812,136.9842071533203,26.81754493713379,54.77449417114258,161.36558532714844,263.3760681152344,122.6917495727539,320.8619384765625,134.97317504882812,293.3142395019531,138.00999450683594,61.564476013183594,80.01763153076172,61.58340072631836,70.89543151855469
2023-09-01,103.53213500976562,146.19192504882812,111.98287963867188,55.712371826171875,307.7292175292969,78.65240478515625,137.4429168701172,27.10751724243164,54.298439025878906,159.00750732421875,263.1794128417969,122.93830108642578,321.74298095703125,134.4676513671875,293.8000183105469,138.1199951171875,61.62899398803711,79.23368835449219,61.119686126708984,70.09967041015625
2023-09-05,103.541259765625,148.1138916015625,112.61551666259766,56.02876281738281,304.2984619140625,77.81773376464844,135.92640686035156,26.798837661743164,53.84983825683594,157.95541381835938,261.5119323730469,122.02791595458984,326.5299987792969,134.5767059326172,297.53717041015625,137.27000427246094,61.01150131225586,78.08028411865234,60.283172607421875,68.72516632080078
2023-09-06,104.43504333496094,148.26515197753906,112.83555603027344,56.76390075683594,301.8359375,77.19401550292969,135.70172119140625,26.555639266967773,53.81321716308594,158.47239685058594,258.0270690917969,120.32096862792969,325.8741760253906,133.2781982421875,296.565673828125,135.36000061035156,60.54148483276367,78.83719635009766,60.23771667480469,69.06879425048828
2023-09-07,103.92430114746094,148.2740478515625,111.58863830566406,56.60570526123047,302.6160583496094,76.9004898071289,134.54090881347656,26.312435150146484,53.401241302490234,159.98699951171875,260.7343444824219,120.61495208740234,322.9666748046875,134.07115173339844,296.0700988769531,137.85000610351562,61.057579040527344,80.55828857421875,61.01966857910156,69.9369125366211
2023-09-08,105.43824768066406,148.78125,112.51465606689453,55.99153518676758,305.9621276855469,77.89110565185547,134.64390563964844,26.527576446533203,53.401241302490234,159.8690948486328,261.5680847167969,119.98906707763672,327.23486328125,135.18133544921875,295.2968444824219,138.22999572753906,61.59212875366211,82.01808166503906,61.765254974365234,70.29861450195312
2023-09-11,104.11582946777344,145.71145629882812,110.42426300048828,56.54987335205078,305.14447021484375,76.59781646728516,135.23367309570312,26.639820098876953,53.9047737121582,162.2816162109375,262.0740051269531,120.18820190429688,330.82763671875,135.716552734375,304.8826599121094,143.10000610351562,62.237266540527344,82.70291137695312,61.94709777832031,70.35287475585938
2023-09-12,107.15283966064453,148.42529296875,112.8447265625,57.78750991821289,311.0189208984375,78.4689712524414,136.99359130859375,27.098163604736328,53.373779296875,161.68304443359375,262.9638671875,121.43997192382812,324.7875061035156,134.15045166015625,299.0339660644531,141.22999572753906,62.421592712402344,83.0093002319336,62.374446868896484,70.3709487915039
2023-09-13,106.19522857666016,147.88253784179688,112.13874816894531,56.4102897644043,314.85382080078125,80.02825927734375,137.0591278076172,27.01397705078125,53.501953125,162.96182250976562,263.9569091796875,122.39776611328125,328.9871826171875,135.5084228515625,302.4044189453125,144.85000610351562,63.06672286987305,84.59520721435547,63.1927604675293,71.73641967773438
2023-09-14,108.09221649169922,148.7989959716797,114.1466293334961,57.32223892211914,323.86761474609375,81.69760131835938,139.71775817871094,27.313304901123047,53.94487762451172,164.36758422851562,266.7579040527344,124.88232421875,331.5716552734375,136.88619995117188,309.0064392089844,144.72000122070312,63.8501091003418,86.00994110107422,64.46572875976562,72.88485717773438
2023-09-15,106.43234252929688,148.1494598388672,113.2939682006836,56.37306594848633,321.9596252441406,81.09224700927734,139.3058624267578,26.976560592651367,53.46503448486328,163.10691833496094,260.6407165527344,121.37358093261719,323.27020263671875,136.1923370361328,297.6957702636719,140.38999938964844,63.260257720947266,85.76666259765625,64.63846588134766,72.37846374511719
2023-09-18,107.2896499633789,148.79010009765625,114.12828063964844,56.95931625366211,322.6927185058594,81.36740112304688,139.59605407714844,26.901731491088867,53.79723358154297,162.68975830078125,260.1629943847656,120.9753189086914,322.13458251953125,136.9952392578125,299.9162902832031,139.97999572753906,62.89160919189453,85.56840515136719,64.51117706298828,72.55028533935547
2023-09-19,107.0069351196289,148.77232360839844,112.9180679321289,56.233489990234375,321.3486633300781,81.18395233154297,139.41818237304688,26.798837661743164,53.68650817871094,161.72836303710938,260.5469970703125,120.2166519165039,321.7331848144531,136.8267364501953,302.41436767578125,137.6300048828125,62.29254913330078,84.5591812133789,64.47480773925781,72.39653778076172
2023-09-20,106.15875244140625,148.3185272216797,111.09355163574219,55.63792419433594,316.4704895019531,79.9273452758789,138.82839965820312,26.705297470092773,53.926422119140625,161.78282165527344,259.6758117675781,120.48218536376953,314.0190124511719,132.5645294189453,297.0613708496094,135.2899932861328,62.07136917114258,85.03675842285156,64.7385025024414,72.74919891357422
2023-09-21,104.66304016113281,146.9838104248047,109.1681900024414,54.735286712646484,310.3985595703125,77.85440826416016,137.74252319335938,26.237606048583984,53.09593200683594,159.06190490722656,254.07388305664062,118.24417114257812,312.80511474609375,129.2935333251953,293.1556396484375,129.3300018310547,61.665863037109375,84.17172241210938,63.55647659301758,72.23377227783203
2023-09-22,104.82720184326172,147.95372009277344,109.25072479248047,54.94001388549805,308.1898193359375,76.39602661132812,136.4225311279297,25.854097366333008,53.15129470825195,158.96214294433594,255.0106201171875,118.53815460205078,310.3382263183594,129.10519409179688,296.4764404296875,129.1199951171875,62.3939323425293,84.09961700439453,63.07456588745117,71.59172058105469
2023-09-25,106.00369262695312,150.11587524414062,111.00186157226562,55.68446350097656,309.0827331542969,76.15753936767578,137.0965576171875,25.816682815551758,52.59763717651367,158.10958862304688,252.7249298095703,118.50971221923828,310.8570251464844,129.9576416015625,298.211181640625,131.27000427246094,62.18196105957031,84.08159637451172,63.0018310546875,71.14863586425781
2023-09-26,106.1678695678711,149.30621337890625,110.14920043945312,55.023765563964844,304.36431884765625,75.36872100830078,135.67364501953125,25.414464950561523,52.163936614990234,156.468017578125,250.7951202392578,117.59933471679688,305.57061767578125,127.43997192382812,296.3575439453125,125.9800033569336,60.218894958496094,82.10820007324219,61.01966857910156,69.03263092041016
2023-09-27,109.6244125366211,152.1890869140625,113.4203109741211,56.57778549194336,302.606689453125,74.89177703857422,136.46934509277344,25.508005142211914,51.62873840332031,153.79251098632812,246.9730987548828,115.67428588867188,306.20697021484375,129.3926544189453,295.14813232421875,125.9800033569336,55.26056671142578,81.18006134033203,60.1376953125,68.59857177734375
2023-09-28,108.9586410522461,151.7886962890625,113.07939910888672,56.70806884765625,305.6614074707031,75.38707733154297,138.1637725830078,25.779266357421875,51.49954605102539,153.72900390625,248.79978942871094,117.66571044921875,307.03912353515625,131.1470947265625,301.3139953613281,125.9800033569336,52.606285095214844,79.9095230102539,59.16480255126953,67.52246856689453
2023-09-29,107.23492431640625,150.0358123779297,110.38877868652344,54.25140380859375,304.1293640136719,74.91011047363281,135.75790405273438,25.610898971557617,51.65641784667969,153.67459106445312,246.78570556640625,118.48126220703125,309.1046447753906,129.7098388671875,297.59661865234375,127.12000274658203,52.79983901977539,79.53105926513672,58.84656524658203,68.01983642578125
2023-10-02,105.45649719238281,148.18505859375,107.90088653564453,53.91639709472656,299.36395263671875,73.75440216064453,134.58773803710938,24.974834442138672,51.195030212402344,153.4297332763672,241.45542907714844,118.59505462646484,315.02734375,132.99075317382812,304.14910888671875,129.4600067138672,48.06269454956055,76.98993682861328,57.01897430419922,64.96337127685547
2023-10-03,105.63890075683594,148.53207397460938,108.36161041259766,54.53987121582031,287.7277526855469,71.5622329711914,133.59544372558594,24.23587989807129,50.64137649536133,152.0964813232422,238.40150451660156,116.63207244873047,306.7943420410156,131.2660369873047,298.32025146484375,124.72000122070312,48.64330291748047,77.27828216552734,58.219181060791016,65.84052276611328
2023-10-04,101.68986511230469,145.07080078125,104.42704010009766,51.95293045043945,290.05877685546875,72.54366302490234,134.1945343017578,24.263940811157227,50.78902053833008,153.1939239501953,239.63804626464844,117.14414978027344,312.2471008300781,134.0513458251953,302.9198913574219,127.0,46.6525993347168,77.60269927978516,58.75564193725586,66.27457427978516
2023-10-05,99.40069580078125,145.83602905273438,104.50996398925781,51.552791595458984,291.8445739746094,72.59870147705078,134.76040649414062,24.37618637084961,48.33446502685547,145.20364379882812,236.2843780517578,115.54150390625,312.638671875,133.8828125,302.1367492675781,125.95999908447266,45.57429885864258,77.02599334716797,58.72835922241211,64.50220489501953
2023-10-06,97.74082946777344,144.35006713867188,106.26992797851562,51.83195114135742,293.7056884765625,73.6810302734375,136.8350830078125,24.385543823242188,49.035762786865234,145.37599182128906,232.52789306640625,113.2845458984375,320.3724670410156,136.37075805664062,312.68414306640625,127.95999908447266,46.30238342285156,78.32357788085938,59.073883056640625,65.27987670898438
2023-10-09,101.1609115600586,148.34524536132812,112.25008392333984,54.19557189941406,293.82781982421875,73.29579162597656,136.52386474609375,24.610029220581055,48.79584503173828,146.34640502929688,234.12042236328125,112.76297760009766,322.87860107421875,137.20338439941406,315.588623046875,128.25999450683594,45.45448684692383,79.50401306152344,59.92857360839844,66.60916900634766
2023-10-10,100.73224639892578,148.18505859375,110.93241882324219,54.5491828918457,295.8580627441406,73.49756622314453,137.3537139892578,25.26480484008789,49.85702896118164,149.103515625,235.6192626953125,114.14749908447266,321.4786682128906,136.84657287597656,319.038330078125,129.47999572753906,47.53736114501953,80.14380645751953,60.41046905517578,67.1246109008789
2023-10-11,97.12065124511719,143.34461975097656,110.60992431640625,54.6794548034668,294.21319580078125,72.369384765625,137.82525634765625,25.274160385131836,49.56174087524414,147.48915100097656,235.0572052001953,112.26038360595703,325.423828125,139.31466674804688,324.9662780761719,131.8300018310547,49.34375,80.9818115234375,61.01057434082031,68.07408142089844
2023-10-12,97.10240936279297,143.4602813720703,111.59587097167969,54.31654357910156,291.2336730957031,71.36961364746094,137.504638671875,25.161911010742188,48.73125076293945,143.37158203125,230.62625122070312,110.24049377441406,324.19036865234375,137.74856567382812,321.3381652832031,132.3300018310547,48.846065521240234,79.32379150390625,59.73762893676758,66.44639587402344
2023-10-13,100.20327758789062,145.97840881347656,115.05127716064453,54.865562438964844,290.7167053222656,71.35126495361328,139.5698699951172,25.03095817565918,48.80506896972656,145.11293029785156,232.61219787597656,110.83792114257812,320.83258056640625,136.15269470214844,311.9505920410156,129.7899932861328,50.21929168701172,79.9095230102539,60.510494232177734,67.34162902832031
2023-10-16,100.27622985839844,147.17068481445312,115.4659194946289,55.32154083251953,295.5008544921875,72.2134780883789,139.428466796875,25.246097564697266,49.30337142944336,146.09246826171875,234.13914489746094,112.3267593383789,325.63922119140625,137.87741088867188,318.35430908203125,132.5500030517578,50.11790466308594,80.61237335205078,61.374271392822266,68.77942657470703
2023-10-17,101.58954620361328,149.11932373046875,115.60414123535156,56.05668258666992,290.7731018066406,73.6810302734375,139.1266632080078,25.83538818359375,49.8939323425293,145.44851684570312,235.26329040527344,113.26558685302734,325.0713806152344,138.49195861816406,321.1795349121094,131.47000122070312,49.92436599731445,80.16181945800781,61.01966857910156,68.4267578125
2023-10-18,103.01228332519531,150.30274963378906,116.6453628540039,56.38237380981445,283.8177185058594,68.68213653564453,137.59890747070312,25.545419692993164,49.87548065185547,146.9540557861328,239.84414672851562,114.7354507446289,323.16241455078125,136.74740600585938,314.21075439453125,128.1300048828125,49.0672607421875,79.46797943115234,60.55595397949219,67.97461700439453
2023-10-19,103.07611846923828,150.4629364013672,116.45187377929688,55.80542755126953,281.2141418457031,66.88436126708984,137.01426696777344,25.218032836914062,50.15230941772461,145.62081909179688,242.04559326171875,114.32769775390625,324.34698486328125,136.53927612304688,310.08697509765625,128.39999389648438,48.283878326416016,79.09851837158203,60.41046905517578,67.29640197753906
2023-10-20,101.30681610107422,148.443115234375,114.31412506103516,54.16764831542969,282.0224304199219,67.07698059082031,134.80752563476562,24.610029220581055,50.355316162109375,145.11293029785156,241.7926483154297,113.74922180175781,319.7948303222656,134.40818786621094,305.9631652832031,125.16999816894531,47.8875732421875,78.42268371582031,59.76490783691406,66.32882690429688
2023-10-23,99.8202133178711,142.9709014892578,111.80779266357422,54.75389862060547,281.2423400878906,65.76533508300781,132.96861267089844,23.9178466796875,49.903167724609375,145.1855010986328,238.6450653076172,112.6207504272461,322.38909912109375,135.30026245117188,311.2764587402344,126.55999755859375,47.48206329345703,77.79193115234375,59.492130279541016,66.32882690429688
2023-10-24,98.8534927368164,139.3850555419922,110.5270004272461,53.04167556762695,281.2047119140625,65.63690948486328,133.12896728515625,23.824308395385742,51.34267807006836,147.09918212890625,241.00576782226562,113.71129608154297,323.5736389160156,137.58995056152344,309.8292236328125,128.55999755859375,50.79990768432617,79.08048248291016,60.4195556640625,67.58577728271484
2023-10-25,99.03589630126953,138.69102478027344,110.95086669921875,52.688072204589844,278.9301452636719,65.49016571044922,132.40277099609375,23.899137496948242,51.78561019897461,147.24423217773438,241.7177276611328,114.09060668945312,333.500244140625,124.50598907470703,296.9225769042969,121.38999938964844,52.034889221191406,79.43193054199219,60.565040588378906,68.14643096923828
2023-10-26,98.13300323486328,137.6945037841797,109.01582336425781,51.990142822265625,279.1463317871094,66.10470581054688,132.7422637939453,24.43231201171875,51.47187042236328,146.3917236328125,239.65679931640625,112.61125183105469,320.9891662597656,121.20525360107422,285.83990478515625,119.56999969482422,53.05788803100586,80.3780746459961,61.06512451171875,68.5171890258789
2023-10-27,96.26336669921875,128.4407196044922,108.54589080810547,51.95293045043945,272.49169921875,64.57294464111328,127.96105194091797,23.54368782043457,50.973575592041016,144.76829528808594,239.59121704101562,113.26558685302734,322.86871337890625,121.0962142944336,294.1469421386719,127.73999786376953,51.832130432128906,78.87325286865234,60.49230194091797,67.75757598876953
2023-10-30,96.56432342529297,129.9888916015625,108.85917663574219,52.48334503173828,282.7555847167969,65.53850555419922,129.59251403808594,24.030094146728516,51.81328582763672,147.18080139160156,243.7036895751953,113.6733627319336,330.2109069824219,123.36608123779297,300.02532958984375,132.7100067138672,52.716888427734375,79.20665740966797,60.728702545166016,68.191650390625
2023-10-31,96.5369644165039,129.66859436035156,109.46733856201172,51.794734954833984,285.36859130859375,65.75205993652344,131.1391143798828,24.638097763061523,52.12702941894531,148.08775329589844,245.5960235595703,114.61216735839844,330.9940490722656,122.98943328857422,298.64739990234375,133.08999633789062,53.73067092895508,80.09873962402344,61.19241714477539,68.30919647216797
2023-11-01,96.34542846679688,128.11146545410156,107.5046615600586,51.9808464050293,288.7052917480469,65.87274169921875,131.0259552001953,24.694217681884766,52.08088684082031,149.52981567382812,245.4086456298828,115.02943420410156,338.7865295410156,125.33859252929688,309.1352844238281,137.0,53.85047912597656,80.68445587158203,62.219871520996094,69.15921783447266
2023-11-02,99.51013946533203,132.36463928222656,112.43437957763672,53.37668228149414,294.90875244140625,68.203125,133.3647003173828,25.83538818359375,52.68068313598633,151.3074493408203,249.9801788330078,117.84589385986328,340.9892272949219,126.36946105957031,308.163818359375,138.07000732421875,55.2144889831543,80.99982452392578,63.756507873535156,71.65504455566406
2023-11-03,98.29715728759766,131.3413848876953,110.34270477294922,52.92070770263672,307.9360046386719,70.80276489257812,134.85470581054688,26.583703994750977,52.35771942138672,151.27114868164062,250.93560791015625,119.80889892578125,345.3748779296875,127.9653091430664,311.86138916015625,138.60000610351562,54.72602844238281,81.35125732421875,64.00199127197266,72.08908081054688
2023-11-06,96.55521392822266,130.79864501953125,109.16326904296875,52.55778884887695,304.4489440917969,70.48709106445312,135.87319946289062,26.499515533447266,52.5699577331543,151.18954467773438,251.90992736816406,119.8563003540039,349.0263671875,129.10519409179688,313.0509338378906,139.74000549316406,54.41267776489258,80.8466567993164,62.94728469848633,71.66407775878906
2023-11-07,95.04126739501953,128.49407958984375,106.19621276855469,49.62653732299805,304.48651123046875,70.1064453125,135.80714416503906,26.340497970581055,52.763736724853516,151.62486267089844,251.6851043701172,118.99333953857422,352.94219970703125,129.8188934326172,316.0446472167969,142.7100067138672,53.87812805175781,80.4501724243164,62.48355484008789,71.30237579345703
2023-11-08,93.87388610839844,126.70559692382812,105.45906829833984,49.25431442260742,305.0598449707031,70.53351593017578,136.4766845703125,26.08794593811035,52.68068313598633,151.81533813476562,250.57965087890625,119.11663055419922,355.5560302734375,130.6812286376953,316.9963073730469,142.0800018310547,52.993377685546875,79.62117004394531,62.374446868896484,70.66936492919922
2023-11-09,93.9012451171875,126.29633331298828,105.18262481689453,49.077518463134766,301.5069274902344,68.88090515136719,136.07118225097656,25.75120735168457,52.28390121459961,150.6997833251953,250.03634643554688,118.26314544677734,353.098876953125,129.09527587890625,317.7595520019531,140.60000610351562,50.43125915527344,79.2607192993164,61.86526870727539,70.66022491455078
2023-11-10,94.62171936035156,127.19499969482422,106.5279312133789,49.5986213684082,305.9527893066406,69.93931579589844,138.0893096923828,25.89151382446289,52.33926773071289,151.38905334472656,250.86074829101562,119.43904876708984,361.889892578125,131.42465209960938,325.9079284667969,143.55999755859375,50.81834030151367,79.5400619506836,61.919822692871094,71.06263732910156
2023-11-13,95.61582946777344,128.12928771972656,106.83353424072266,50.25000762939453,307.2687072753906,69.67007446289062,137.476318359375,25.910221099853516,52.533042907714844,152.15997314453125,252.1815948486328,118.83213806152344,358.9627685546875,130.9290008544922,326.3243713378906,142.58999633789062,50.2285041809082,78.4136962890625,61.22879409790039,68.61156463623047
2023-11-14,95.98397064208984,129.06353759765625,107.00023651123047,50.57570266723633,318.369140625,72.70606994628906,139.9848175048828,27.332008361816406,52.68991470336914,152.46832275390625,254.32679748535156,120.93738555908203,362.4771728515625,132.44558715820312,333.3823547363281,145.8000030517578,53.03945541381836,80.96379089355469,62.92909240722656,70.79742431640625
2023-11-15,95.4041519165039,129.51734924316406,106.52792358398438,49.952239990234375,317.3163757324219,73.97801971435547,141.21078491210938,27.70616340637207,52.791419982910156,151.68833923339844,253.29632568359375,120.07443237304688,362.6243896484375,133.4368133544922,329.813720703125,143.1999969482422,52.532562255859375,80.74752044677734,62.529022216796875,69.99258422851562
2023-11-16,94.29972076416016,127.46734619140625,103.7126235961914,48.49126434326172,316.44232177734375,73.95946502685547,142.82334899902344,27.631330490112305,52.73605728149414,152.10556030273438,258.66412353515625,121.22186279296875,369.00048828125,135.7264862060547,331.28082275390625,142.8300018310547,52.16391372680664,82.20140838623047,63.892887115478516,70.76997375488281
2023-11-17,96.60061645507812,129.885986328125,106.12044525146484,49.179874420166016,318.81085205078125,74.53507995605469,144.11534118652344,28.04290199279785,52.83755874633789,151.2439422607422,258.3175354003906,121.06066131591797,362.8009948730469,134.12071228027344,332.1234436035156,145.17999267578125,52.873558044433594,82.04646301269531,64.07656860351562,70.77911376953125
2023-11-20,96.17726135253906,129.8140411376953,106.86132049560547,49.077518463134766,319.0552673339844,73.99659729003906,144.55856323242188,28.070966720581055,52.96674728393555,151.02627563476562,261.39013671875,121.49687194824219,370.2463073730469,135.05247497558594,337.01055908203125,146.1300048828125,52.845916748046875,81.3992691040039,63.77349853515625,70.59620666503906
2023-11-21,96.14043426513672,129.50833129882812,106.6575927734375,49.058902740478516,314.8443908691406,72.85462951660156,144.2567901611328,27.743576049804688,53.548091888427734,152.18719482421875,262.7391052246094,121.61067199707031,365.9595947265625,135.7661590576172,334.04656982421875,143.89999389648438,53.43575668334961,81.9279556274414,63.966365814208984,71.37359619140625
2023-11-22,95.72627258300781,129.7690887451172,106.36123657226562,48.87278747558594,318.2939147949219,72.8731689453125,144.59628295898438,27.715518951416016,53.907962799072266,153.4750518798828,264.10675048828125,122.27448272705078,370.6484680175781,137.27276611328125,338.51727294921875,146.7100067138672,53.396724700927734,82.36548614501953,63.9112548828125,71.56564331054688
2023-11-24,96.24169158935547,130.28158569335938,106.95393371582031,48.947227478027344,318.7732849121094,73.02174377441406,144.79434204101562,27.809057235717773,54.04638671875,153.61109924316406,264.67822265625,121.86670684814453,370.2364807128906,135.48861694335938,335.28570556640625,146.74000549316406,53.4710578918457,82.71186828613281,63.929630279541016,71.79429626464844
2023-11-27,95.68025970458984,129.79608154296875,106.31493377685547,48.90071105957031,317.4197998046875,72.371826171875,144.46424865722656,27.650041580200195,53.94487762451172,152.65879821777344,264.0224304199219,121.661865234375,371.3940124511719,135.21107482910156,331.78643798828125,147.72999572753906,53.49893569946289,82.88506317138672,64.52659606933594,71.83089447021484
2023-11-28,95.62505340576172,130.83001708984375,106.48163604736328,48.6773796081543,317.3634033203125,71.37838745117188,144.79434204101562,27.621980667114258,54.05561065673828,153.1485595703125,264.25665283203125,120.4232406616211,375.40606689453125,135.9940948486328,336.0390319824219,147.02999877929688,54.03782653808594,83.06736755371094,64.73780822753906,72.91923522949219
2023-11-29,94.18927001953125,129.3914337158203,105.5462875366211,48.267921447753906,322.4427185058594,72.92890167236328,145.5299072265625,28.351581573486328,53.732643127441406,151.6067352294922,262.6548156738281,119.59429931640625,371.62945556640625,133.80352783203125,329.30816650390625,146.32000732421875,54.223655700683594,82.68451690673828,64.4990463256836,72.45279693603516
2023-11-30,94.55741882324219,129.1127471923828,107.02803039550781,48.426124572753906,323.65570068359375,73.66236114501953,147.1896514892578,28.74757957458496,54.35581970214844,153.7954559326172,265.60443115234375,119.62288665771484,371.68829345703125,131.3651580810547,324.3020935058594,146.08999633789062,54.363014221191406,84.11561584472656,65.18783569335938,72.75460052490234
2023-12-01,94.78750610351562,130.20065307617188,106.71314239501953,48.75181198120117,330.1849060058594,75.1014404296875,147.90634155273438,29.190719604492188,54.54183578491211,154.16099548339844,269.48712158203125,121.31886291503906,367.3721618652344,130.70103454589844,321.9924011230469,147.02999877929688,54.97623825073242,84.44377136230469,65.68376159667969,73.63259887695312
2023-12-04,94.27212524414062,130.2545928955078,106.06488037109375,48.41680908203125,331.09466552734375,75.3985366821289,148.99087524414062,29.0587215423584,54.47673416137695,154.57223510742188,269.6473693847656,119.7181625366211,362.1044616699219,128.13381958007812,317.23419189453125,144.83999633789062,54.51167678833008,84.52580261230469,65.46334838867188,73.28506469726562
2023-12-05,92.44059753417969,128.44740295410156,104.77763366699219,47.32280731201172,323.8547058105469,74.4329605102539,148.9720001220703,28.83243751525879,54.56044006347656,153.47560119628906,270.03375244140625,118.50812530517578,365.4200134277344,129.83871459960938,315.5192565917969,146.8800048828125,54.10286331176758,84.28880310058594,65.14190673828125,72.53509521484375
2023-12-06,91.2165298461914,128.15069580078125,102.35127258300781,45.938941955566406,324.06317138671875,73.72735595703125,147.40652465820312,28.785293579101562,54.504634857177734,153.0826416015625,270.33526611328125,118.91781616210938,361.7709655761719,128.87721252441406,314.68658447265625,144.52000427246094,55.9332389831543,85.62875366210938,66.36338806152344,73.49540710449219
2023-12-07,90.58147430419922,128.05178833007812,102.65689086914062,45.31245803833008,326.57440185546875,74.6000747680664,147.8592071533203,28.907861709594727,54.63485336303711,153.03692626953125,270.2693176269531,118.40331268310547,363.8799743652344,135.7264862060547,323.7469787597656,146.8800048828125,55.6080436706543,86.10273742675781,65.80314636230469,73.34907531738281
2023-12-08,91.6214828491211,129.7510986328125,103.78671264648438,45.63037109375,332.459228515625,76.39197540283203,149.4906768798828,29.190719604492188,54.51393127441406,151.41026306152344,269.0819396972656,118.47000885009766,367.0975036621094,133.80352783203125,329.8534240722656,147.4199981689453,55.46867370605469,86.03894805908203,65.66539764404297,72.8369140625
2023-12-11,91.68590545654297,129.78707885742188,103.87005615234375,45.9576416015625,333.340576171875,76.89331817626953,150.0376434326172,29.087005615234375,54.91388702392578,153.36595153808594,272.4933776855469,120.65190124511719,364.2232666015625,132.1184539794922,322.4483947753906,145.88999938964844,55.47796630859375,86.92312622070312,65.53683471679688,73.61429595947266
2023-12-12,90.24095153808594,128.1237030029297,102.85137176513672,45.85478210449219,334.14599609375,77.61750793457031,151.37673950195312,28.983295440673828,55.26732635498047,153.9599609375,274.6325988769531,122.02394104003906,367.2446594238281,131.35523986816406,331.310546875,147.47999572753906,55.30143737792969,86.89576721191406,64.71945190429688,73.16616821289062
2023-12-13,91.04166412353516,130.0208282470703,103.58296966552734,45.99504470825195,343.7361755371094,79.50223541259766,151.885986328125,30.209003448486328,55.74168395996094,157.195068359375,278.8828125,124.7489013671875,367.2347717285156,131.40481567382812,331.8260192871094,148.83999633789062,58.079505920410156,89.4024658203125,67.11646270751953,76.43121337890625
2023-12-14,93.48982238769531,134.80409240722656,106.45384979248047,49.01524353027344,363.39007568359375,84.52509307861328,154.64910888671875,32.000423431396484,54.91388702392578,153.7589111328125,273.313232421875,124.92040252685547,358.9556579589844,130.78033447265625,330.26971435546875,147.4199981689453,58.33037567138672,89.61210632324219,65.66539764404297,76.21171569824219
2023-12-15,92.86395263671875,134.28265380859375,106.07415771484375,48.8001823425293,360.5851135253906,85.02645111083984,155.81845092773438,31.67985725402832,54.504634857177734,152.6165313720703,270.7216796875,122.56700897216797,363.6642150878906,131.43455505371094,332.00445556640625,149.97000122070312,57.14109420776367,88.08075714111328,65.07762908935547,75.20568084716797
2023-12-18,93.55423736572266,134.57931518554688,106.40755462646484,48.88434600830078,356.6903076171875,84.26513671875,156.76148986816406,31.519567489624023,54.89528274536133,154.36207580566406,273.51116943359375,124.31061553955078,365.54754638671875,134.60643005371094,341.6199951171875,154.07000732421875,56.676536560058594,88.57298278808594,65.59192657470703,74.74839782714844
2023-12-19,94.78750610351562,136.3415985107422,107.88001251220703,49.53887176513672,362.4234924316406,85.34211730957031,158.8550262451172,31.594995498657227,54.718563079833984,153.4847412109375,273.98236083984375,124.09148406982422,366.14593505859375,135.44894409179688,347.30999755859375,153.7899932861328,57.206138610839844,88.24482727050781,65.44499206542969,75.11422729492188
2023-12-20,93.20449829101562,135.09182739257812,108.06523132324219,49.13680648803711,357.75164794921875,84.6179428100586,157.06329345703125,31.09528160095215,53.58382034301758,151.41940307617188,272.3426513671875,122.94812774658203,363.5562438964844,137.1240692138672,346.2394714355469,152.1199951171875,55.5987548828125,87.21480560302734,64.00309753417969,73.45882415771484
2023-12-21,93.62786102294922,135.50543212890625,108.19488525390625,49.16485595703125,360.6419677734375,86.00131225585938,157.95919799804688,31.30271339416504,53.93727111816406,152.58914184570312,274.6044006347656,123.84375,366.4206237792969,139.185791015625,351.0075988769531,153.83999633789062,55.375762939453125,87.83464050292969,63.70920944213867,73.20276641845703
2023-12-22,93.79353332519531,135.81112670898438,108.9635238647461,49.632381439208984,360.7177429199219,85.79705810546875,157.8648681640625,31.519567489624023,54.24420166015625,153.23800659179688,274.8965148925781,123.86280822753906,367.4407958984375,140.24639892578125,350.313720703125,153.4199981689453,55.515132904052734,88.2904052734375,63.77349853515625,73.51370239257812
2023-12-26,94.00521087646484,137.033935546875,110.22300720214844,50.19341278076172,361.6274719238281,86.1962890625,158.7984619140625,31.92499351501465,54.46743392944336,154.3163604736328,275.9896545410156,124.11051940917969,367.5193176269531,140.27615356445312,351.7410888671875,153.41000366210938,55.942527770996094,88.17192077636719,63.78268051147461,73.83381652832031
2023-12-27,93.56344604492188,136.58436584472656,109.7322006225586,49.58562088012695,364.3471984863281,86.95760345458984,159.75094604492188,31.90613555908203,54.60694885253906,154.8098602294922,277.58233642578125,124.66315460205078,366.9405212402344,139.13624572753906,354.7150573730469,153.33999633789062,56.28630065917969,87.77995300292969,63.7459602355957,73.90697479248047
2023-12-28,92.21051788330078,134.6602783203125,107.8892822265625,48.84694290161133,366.1761779785156,86.93905639648438,160.5996551513672,31.943859100341797,54.64414978027344,154.8007049560547,278.7980041503906,124.3582763671875,368.12750244140625,138.99745178222656,355.2008056640625,153.3800048828125,56.69512176513672,88.34510040283203,64.43475341796875,74.38255310058594
2023-12-29,92.01724243164062,134.11181640625,107.4910659790039,48.65992736816406,365.56964111328125,86.57694244384766,160.4110870361328,31.7458438873291,54.81156921386719,155.2119598388672,279.4294128417969,124.49166870117188,368.8729553222656,138.46221923828125,350.8786926269531,151.94000244140625,56.43496322631836,88.45447540283203,64.39801025390625,74.28195190429688
2024-01-02,94.20767974853516,134.39952087402344,108.89872741699219,48.603824615478516,367.9671325683594,87.18042755126953,162.2782745361328,31.96271324157715,55.639373779296875,158.01754760742188,279.92889404296875,122.93860626220703,363.80145263671875,136.95558166503906,343.2755432128906,149.92999267578125,57.206138610839844,89.1563491821289,65.06844329833984,76.07451629638672
2024-01-03,94.99918365478516,136.96200561523438,111.06576538085938,49.23031234741211,361.7980651855469,85.33283996582031,161.57102966308594,31.613855361938477,55.769588470458984,158.05410766601562,277.4315490722656,123.00530242919922,363.53668212890625,137.69900512695312,341.4714050292969,148.47000122070312,57.596370697021484,90.04054260253906,66.34500885009766,76.2574234008789
2024-01-04,94.17086029052734,135.46047973632812,107.87076568603516,48.33266067504883,362.8973083496094,85.55567169189453,162.6431884765625,31.868423461914062,55.58356857299805,156.7015380859375,274.9341735839844,122.61466217041016,360.9273376464844,135.19122314453125,344.0982360839844,144.57000732421875,57.41983413696289,89.77619171142578,65.85826110839844,76.2665786743164
2024-01-05,94.4561767578125,135.22671508789062,107.91706085205078,48.49161911010742,366.2045593261719,86.5676498413086,163.459228515625,32.46241760253906,55.49985122680664,154.3894805908203,272.3426513671875,122.28117370605469,360.7409362792969,134.5370330810547,348.88623046875,145.24000549316406,57.679996490478516,89.82176971435547,65.76641845703125,76.88849639892578
2024-01-08,92.88237762451172,134.41751098632812,106.037109375,47.0516357421875,368.49786376953125,86.8183364868164,163.22201538085938,32.207855224609375,55.90910339355469,154.5448455810547,275.0849304199219,122.56700897216797,367.5486755371094,137.6197052001953,355.537841796875,149.10000610351562,58.460453033447266,90.59657287597656,66.27155303955078,77.2909164428711
2024-01-09,91.73192596435547,131.00088500976562,104.42570495605469,45.40595626831055,363.6459655761719,85.47211456298828,161.93157958984375,31.708141326904297,55.806793212890625,152.77191162109375,274.1142883300781,122.16683959960938,368.6277770996094,139.7111358642578,354.3185119628906,151.3699951171875,57.61494827270508,90.32308959960938,66.00520324707031,76.94337463378906
2024-01-10,90.82998657226562,129.92193603515625,102.96248626708984,45.303104400634766,361.95916748046875,84.93360900878906,162.27317810058594,31.67985725402832,55.992820739746094,152.54344177246094,277.1488342285156,123.10057067871094,375.47467041015625,141.0294647216797,367.2450256347656,153.72999572753906,57.865814208984375,90.49629974365234,65.96847534179688,75.48919677734375
2024-01-11,90.81156158447266,130.62322998046875,102.7957992553711,45.63037109375,359.8648681640625,84.03302001953125,161.58999633789062,31.255573272705078,55.630069732666016,151.8214874267578,277.205322265625,122.91001892089844,377.2992248535156,140.83123779296875,366.45196533203125,155.17999267578125,56.4163818359375,88.55475616455078,64.82047271728516,73.53199768066406
2024-01-12,91.9896240234375,132.41249084472656,103.44404602050781,46.7056770324707,357.9696350097656,83.28099060058594,160.40391540527344,30.925567626953125,56.16954040527344,152.86329650878906,276.56451416015625,123.03388977050781,381.06610107421875,141.39620971679688,371.22998046875,154.6199951171875,56.713706970214844,89.74884033203125,65.59192657470703,74.52888488769531
2024-01-16,89.90962219238281,129.19366455078125,100.61022186279297,45.162841796875,360.5281982421875,79.81790924072266,159.39813232421875,30.284433364868164,55.7974967956543,151.85806274414062,274.32159423828125,123.68177032470703,382.831787109375,141.2375946044922,364.26129150390625,153.16000366210938,56.07260513305664,89.35688018798828,64.58170318603516,74.06246185302734
2024-01-17,89.25617218017578,128.68116760253906,99.61931610107422,44.77947998046875,357.429443359375,78.36955261230469,158.5441436767578,29.982715606689453,55.7974967956543,152.10476684570312,274.38763427734375,122.98624420166016,382.04705810546875,140.22659301757812,365.1632995605469,151.7100067138672,54.14002990722656,88.2630615234375,63.947998046875,72.91923522949219
2024-01-18,89.09051513671875,127.51231384277344,99.02660369873047,45.40595626831055,357.1736755371094,77.89603424072266,158.85728454589844,29.916719436645508,55.95560836791992,152.77191162109375,277.4032287597656,124.30110931396484,386.3631286621094,142.21890258789062,372.8556823730469,153.5,53.56398010253906,87.37889862060547,63.15818405151367,71.5199203491211
2024-01-19,89.22856140136719,127.88993835449219,99.89714813232422,46.41581344604492,362.1866149902344,79.23299407958984,161.5994873046875,30.37871551513672,55.64867401123047,151.50164794921875,283.2178039550781,126.05422973632812,391.0716857910156,145.0934295654297,380.1120300292969,155.33999633789062,53.20161437988281,87.10542297363281,63.323486328125,71.06263732910156
2024-01-22,89.10892486572266,128.11471557617188,100.0730972290039,47.38825988769531,365.7497253417969,79.5950927734375,161.4097137451172,30.689857482910156,55.40684509277344,150.88934326171875,281.2199401855469,124.87275695800781,388.95281982421875,144.70684814453125,378.4565734863281,154.77999877929688,52.8206787109375,86.64966583251953,63.204097747802734,70.66022491455078
2024-01-23,90.11210632324219,127.75505065917969,100.00826263427734,47.145145416259766,360.8314514160156,80.53279876708984,160.34701538085938,30.897287368774414,55.66727828979492,153.20143127441406,282.7654724121094,125.53020477294922,391.2972412109375,145.7476043701172,381.8467712402344,156.02000427246094,53.3131103515625,87.15099334716797,63.21329116821289,71.43760681152344
2024-01-24,91.66751098632812,130.29957580566406,101.5640869140625,48.31395721435547,359.53326416015625,81.30340576171875,161.77976989746094,31.09528160095215,54.79296875,151.33714294433594,283.1330261230469,123.32926177978516,394.8875427246094,147.39306640625,387.29888916015625,156.8699951171875,52.969329833984375,86.17566680908203,62.634681701660156,70.41328430175781
2024-01-25,93.99601745605469,133.5813446044922,103.76820373535156,49.06200408935547,362.660400390625,81.72120666503906,164.09500122070312,31.481849670410156,55.02549743652344,152.21444702148438,280.0890808105469,124.07242584228516,397.15350341796875,150.53517150878906,389.7572937011719,157.75,53.87057876586914,87.26038360595703,63.589813232421875,71.41931915283203
2024-01-26,94.79673767089844,134.0938262939453,103.93489074707031,49.48277282714844,358.0074768066406,81.45196533203125,163.4687042236328,31.519567489624023,55.220821380615234,153.40248107910156,275.42425537109375,122.99576568603516,396.23138427734375,150.85235595703125,390.7089538574219,159.1199951171875,54.33514404296875,87.38798522949219,63.47042465209961,71.190673828125
2024-01-29,94.9163589477539,134.03988647460938,103.35144805908203,49.74458694458008,360.6324157714844,81.34983825683594,163.89569091796875,31.68927764892578,55.5556640625,153.6675262451172,275.4713134765625,124.38683319091797,401.9111022949219,152.1607208251953,397.529052734375,161.25999450683594,55.3478889465332,87.29684448242188,63.54390335083008,71.68453979492188
2024-01-30,96.49937438964844,134.97494506835938,105.620361328125,46.14464569091797,366.6120300292969,82.14673614501953,167.25465393066406,32.801856994628906,55.713783264160156,155.01089477539062,277.676513671875,124.45352935791016,400.8025817871094,150.12876892089844,396.577392578125,159.0,55.07844161987305,87.07807159423828,63.59901809692383,71.73942565917969
2024-01-31,94.62184143066406,132.55633544921875,103.60148620605469,45.536869049072266,363.9018249511719,81.79047393798828,165.4423370361328,32.0664176940918,55.332435607910156,154.0147705078125,275.8577575683594,123.37690734863281,390.00244140625,138.86865234375,386.7438049316406,155.1999969482422,54.474510192871094,87.35153198242188,63.84696960449219,71.46505737304688
2024-02-01,94.23529815673828,132.96994018554688,103.147705078125,45.817378997802734,363.75018310546875,81.39671325683594,164.84454345703125,31.632707595825195,56.718299865722656,156.9117431640625,280.9089660644531,124.29157257080078,396.0842590332031,139.9193115234375,391.3434143066406,159.27999877929688,55.515132904052734,89.13812255859375,64.74699401855469,72.88263702392578
2024-02-02,93.84874725341797,136.88107299804688,102.45314025878906,45.817378997802734,367.5502014160156,81.8185806274414,165.79342651367188,31.557287216186523,56.309059143066406,156.24464416503906,279.9383239746094,122.67182159423828,403.38250732421875,141.1285858154297,470.85516357421875,171.80999755859375,54.028533935546875,87.70703125,63.04796600341797,71.9131851196289
2024-02-05,93.46219635009766,136.96200561523438,101.84193420410156,45.39661407470703,362.963623046875,80.5248031616211,165.57516479492188,31.10471534729004,55.843997955322266,156.1989288330078,269.49652099609375,120.3660659790039,397.9186096191406,142.41714477539062,455.4107971191406,170.30999755859375,52.0030403137207,86.82284545898438,61.69792938232422,70.2395248413086
2024-02-06,94.1064453125,136.97998046875,103.27734375,45.147403717041016,364.8304748535156,80.7216796875,166.1444854736328,31.1518611907959,55.7509880065918,156.65586853027344,268.25262451171875,121.26168823242188,397.7616882324219,142.8334503173828,450.7615966796875,169.14999389648438,52.2446174621582,86.64966583251953,61.89997863769531,70.6327896118164
2024-02-07,94.0788345336914,136.7821807861328,104.01824188232422,44.62080001831055,366.4130554199219,80.6279296875,166.4575958251953,31.28385353088379,55.7974967956543,156.7015380859375,270.7781982421875,123.5197982788086,406.15850830078125,144.2608184814453,465.5021667480469,170.52999877929688,52.38398742675781,87.05073547363281,61.486690521240234,70.72425079345703
2024-02-08,95.68946075439453,138.51747131347656,105.48146057128906,44.940528869628906,364.8778991699219,80.29978942871094,165.85984802246094,31.227279663085938,55.64867401123047,158.87660217285156,275.11322021484375,124.24390411376953,406.2173767089844,144.6275634765625,465.9085693359375,169.83999633789062,52.30036544799805,84.45287322998047,61.47751235961914,70.25244140625
2024-02-09,93.6646728515625,135.80213928222656,102.9439697265625,44.27286148071289,364.13873291015625,80.5248031616211,166.05909729003906,31.18014144897461,55.397544860839844,153.22886657714844,272.7949523925781,124.12005615234375,412.53466796875,147.6903839111328,464.0350036621094,174.4499969482422,52.5698127746582,83.57781219482422,61.449954986572266,70.91851806640625
2024-02-12,94.95317077636719,136.73721313476562,102.88841247558594,45.26966094970703,372.0799865722656,81.4435806274414,166.79920959472656,31.698707580566406,55.52775955200195,155.91561889648438,272.7666931152344,125.15859985351562,407.3454895019531,146.23330688476562,464.8181457519531,172.33999633789062,53.4710578918457,84.45287322998047,62.73571014404297,71.77886962890625
2024-02-13,94.13572692871094,135.4065399169922,101.6567153930664,44.74305725097656,358.917236328125,78.7247314453125,165.34744262695312,30.878427505493164,55.202213287353516,154.33465576171875,270.5709228515625,125.01569366455078,398.57586669921875,143.86431884765625,456.11456298828125,168.63999938964844,51.33407211303711,83.50489044189453,62.00099563598633,72.8797378540039
2024-02-14,93.67127227783203,135.775146484375,101.98085021972656,44.90291213989258,358.2444152832031,78.75285339355469,167.0269317626953,31.236711502075195,55.14641571044922,153.09178161621094,271.56988525390625,127.68350219726562,402.4281921386719,144.6573028564453,469.1600341796875,170.97999572753906,52.04020690917969,83.25878143310547,62.27651596069336,72.89824676513672
2024-02-15,96.3558349609375,140.39248657226562,103.52911376953125,45.683433532714844,365.238037109375,80.31855010986328,170.67051696777344,32.12299346923828,55.24872970581055,153.40248107910156,275.0472412109375,129.0078887939453,399.5487976074219,141.51515197753906,479.81646728515625,169.8000030517578,53.210906982421875,85.14401245117188,61.376487731933594,75.26651000976562
2024-02-16,96.3558349609375,140.5470428466797,103.12805938720703,45.67402648925781,364.3092956542969,81.0967025756836,169.8734893798828,32.141845703125,55.23942184448242,151.9951171875,275.197998046875,128.197998046875,397.0918884277344,139.28492736816406,469.1997375488281,169.50999450683594,52.987911224365234,84.70150756835938,61.701332092285156,75.25724792480469
2024-02-20,95.44549560546875,139.97439575195312,102.1673812866211,45.62700653076172,364.3851318359375,80.0185317993164,170.5376434326172,32.01927947998047,56.45787811279297,154.12445068359375,275.7917785644531,128.26504516601562,395.8437805175781,139.87966918945312,467.64337158203125,167.0800018310547,52.59768295288086,84.7568359375,62.2210807800293,74.82244873046875
2024-02-21,97.39620971679688,141.2832794189453,105.27325439453125,46.27585983276367,367.938720703125,80.12166595458984,171.64785766601562,31.774133682250977,56.96013641357422,154.2889404296875,276.9791564941406,129.49069213867188,395.2443542480469,141.29710388183594,464.447998046875,168.58999633789062,53.05295181274414,85.72478485107422,62.861473083496094,76.37663269042969
2024-02-22,97.31261444091797,141.27415466308594,104.66699981689453,46.322879791259766,370.0235900878906,80.4873046875,173.70687866210938,31.68927764892578,56.876426696777344,153.7589111328125,278.8734436035156,131.5015869140625,404.551025390625,142.82354736328125,482.4095153808594,174.5800018310547,52.65342712402344,84.9319839477539,62.44382095336914,75.85858154296875
2024-02-23,96.4580078125,140.57427978515625,104.00477600097656,45.909114837646484,370.57318115234375,81.1435775756836,174.57981872558594,31.981552124023438,56.92292785644531,154.9926300048828,280.5979919433594,132.44956970214844,403.2635803222656,142.6947021484375,480.3255615234375,174.99000549316406,52.75563430786133,85.48509216308594,62.82435607910156,76.27486419677734
2024-02-26,96.83885955810547,140.38340759277344,104.8535385131836,45.66461944580078,369.7866516113281,80.31855010986328,173.9820556640625,31.68927764892578,56.46717071533203,153.7680206298828,280.0042724609375,132.20062255859375,400.51190185546875,136.36087036132812,478.0530700683594,174.72999572753906,51.710182189941406,83.56761169433594,61.48786544799805,74.72069549560547
2024-02-27,96.63449096679688,138.30198669433594,104.09805297851562,45.570579528808594,370.345703125,80.14979553222656,174.0674285888672,32.32099914550781,56.12303161621094,153.67665100097656,276.8377990722656,131.22389221191406,400.4529113769531,137.65936279296875,483.3224182128906,173.5399932861328,52.094608306884766,83.75199127197266,61.682762145996094,77.77352905273438
2024-02-28,96.90389251708984,138.46556091308594,104.49911499023438,45.288475036621094,375.23199462890625,80.67481994628906,174.94989013671875,32.349281311035156,56.178836822509766,152.64398193359375,278.1854248046875,132.7176971435547,400.6887512207031,135.18133544921875,480.31561279296875,173.16000366210938,51.60704040527344,83.65056610107422,62.00760269165039,77.0797119140625
2024-02-29,97.08967590332031,138.16563415527344,104.9654541015625,45.448333740234375,371.29052734375,80.66543579101562,176.54391479492188,32.776546478271484,55.82539367675781,152.25259399414062,277.01025390625,132.5453338623047,406.5066833496094,137.2430419921875,486.37890625,176.75999450683594,51.7476806640625,84.65542602539062,62.415977478027344,78.80966186523438
2024-03-01,98.31583404541016,138.8927764892578,106.551025390625,46.40751266479492,370.3839416503906,81.07794189453125,175.8133087158203,32.61512756347656,55.36964416503906,151.5619659423828,275.54119873046875,131.58773803710938,408.3345947265625,135.9346466064453,498.4556579589844,178.22000122070312,51.766441345214844,83.76119995117188,62.054012298583984,78.62461853027344
2024-03-04,96.9410400390625,135.3207244873047,104.12605285644531,46.47333908081055,374.34454345703125,84.41558074951172,177.13221740722656,33.374732971191406,55.630069732666016,152.28024291992188,275.7402648925781,132.66983032226562,407.7646484375,132.17796325683594,494.3772277832031,177.5800018310547,51.541412353515625,85.1993179321289,63.29768371582031,78.58763122558594
2024-03-05,98.13003540039062,135.96603393554688,103.73431396484375,46.69902801513672,373.06561279296875,83.5624008178711,178.9066162109375,33.60261154174805,55.36033630371094,149.21380615234375,277.2566223144531,132.81344604492188,395.7062072753906,131.5039520263672,486.4682312011719,174.1199951171875,51.944583892822266,85.44822692871094,63.093505859375,77.75503540039062
2024-03-06,99.17972564697266,134.82080078125,104.45247650146484,47.046966552734375,371.7868347167969,80.3091812133789,179.83645629882812,33.63109588623047,55.38824462890625,150.0978546142578,277.62628173828125,133.62738037109375,395.1559143066406,130.24508666992188,492.2932434082031,173.50999450683594,52.06647491455078,86.72040557861328,63.65037536621094,77.634765625
2024-03-07,99.737060546875,135.7660675048828,105.1520004272461,47.75224685668945,370.6988220214844,80.7591781616211,178.26138305664062,33.83048629760742,55.285926818847656,150.19911193847656,275.90130615234375,134.42214965820312,402.0842590332031,133.1988983154297,508.27001953125,176.82000732421875,52.74156951904297,87.09838104248047,64.27222442626953,77.8012924194336
2024-03-08,100.67526245117188,136.22964477539062,105.39450073242188,47.39491271972656,369.3245849609375,81.60297393798828,178.59347534179688,33.802001953125,55.36033630371094,150.14385986328125,277.26611328125,133.63693237304688,399.2146301269531,134.21987915039062,502.0777893066406,175.35000610351562,54.20426940917969,87.5224380493164,64.04946899414062,77.5607681274414
2024-03-11,101.26976013183594,138.15655517578125,107.4930648803711,48.45753479003906,368.5325012207031,81.50920867919922,178.6598663330078,34.07735824584961,56.030029296875,151.69088745117188,279.41754150390625,134.13487243652344,397.54400634765625,136.4599609375,479.888916015625,171.9600067138672,54.26052474975586,88.35212707519531,64.76411437988281,77.4590072631836
2024-03-12,100.6195297241211,138.0565643310547,107.27853393554688,48.49514389038086,370.46026611328125,81.61234283447266,180.13059997558594,34.143821716308594,56.2718505859375,151.51593017578125,278.9341735839844,134.76687622070312,408.118408203125,137.28268432617188,495.92523193359375,175.38999938964844,53.5854377746582,87.58698272705078,64.36502075195312,77.14446258544922
2024-03-13,101.7435073852539,139.8743896484375,109.63826751708984,49.435516357421875,374.4017333984375,83.76866149902344,181.59185791015625,34.25777053833008,56.8485221862793,152.21578979492188,268.0823059082031,132.48789978027344,407.9415283203125,138.56134033203125,491.7772521972656,176.55999755859375,55.82636260986328,88.03868103027344,64.9126205444336,76.78368377685547
2024-03-14,103.54559326171875,141.51956176757812,111.71817779541016,50.05617141723633,370.87060546875,83.53428649902344,178.3562469482422,33.887454986572266,56.72195053100586,151.73692321777344,267.0114440917969,131.3387908935547,417.88702392578125,141.84225463867188,488.06585693359375,178.75,55.82636260986328,87.62385559082031,64.39286041259766,75.72904968261719
2024-03-15,103.35981750488281,141.38323974609375,111.9606704711914,49.71763610839844,369.5345764160156,82.85926055908203,180.56707763671875,33.62159729003906,56.14067077636719,151.62646484375,264.55670166015625,131.03236389160156,409.2387390136719,139.93911743164062,480.3950500488281,174.4199981689453,56.33269119262695,87.31039428710938,64.12371826171875,75.96033477783203
2024-03-18,104.31658935546875,141.2559814453125,112.1658706665039,50.24424362182617,366.82415771484375,82.46549987792969,182.80638122558594,34.1912956237793,56.37506103515625,157.70401000976562,264.02593994140625,130.486572265625,410.12322998046875,146.38198852539062,493.17645263671875,174.47999572753906,56.41706848144531,87.5224380493164,64.42999267578125,76.00658416748047
2024-03-19,105.05043029785156,142.35577392578125,113.80740356445312,51.23163986206055,370.91839599609375,82.89675903320312,183.8785858154297,34.21028137207031,56.468807220458984,158.20126342773438,268.09185791015625,131.4632568359375,414.1427307128906,145.73770141601562,492.44207763671875,175.89999389648438,57.44845962524414,87.7068099975586,65.1632080078125,77.0797119140625
2024-03-20,104.9575424194336,140.4742889404297,113.70481872558594,51.15640640258789,378.3718566894531,85.64373779296875,186.28868103027344,34.8939208984375,56.956336975097656,158.25653076171875,269.58935546875,130.71636962890625,417.8968200683594,147.4326934814453,501.6510925292969,178.14999389648438,58.32045364379883,87.95572662353516,65.18177795410156,76.64491271972656
2024-03-21,105.4219970703125,140.75607299804688,115.1971206665039,51.19402313232422,394.8248291015625,87.5656967163086,188.87905883789062,35.61553955078125,56.693824768066406,158.79981994628906,268.71734619140625,130.7738494873047,421.9654235839844,146.3026885986328,503.87396240234375,178.14999389648438,57.53284454345703,87.5408706665039,64.87550354003906,76.87619018554688
2024-03-22,105.4219970703125,140.57427978515625,114.74943542480469,50.77085494995117,388.2493896484375,86.20626068115234,186.56382751464844,35.178768157958984,56.71257400512695,158.4038848876953,267.8643798828125,130.44825744628906,421.3462829589844,149.44485473632812,505.6799621582031,178.8699951171875,57.92665100097656,87.21823120117188,64.78268432617188,76.73741149902344
2024-03-25,106.49952697753906,142.21942138671875,117.73406219482422,51.071773529052734,386.4552001953125,85.44684600830078,184.8559112548828,34.99837112426758,56.62820053100586,158.93797302246094,264.06390380859375,128.90660095214844,415.5676574707031,148.75100708007812,499.1701965332031,179.7100067138672,58.70487976074219,87.43024444580078,64.74555969238281,76.66341400146484
2024-03-26,105.70066833496094,141.1287384033203,117.51020050048828,50.8460807800293,387.63861083984375,85.57810974121094,185.7193603515625,35.21674728393555,56.75945281982422,159.05764770507812,264.06390380859375,129.07894897460938,414.3785705566406,149.34571838378906,492.0948181152344,178.3000030517578,57.598480224609375,86.35166931152344,64.29077911376953,76.30262756347656
2024-03-27,106.7967758178711,142.11036682128906,118.30299377441406,51.6265983581543,396.2945861816406,87.65943908691406,189.3155517578125,35.900386810302734,57.21885299682617,159.8311767578125,267.2862243652344,131.4920196533203,414.1623229980469,149.5439453125,490.0803527832031,179.8300018310547,59.811283111572266,88.58257293701172,65.94284057617188,78.44886016845703
2024-03-28,107.97648620605469,143.37379455566406,118.71339416503906,51.54196548461914,398.62322998046875,88.2782211303711,190.05563354492188,36.00482177734375,57.3594856262207,161.15716552734375,267.2200012207031,132.7655487060547,413.464599609375,149.60342407226562,481.86370849609375,180.3800048828125,59.923805236816406,89.1541519165039,66.58322143554688,79.65149688720703
2024-04-01,108.67317199707031,144.59173583984375,120.0191421508789,51.927520751953125,394.63397216796875,87.68756103515625,188.76519775390625,35.625030517578125,56.89070510864258,159.28787231445312,265.5802917480469,134.50831604003906,417.24822998046875,154.1233673095703,487.589599609375,180.97000122070312,59.42685317993164,88.56414794921875,65.9892349243164,78.22684478759766
2024-04-02,110.80038452148438,145.2279815673828,121.87520599365234,51.41971206665039,391.4273681640625,86.91877746582031,188.6892852783203,35.41614532470703,56.3938102722168,157.86978149414062,263.2298278808594,134.7381591796875,414.1721496582031,153.20150756835938,493.5634460449219,180.69000244140625,58.95804214477539,88.99742889404297,66.21198272705078,78.82816314697266
2024-04-03,110.81896209716797,145.827880859375,122.77061462402344,51.588985443115234,395.1015930175781,87.190673828125,188.1579132080078,35.549076080322266,56.09379577636719,156.24908447265625,261.1448059082031,133.11026000976562,413.1992492675781,153.558349609375,502.86175537109375,182.41000366210938,58.648624420166016,88.47196960449219,65.87786102294922,78.01405334472656
2024-04-04,111.2091064453125,146.05511474609375,122.88251495361328,51.034156799316406,387.7054138183594,86.51564025878906,186.72633361816406,35.055335998535156,55.59688186645508,156.22146606445312,255.97947692871094,130.4961395263672,410.673583984375,149.20697021484375,507.009765625,180.0,59.755027770996094,88.61026000976562,65.01470947265625,77.6717758178711
2024-04-05,112.7417984008789,146.88223266601562,124.53338623046875,51.74884033203125,389.4423828125,86.69377899169922,188.44424438476562,35.235740661621094,55.79377746582031,155.75180053710938,252.75717163085938,130.32379150390625,418.1817932128906,151.15963745117188,523.3041381835938,185.07000732421875,60.17695999145508,88.41665649414062,64.88477325439453,77.66252136230469
2024-04-08,111.9801025390625,146.58229064941406,123.50743865966797,50.81787109375,391.7995910644531,87.38755798339844,189.42726135253906,35.606048583984375,55.568763732910156,156.15699768066406,253.58168029785156,129.48114013671875,417.2678527832031,153.48898315429688,515.2759399414062,185.19000244140625,60.814552307128906,88.785400390625,65.02398681640625,77.95854949951172
2024-04-09,112.56529998779297,147.2457733154297,123.348876953125,50.94011688232422,391.9617919921875,88.20320892333984,188.15789794921875,35.824424743652344,55.99066162109375,157.10546875,255.3634490966797,131.20477294921875,418.9287109375,155.2236328125,512.9440307617188,185.6699981689453,61.3021125793457,89.71649932861328,65.51588439941406,78.70789337158203
2024-04-10,113.5127944946289,147.85476684570312,123.8805160522461,50.96833801269531,382.4660339355469,85.92499542236328,186.55455017089844,34.798973083496094,55.24061584472656,155.57687377929688,254.6337127685547,132.0952606201172,415.9608154296875,154.76763916015625,515.8515625,185.9499969482422,60.0175666809082,87.95572662353516,64.75482940673828,77.05196380615234
2024-04-11,113.13194274902344,147.1457977294922,123.97376251220703,50.78025436401367,379.3357849121094,81.41545867919922,186.51638793945312,34.514122009277344,55.36250305175781,155.0335693359375,254.58633422851562,132.45913696289062,420.55023193359375,158.00888061523438,519.1561279296875,189.0500030517578,59.95193099975586,87.8450927734375,64.57849884033203,76.70042419433594
2024-04-12,111.81289672851562,144.482666015625,122.36955261230469,48.899513244628906,371.7104797363281,80.80606842041016,174.45291137695312,33.98240661621094,54.64057922363281,154.79415893554688,253.4205780029297,131.95166015625,414.62420654296875,156.3436737060547,507.98223876953125,186.1300048828125,59.145565032958984,87.48556518554688,63.78960037231445,75.95108032226562
2024-04-15,111.17193603515625,143.23744201660156,121.48347473144531,48.58917999267578,382.5805358886719,81.55609130859375,174.54832458496094,34.13433074951172,54.50932312011719,153.7351837158203,252.32119750976562,131.82716369628906,406.5066833496094,153.49891662597656,496.4015808105469,183.6199951171875,58.836151123046875,86.77572631835938,63.474037170410156,74.85021209716797
2024-04-16,110.2523193359375,142.04676818847656,120.81195068359375,48.34468460083008,378.7440490722656,83.57177734375,172.55364990234375,32.928466796875,54.434322357177734,154.24163818359375,251.56297302246094,132.14315795898438,407.4305114746094,153.04295349121094,495.9351501464844,183.32000732421875,57.851646423339844,85.61416625976562,62.89860153198242,73.55506134033203
2024-04-17,110.19658660888672,142.15582275390625,119.69270324707031,47.78046417236328,385.47222900390625,84.45307159423828,171.86648559570312,33.45069122314453,54.8562126159668,156.06492614746094,255.84678649902344,131.9803466796875,404.7376708984375,154.10354614257812,490.3879699707031,181.27999877929688,59.811283111572266,87.11681365966797,64.78268432617188,75.1554946899414
2024-04-18,110.09440612792969,143.21925354003906,119.20771026611328,47.9027099609375,384.7087097167969,84.621826171875,172.98312377929688,33.963417053222656,55.231239318847656,158.63406372070312,256.8230285644531,132.01866149902344,397.29827880859375,154.6387939453125,497.9595642089844,179.22000122070312,60.0175666809082,88.43508911132812,65.4973373413086,76.37663269042969
2024-04-19,111.35771179199219,145.4279327392578,120.67202758789062,46.8776969909668,385.55816650390625,84.99684143066406,177.32559204101562,35.10281753540039,56.412559509277344,160.3468475341797,257.7802429199219,132.62193298339844,392.2370910644531,152.73568725585938,477.3882141113281,174.6300048828125,60.28947448730469,90.56461334228516,66.96376037597656,77.89379119873047
2024-04-22,111.9893798828125,147.17308044433594,120.62541198730469,46.5579719543457,398.2987365722656,86.3375015258789,180.77093505859375,35.824424743652344,56.768836975097656,162.492431640625,261.18267822265625,133.1581573486328,394.04534912109375,154.90638732910156,478.04315185546875,177.22999572753906,61.236473083496094,90.45398712158203,67.73410034179688,78.5413818359375
2024-04-23,112.42597961425781,148.0183868408203,121.10108184814453,46.5955924987793,404.6451110839844,87.9031982421875,183.37643432617188,36.43210220336914,56.853206634521484,157.6671905517578,262.414794921875,134.15403747558594,400.5413513183594,156.86900329589844,492.30316162109375,179.5399932861328,62.07096862792969,90.5277328491211,67.98470306396484,79.15194702148438
2024-04-24,112.44454956054688,148.67282104492188,120.57878112792969,46.18182373046875,403.7289733886719,87.98755645751953,184.27354431152344,36.38462829589844,57.70637893676758,163.3672332763672,262.29156494140625,135.79144287109375,402.005615234375,157.73135375976562,489.7230224609375,176.58999633789062,62.40850830078125,91.22835540771484,68.59725952148438,79.90127563476562
2024-04-25,112.70465087890625,150.22705078125,121.3529052734375,46.49214553833008,400.8754577636719,86.77815246582031,184.55032348632812,35.995338439941406,57.88451385498047,162.6949920654297,261.20166015625,135.5520782470703,392.158447265625,154.62887573242188,438.0019836425781,173.6699981689453,62.7273063659668,91.29288482666016,69.02418518066406,80.35458374023438
2024-04-26,109.57421875,150.78150939941406,121.47415924072266,46.266456604003906,408.0522155761719,87.03129577636719,184.66485595703125,35.919376373291016,57.88451385498047,161.68206787109375,258.8227844238281,135.75314331054688,399.3129577636719,170.43869018554688,439.8973388671875,179.6199951171875,61.87406539916992,90.07601928710938,67.94756317138672,78.87440490722656
2024-04-29,111.13479614257812,151.18142700195312,121.45551300048828,46.27585983276367,411.1442565917969,87.15428924560547,184.4644317626953,35.65351867675781,58.1657829284668,162.19773864746094,259.2587585449219,137.11288452148438,395.3131408691406,164.6896514892578,429.3089904785156,180.9600067138672,63.21487045288086,91.0163345336914,69.0427474975586,80.1788101196289
2024-04-30,109.86217498779297,146.58229064941406,117.16510772705078,44.649009704589844,407.2314758300781,85.95262145996094,182.9946746826172,35.14078903198242,57.91263961791992,161.9859619140625,258.775390625,135.2552032470703,382.6158752441406,161.34927368164062,426.8777770996094,175.0,62.792945861816406,90.58306121826172,68.21672058105469,79.58674621582031
2024-05-01,107.78141784667969,145.09164428710938,115.97124481201172,44.34809112548828,407.4605407714844,86.61495971679688,183.1092071533203,35.08382034301758,58.062652587890625,161.2860870361328,260.0927734375,129.58648681640625,388.129150390625,162.41978454589844,435.82867431640625,179.0,64.33064270019531,91.98429107666016,69.16339111328125,81.54795837402344
2024-05-02,107.97648620605469,146.09144592285156,114.02192687988281,44.74305725097656,412.823974609375,87.66523742675781,182.9183349609375,35.017356872558594,58.1189079284668,161.56234741210938,259.0028381347656,129.33750915527344,390.9790954589844,165.15553283691406,438.2996826171875,184.72000122070312,64.55567932128906,91.55101013183594,69.91517639160156,81.64047241210938
2024-05-03,107.7535400390625,145.6551971435547,114.00326538085938,44.81827926635742,418.1778259277344,88.60197448730469,181.82078552246094,35.36866760253906,58.28766632080078,162.2069549560547,256.1974792480469,128.6384735107422,399.64703369140625,165.77011108398438,448.5010070800781,186.2100067138672,65.76522064208984,92.42679595947266,70.3978042602539,81.96426391601562
2024-05-06,108.45024108886719,147.51849365234375,115.23442840576172,45.10038757324219,423.4172668457031,89.69010925292969,183.2427978515625,35.78644943237305,58.456424713134766,161.903076171875,255.23077392578125,130.40036010742188,406.4083557128906,166.62252807617188,462.1159973144531,188.6999969482422,66.80599212646484,92.57429504394531,70.04511260986328,82.15853118896484
2024-05-07,107.91146087646484,147.85476684570312,115.22511291503906,45.2978630065918,423.5412902832031,90.63631439208984,183.0041961669922,35.928871154785156,58.709564208984375,163.92892456054688,253.5247802734375,130.14186096191406,402.28082275390625,169.74481201171875,464.6564025878906,188.75999450683594,67.46233367919922,94.27053833007812,71.41873168945312,83.13916015625
2024-05-08,107.89288330078125,147.7366180419922,114.77741241455078,45.00634765625,426.54754638671875,90.49437713623047,186.72633361816406,35.80543518066406,58.925201416015625,163.3672332763672,254.4630889892578,131.14727783203125,403.46014404296875,167.89126586914062,468.9830017089844,188.0,68.30619049072266,94.38114166259766,72.04985046386719,83.79596710205078
2024-05-09,110.02009582519531,150.38157653808594,115.085205078125,45.589385986328125,434.76446533203125,92.83148193359375,188.49195861816406,36.346649169921875,58.95332717895508,163.9657745361328,253.9512939453125,132.0952606201172,405.20947265625,168.46617126464844,471.78143310546875,189.5,69.92829895019531,94.97115325927734,72.62528991699219,84.96369934082031
2024-05-10,109.57421875,150.71791076660156,114.42817687988281,45.608192443847656,433.972412109375,92.99234008789062,189.70404052734375,36.508060455322266,59.30959701538086,165.55882263183594,260.6329650878906,131.77928161621094,407.5876770019531,167.1676788330078,472.5555114746094,187.47999572753906,69.18756103515625,94.64848327636719,72.52318572998047,85.58026123046875
2024-05-13,109.52777862548828,149.54534912109375,114.12779998779297,45.843292236328125,432.8558044433594,93.25726318359375,189.66586303710938,36.28018569946289,59.609619140625,166.5809783935547,257.1452941894531,130.59190368652344,406.5852966308594,167.6533660888672,464.42816162109375,186.57000732421875,69.92829895019531,94.85131072998047,73.04293823242188,85.49617004394531
2024-05-14,110.1926498413086,148.70916748046875,113.61155700683594,45.72104263305664,437.54168701171875,94.03314971923828,192.319091796875,36.54603958129883,59.15958786010742,165.63250732421875,256.5197448730469,131.65478515625,409.3763427734375,168.8428192138672,468.23876953125,187.07000732421875,70.71588897705078,94.3166275024414,73.05220794677734,84.81421661376953
2024-05-15,111.04483032226562,148.20018005371094,113.29241943359375,45.42953109741211,444.8138427734375,95.11182403564453,192.89170837402344,36.94483184814453,59.187713623046875,165.25497436523438,259.56201171875,132.46871948242188,416.5338439941406,170.99375915527344,477.8546142578125,185.99000549316406,72.24423217773438,95.27537536621094,73.59051513671875,85.91655731201172
2024-05-16,110.37995147705078,147.89720153808594,112.47582244873047,45.532958984375,443.3154602050781,94.2223892211914,193.23526000976562,37.239173889160156,59.36585235595703,168.6160125732422,259.2207946777344,135.6478271484375,414.4761962890625,172.6490936279297,469.6081848144531,183.6300048828125,71.64414978027344,95.7548828125,73.67405700683594,86.44904327392578
2024-05-17,112.03748321533203,149.34779357910156,114.24042510986328,45.69282150268555,446.369384765625,94.82796478271484,195.449462890625,37.30563735961914,59.093955993652344,167.7688751220703,258.1498718261719,135.6478271484375,413.708251953125,174.51255798339844,468.2983093261719,184.6999969482422,71.34410095214844,96.73255157470703,74.49828338623047,86.57046508789062
2024-05-20,111.12911987304688,147.94309997558594,113.47076416015625,45.35429763793945,441.8076171875,94.93205261230469,186.6595458984375,36.859375,58.66268539428711,166.0376739501953,253.8754425048828,133.7423095703125,418.7588806152344,175.36497497558594,465.2518005371094,183.5399932861328,71.13783264160156,96.51840209960938,74.17046356201172,86.49574279785156
2024-05-21,110.36122131347656,146.86892700195312,113.02022552490234,45.41071319580078,448.9366760253906,96.0674819946289,190.4198455810547,37.64745330810547,58.98145294189453,166.74673461914062,251.97996520996094,133.3879852294922,422.401611328125,176.2868194580078,461.07403564453125,183.14999389648438,72.15046691894531,97.18878936767578,74.72305297851562,86.52377319335938
2024-05-22,108.14183807373047,144.66546630859375,110.93647003173828,43.70863723754883,441.273193359375,95.31998443603516,189.26504516601562,37.75189971923828,59.065826416015625,167.67677307128906,251.88519287109375,133.22518920898438,423.8587341308594,174.82977294921875,464.19989013671875,183.1300048828125,71.55976104736328,96.31356811523438,73.70216369628906,85.45880889892578
2024-05-23,106.29700469970703,144.08706665039062,110.42961120605469,43.55817794799805,437.23626708984375,93.597900390625,187.93841552734375,37.19169998168945,58.2126579284668,165.0800018310547,244.45477294921875,131.1951904296875,420.3932189941406,172.02462768554688,462.2152099609375,181.0500030517578,70.62212371826172,94.77722930908203,72.27849578857422,83.40361022949219
2024-05-24,106.21271514892578,144.83071899414062,110.05414581298828,43.482948303222656,440.1279602050781,93.64521026611328,191.55555725097656,37.69493103027344,58.12828063964844,163.9013214111328,244.62538146972656,132.45571899414062,423.5043029785156,173.45196533203125,474.5600280761719,180.75,71.8316650390625,95.13105010986328,72.82174682617188,83.11400604248047
2024-05-28,107.56122589111328,146.0150604248047,111.6592025756836,43.75565719604492,438.82049560546875,93.3613510131836,190.40074157714844,37.33412170410156,57.95952224731445,159.65618896484375,240.29412841796875,130.73326110839844,423.661865234375,174.8495635986328,476.24700927734375,182.14999389648438,72.69429016113281,94.20925903320312,72.62504577636719,82.78704833984375
2024-05-29,106.40937805175781,144.05035400390625,108.17689514160156,42.91872024536133,436.3009948730469,92.03668975830078,189.0741424560547,36.76443099975586,57.847015380859375,157.6027374267578,236.34201049804688,129.58819580078125,422.5296630859375,174.35398864746094,470.7295227050781,182.02000427246094,71.89730834960938,93.5016098022461,72.30659484863281,81.7127456665039
2024-05-30,106.74650573730469,145.29896545410156,106.60939025878906,42.8717041015625,432.2780456542969,91.99883270263672,190.23849487304688,36.67897415161133,58.100154876708984,156.9857635498047,238.90093994140625,129.7517852783203,408.2539978027344,170.5972900390625,463.4755554199219,179.32000732421875,73.31312561035156,94.32099151611328,73.13082122802734,82.35733032226562
2024-05-31,109.8087158203125,149.00811767578125,109.33141326904297,43.15381622314453,438.31719970703125,92.57600402832031,193.38796997070312,37.97029495239258,59.000205993652344,159.21420288085938,245.36463928222656,132.2440185546875,408.70684814453125,170.98385620117188,463.2572021484375,176.44000244140625,75.02899169921875,96.43460083007812,75.06024169921875,84.30976104736328
2024-06-03,107.1772689819336,144.56446838378906,106.881591796875,41.44232940673828,436.8386535644531,92.16914367675781,192.61492919921875,37.865840911865234,59.000205993652344,157.6763916015625,247.77801513671875,134.0723419189453,407.1217346191406,171.64794921875,473.83563232421875,178.33999633789062,73.33504486083984,96.2856216430664,75.29439544677734,84.15096282958984
2024-06-04,105.51038360595703,143.34339904785156,105.37979888916016,40.821678161621094,437.1458435058594,91.38380432128906,190.0762176513672,37.675941467285156,59.9471321105957,160.12586975097656,250.61117553710938,136.1989288330078,409.6322937011719,172.2624969482422,473.33941650390625,179.33999633789062,72.80656433105469,97.39363098144531,75.59410858154297,84.43120574951172
2024-06-05,105.93180084228516,142.28758239746094,105.34224700927734,40.883201599121094,443.2715148925781,91.4594955444336,188.2628936767578,37.94179916381836,59.928382873535156,159.7574920654297,248.00694274902344,135.22705078125,417.4494934082031,173.8682861328125,491.2711486816406,181.27999877929688,72.71219635009766,96.09008026123047,74.3858871459961,83.09532165527344
2024-06-06,106.72777557373047,143.15977478027344,105.3140869140625,41.31853103637695,439.83428955078125,91.63927459716797,187.92889404296875,37.69493103027344,60.14402389526367,159.49046325683594,248.70330810546875,135.51573181152344,417.9515380859375,175.17665100097656,489.9811096191406,185.0,72.38190460205078,95.77351379394531,73.6646957397461,82.86178588867188
2024-06-07,105.5853042602539,143.29750061035156,105.12635040283203,42.16079330444336,436.771484375,91.9136734008789,190.8302001953125,38.000614166259766,59.919010162353516,158.7433319091797,244.4011688232422,134.68820190429688,417.2919616699219,172.9266357421875,489.1872253417969,184.3000030517578,71.14566040039062,95.550048828125,72.99968719482422,82.48812103271484
2024-06-10,105.89433288574219,143.90345764160156,106.34657287597656,42.5677375793457,435.46563720703125,91.20402526855469,190.50570678710938,37.89553451538086,59.61898422241211,153.97286987304688,242.11180114746094,132.6096954345703,421.2497253417969,173.67088317871094,498.75341796875,187.05999755859375,72.63670349121094,95.4569320678711,73.96440887451172,82.72166442871094
2024-06-11,105.04214477539062,143.67393493652344,106.65631866455078,42.54880905151367,426.55572509765625,90.2956771850586,185.4951629638672,37.12177276611328,59.58148956298828,153.20252990722656,242.5601348876953,131.83990478515625,425.98529052734375,175.2685546875,503.5861511230469,187.22999572753906,68.64484405517578,95.30795288085938,73.52417755126953,82.59088134765625
2024-06-12,103.8809585571289,141.58982849121094,105.30469512939453,42.31222152709961,430.80908203125,90.50382995605469,182.7942657470703,37.64716720581055,58.95332717895508,152.05169677734375,242.7509307861328,132.11892700195312,434.23565673828125,176.4296112060547,504.9456787109375,186.88999938964844,68.1918716430664,94.339599609375,73.46800231933594,82.17048645019531
2024-06-13,103.0475082397461,140.3228302001953,104.08447265625,41.460487365722656,428.55279541015625,90.08751678466797,184.82711791992188,37.503875732421875,59.056461334228516,151.58763122558594,242.00686645507812,132.8021240234375,434.7475891113281,173.81973266601562,500.2419738769531,183.8300018310547,69.06006622314453,94.28375244140625,73.70216369628906,82.11444091796875
2024-06-14,102.17659759521484,140.07496643066406,102.67652893066406,40.693931579589844,428.6584167480469,90.36190795898438,184.94163513183594,37.484779357910156,59.09897232055664,152.03314208984375,241.89239501953125,131.62818908691406,435.7222900390625,175.437255859375,500.7982177734375,183.66000366210938,68.94682312011719,95.30795288085938,73.6646957397461,82.20785522460938
2024-06-17,101.4742660522461,140.64418029785156,102.81733703613281,41.290138244628906,432.23004150390625,91.81903839111328,186.08692932128906,37.742698669433594,59.16511154174805,154.19561767578125,241.82562255859375,131.75328063964844,441.43255615234375,175.88380432128906,503.25177001953125,184.05999755859375,68.23905181884766,93.8554458618164,72.75617980957031,81.97431945800781
2024-06-18,102.42945098876953,140.77272033691406,102.6953125,42.05670166015625,439.19097900390625,92.3205337524414,188.0147705078125,38.20122528076172,59.174560546875,154.5111846923828,239.23098754882812,130.30987548828125,439.43402099609375,173.7502899169922,496.1593322753906,182.80999755859375,66.47432708740234,93.13847351074219,72.99968719482422,81.78748321533203
2024-06-20,104.63946533203125,143.8116455078125,104.49748229980469,43.021995544433594,439.7862243652344,92.1975326538086,189.6085968017578,38.20122528076172,58.74938201904297,154.69679260253906,242.10226440429688,129.0878143310547,438.8038330078125,174.95101928710938,498.3546142578125,186.10000610351562,68.38060760498047,93.20365905761719,73.8707504272461,82.09575653076172
2024-06-21,103.72174835205078,142.56301879882812,104.50685119628906,43.211273193359375,432.23004150390625,90.98640441894531,187.34669494628906,37.72359085083008,59.30683517456055,155.25367736816406,247.43463134765625,129.22251892089844,442.8207092285156,178.25555419921875,491.4807434082031,189.0800018310547,68.71089935302734,92.96156311035156,73.48673248291016,81.32038879394531
2024-06-24,106.80269622802734,146.26296997070312,108.101806640625,44.93366622924805,443.6651611328125,91.87582397460938,189.80905151367188,38.22987747192383,60.44063186645508,155.99615478515625,248.37899780273438,128.93385314941406,440.7433776855469,177.84866333007812,495.5832214355469,185.57000732421875,69.6923599243164,94.51651763916016,74.31095123291016,82.33865356445312
2024-06-25,107.10234832763672,145.48257446289062,107.93284606933594,44.97152328491211,439.1429748535156,92.53816223144531,189.03598022460938,37.61851119995117,60.31780242919922,155.31861877441406,245.5172576904297,127.33648681640625,443.97265625,182.62185668945312,507.19525146484375,186.33999633789062,68.871337890625,93.29676055908203,73.07462310791016,81.1709213256836
2024-06-26,107.13983154296875,143.17813110351562,106.63754272460938,43.75069808959961,437.68359375,91.67713165283203,188.42514038085938,37.2555046081543,60.516212463378906,154.7524871826172,245.9464874267578,126.98046875,445.1639099121094,182.47300720214844,509.6984558105469,193.61000061035156,69.23938751220703,93.06399536132812,73.25257110595703,81.42314147949219
2024-06-27,107.59867858886719,143.51783752441406,106.97545623779297,44.48886489868164,428.1783447265625,90.61736297607422,190.0857696533203,37.49432373046875,60.383941650390625,154.30699157714844,246.2708740234375,127.60591125488281,445.84326171875,183.9912872314453,516.095458984375,197.85000610351562,69.5696792602539,93.65990447998047,73.09335327148438,82.48812103271484
2024-06-28,107.80470275878906,143.60963439941406,107.36028289794922,44.649749755859375,434.2847595214844,91.96097564697266,193.03485107421875,37.991058349609375,60.13828659057617,153.07260131835938,243.0943145751953,127.46159362792969,440.0345458984375,180.75624084472656,500.85784912109375,193.25,66.823486328125,93.32471466064453,72.65313720703125,81.96497344970703
2024-07-01,107.65486907958984,143.7014617919922,107.34152221679688,44.08193588256836,445.1725769042969,93.82498931884766,196.07936096191406,38.22032165527344,59.788692474365234,151.1792755126953,238.46786499023438,124.80573272705078,449.6632385253906,181.58984375,501.3147888183594,197.1999969482422,65.96473693847656,92.50534057617188,72.1192626953125,81.53523254394531
2024-07-02,106.9244155883789,143.91262817382812,107.11624908447266,44.18602752685547,447.0448303222656,94.28863525390625,199.30519104003906,39.099178314208984,59.66587448120117,151.81967163085938,236.36924743652344,125.12327575683594,452.17376708984375,183.8225860595703,506.1026611328125,200.0,66.50263977050781,92.93363189697266,72.63440704345703,81.8528823852539
2024-07-03,107.46757507324219,143.8759307861328,107.72635650634766,44.77278518676758,449.2627258300781,94.80903625488281,199.17160034179688,39.070518493652344,59.835941314697266,150.91014099121094,238.47740173339844,124.69025421142578,453.64068603515625,184.39817810058594,506.5595397949219,197.58999633789062,67.78607177734375,92.96156311035156,72.79364013671875,81.79680633544922
2024-07-05,106.1658935546875,141.67247009277344,105.6426010131836,43.66552734375,446.2191162109375,94.23184967041016,196.532470703125,38.60243225097656,60.24221420288086,152.57142639160156,239.5171661376953,124.24761962890625,460.32562255859375,189.1416015625,536.3097534179688,200.0,68.03142547607422,93.63197326660156,73.09335327148438,82.07706451416016
2024-07-08,105.051513671875,141.69081115722656,105.34224700927734,43.76017379760742,446.28631591796875,95.17804718017578,196.89715576171875,38.803043365478516,59.48635482788086,150.46461486816406,236.426513671875,123.11214447021484,459.02606201171875,187.58360290527344,525.7904663085938,199.2899932861328,68.05030822753906,93.70645141601562,72.86856842041016,81.37644958496094
2024-07-09,103.89031982421875,140.45135498046875,104.36607360839844,42.77593994140625,453.9769287109375,97.08937072753906,199.25796508789062,39.56725311279297,59.23125076293945,150.26043701171875,234.49008178710938,121.88044738769531,452.42974853515625,187.5339813232422,526.4658813476562,199.33999633789062,68.05973815917969,93.98580169677734,73.16828918457031,81.91826629638672
2024-07-10,104.80804443359375,142.42529296875,105.62383270263672,42.85165023803711,459.7952575683594,97.89364624023438,199.4210968017578,39.87294006347656,59.363529205322266,151.82896423339844,238.94482421875,124.29573059082031,459.035888671875,189.7171173095703,531.1245727539062,199.7899932861328,68.79583740234375,95.7455825805664,73.46800231933594,82.44140625
2024-07-11,106.05352020263672,142.544677734375,106.99422454833984,43.71284484863281,460.12176513671875,99.01016235351562,199.085205078125,39.939815521240234,59.618629455566406,152.16305541992188,243.05615234375,124.63252258300781,447.6646423339844,184.1500701904297,509.28125,195.0500030517578,70.49449920654297,97.2632827758789,74.7979965209961,84.86093139648438
2024-07-12,106.07225799560547,142.84764099121094,106.19639587402344,43.930511474609375,460.7458190917969,98.48973083496094,196.67640686035156,39.72966003417969,60.185523986816406,154.4183807373047,242.19764709472656,126.35497283935547,446.53240966796875,183.65391540527344,495.54345703125,194.49000549316406,71.72130584716797,98.12921142578125,74.91976165771484,84.97303009033203
2024-07-15,107.88897705078125,145.09695434570312,107.53862762451172,45.3879280090332,472.6034240722656,99.59680938720703,201.58038330078125,40.016231536865234,59.91152572631836,152.07952880859375,239.93687438964844,123.06403350830078,446.93609619140625,185.10272216796875,492.8515625,192.72000122070312,66.97447967529297,98.06401824951172,74.9759521484375,84.95435333251953
2024-07-16,108.66622924804688,144.84909057617188,108.12057495117188,46.1071662902832,482.9631652832031,100.50514221191406,205.0064239501953,42.15604019165039,60.72407150268555,152.9148406982422,245.412353515625,124.0551528930664,442.5647888183594,182.5126953125,486.5240173339844,193.02000427246094,67.85214233398438,99.190673828125,75.9781265258789,85.8044662475586
2024-07-17,110.16456604003906,148.02572631835938,108.9559555053711,46.27751159667969,482.15667724609375,101.20533752441406,208.1253662109375,42.01274490356445,61.61221694946289,157.67604064941406,248.9704132080078,124.44969177246094,436.6575927734375,179.6348876953125,458.909423828125,187.92999267578125,66.90843963623047,100.1124496459961,76.45580291748047,87.3645248413086
2024-07-18,111.2508544921875,148.70513916015625,109.45343017578125,46.1071662902832,466.8234558105469,99.1709976196289,201.51316833496094,41.08613204956055,61.593318939208984,158.1215057373047,247.55859375,123.46818542480469,433.5562744140625,176.33038330078125,472.6770324707031,183.75,67.63508605957031,99.54448699951172,76.15607452392578,87.33650970458984
2024-07-19,108.69432830810547,146.11605834960938,107.3321304321289,47.00621795654297,465.59442138671875,96.59734344482422,201.32125854492188,40.98105239868164,61.68780517578125,157.18411254882812,245.421875,122.14026641845703,430.3467102050781,176.3006134033203,473.6107482910156,183.1300048828125,67.9465103149414,99.5538101196289,76.24037170410156,87.00955963134766
2024-07-22,107.94515991210938,144.13296508789062,105.42671966552734,46.788543701171875,467.6203308105469,96.92852783203125,201.80108642578125,40.40789794921875,61.19649124145508,155.60635375976562,247.5777130126953,123.7568588256836,436.0865783691406,180.2799072265625,484.1499938964844,182.5500030517578,68.79583740234375,100.1310806274414,76.6618423461914,88.13990783691406
2024-07-23,106.20335388183594,141.470458984375,104.02815246582031,46.41946792602539,472.5265808105469,97.9314956665039,201.8490753173828,40.512969970703125,61.376007080078125,154.32554626464844,242.34072875976562,121.68798828125,437.9670715332031,180.3990020751953,485.43133544921875,186.41000366210938,68.05030822753906,99.74002838134766,76.19354248046875,87.47663116455078
2024-07-24,107.70169830322266,142.3702392578125,104.28158569335938,45.454166412353516,467.2939147949219,96.48381042480469,200.1792449951172,40.302818298339844,62.179107666015625,156.07968139648438,241.6920623779297,121.19723510742188,422.2638244628906,171.30908203125,458.1942443847656,180.8300018310547,71.1645278930664,101.11804962158203,77.42987823486328,88.76580810546875
2024-07-25,109.96790313720703,144.63792419433594,104.21588897705078,45.6434440612793,472.1041259765625,97.9882583618164,200.2560272216797,39.81563186645508,62.42477035522461,158.7247772216797,239.87010192871094,122.33270263671875,411.92626953125,166.00003051757812,450.3866271972656,179.85000610351562,69.30542755126953,100.14971160888672,76.48390197753906,89.53182983398438
2024-07-26,109.87427520751953,144.91334533691406,104.05631256103516,46.21126937866211,479.13226318359375,98.5843734741211,203.6820831298828,39.80607223510742,63.3506965637207,160.3303985595703,240.38522338867188,123.2179946899414,418.6899719238281,165.72218322753906,462.59466552734375,182.5,70.07926940917969,100.58732604980469,76.9615707397461,90.1016845703125
2024-07-29,108.722412109375,143.77491760253906,102.42310333251953,45.29329299926758,473.07391357421875,96.96637725830078,202.34811401367188,39.25202178955078,63.1428337097168,160.75732421875,249.37107849121094,125.5081787109375,420.12738037109375,168.23280334472656,462.6045837402344,183.1999969482422,70.1547622680664,101.19255065917969,77.7857894897461,90.68087768554688
2024-07-30,110.660888671875,146.50167846679688,103.16462707519531,45.05669403076172,485.5074768066406,98.17750549316406,206.5131072998047,39.43352127075195,63.94594955444336,160.7294921875,254.15965270996094,127.1825180053711,416.3763427734375,168.9869842529297,460.1014099121094,181.7100067138672,70.09813690185547,102.3284912109375,78.09487915039062,91.6804428100586
2024-07-31,111.05418395996094,147.3279571533203,104.37544250488281,45.700225830078125,488.7335205078125,98.53551483154297,204.219482421875,38.50690841674805,63.05780792236328,160.2561798095703,253.16761779785156,127.81761169433594,411.8770446777344,170.22744750976562,471.663818359375,186.97999572753906,72.08935546875,101.74189758300781,78.22599792480469,91.6617660522461
2024-08-01,109.5184097290039,140.12086486816406,101.73789978027344,44.15764236450195,480.17877197265625,97.15119171142578,199.57467651367188,37.7331428527832,64.21048736572266,162.38153076171875,256.36322021484375,129.42459106445312,410.65618896484375,169.45339965820312,494.4210205078125,184.07000732421875,73.97675323486328,104.84248352050781,82.01927947998047,94.57640075683594
2024-08-02,109.4528579711914,136.38417053222656,99.27869415283203,42.52042007446289,451.8742370605469,91.50886535644531,191.11029052734375,35.899024963378906,65.5049057006836,165.24008178710938,263.937255859375,130.07894897460938,402.1695556640625,165.384765625,484.88507080078125,167.89999389648438,74.74115753173828,106.071533203125,82.96526336669922,95.09020233154297
2024-08-05,107.47694396972656,132.81275939941406,98.15233612060547,41.42263412475586,440.7175598144531,87.90005493164062,187.04122924804688,35.0106201171875,64.34276580810547,161.52764892578125,256.0770568847656,128.28912353515625,389.0359802246094,158.03147888183594,472.55780029296875,161.02000427246094,72.36302185058594,103.36202239990234,81.08267211914062,91.60570526123047
2024-08-06,106.90570831298828,131.4998779296875,99.3068618774414,41.072479248046875,451.4710388183594,88.7593002319336,192.26190185546875,35.26854705810547,64.2955322265625,160.089111328125,257.61279296875,131.6859130859375,393.4269714355469,157.07879638671875,490.7953796386719,161.92999267578125,72.63670349121094,105.14043426513672,80.97028350830078,91.82057189941406
2024-08-07,108.32910919189453,130.7470245361328,100.36751556396484,40.561431884765625,454.1497497558594,87.93824768066406,192.31947326660156,35.63154983520508,64.68290710449219,159.43943786621094,256.95465087890625,131.27215576171875,392.2652893066406,157.72384643554688,485.6598205566406,162.77000427246094,73.19347381591797,105.6897964477539,81.75702667236328,93.01632690429688
2024-08-08,110.39867401123047,132.65670776367188,101.62525939941406,41.346923828125,466.40093994140625,90.34410858154297,195.83189392089844,36.5008430480957,64.9380111694336,159.97772216796875,258.69073486328125,131.92648315429688,396.4593811035156,160.79017639160156,506.23175048828125,165.8000030517578,73.17460632324219,104.68419647216797,80.97965240478516,91.5870361328125
2024-08-09,111.29766082763672,133.11572265625,101.94441223144531,41.21442794799805,470.7119445800781,90.43003845214844,197.50173950195312,36.567718505859375,64.89076232910156,159.9962921142578,255.56190490722656,131.62818908691406,399.7378234863281,162.41766357421875,514.3174438476562,166.94000244140625,73.09911346435547,104.90765380859375,81.29810333251953,91.93580627441406
2024-08-12,111.43814849853516,133.14329528808594,104.02432250976562,41.54566192626953,466.1417236328125,90.54460144042969,197.8760223388672,36.4626350402832,64.40890502929688,159.09600830078125,257.0404968261719,130.51194763183594,400.5155944824219,161.04820251464844,512.5095825195312,166.8000030517578,73.21235656738281,105.55943298339844,81.67273712158203,91.56816864013672
2024-08-13,110.37059020996094,132.34451293945312,102.42655944824219,41.42263412475586,472.324951171875,92.32990264892578,199.55545043945312,36.73965835571289,64.68290710449219,159.97772216796875,257.851318359375,132.39797973632812,407.60418701171875,162.9038848876953,525.015625,170.22999572753906,73.72196960449219,105.88531494140625,81.67273712158203,92.50138854980469
2024-08-14,111.39131164550781,132.8219451904297,103.36253356933594,41.43209457397461,478.8154296875,94.93626403808594,201.76272583007812,37.074005126953125,64.7962875366211,161.2213897705078,258.652587890625,132.0804443359375,410.41009521484375,159.14288330078125,523.2476196289062,170.10000610351562,73.6181640625,105.64323425292969,81.66339111328125,91.66244506835938
2024-08-15,112.08043670654297,134.7775115966797,105.15882873535156,42.6245231628418,479.12261962890625,96.08192443847656,203.0198974609375,37.28416061401367,64.8624267578125,160.11695861816406,262.2011413574219,132.6096954345703,415.2626647949219,160.06578063964844,533.7470092773438,177.58999633789062,73.05193328857422,105.31734466552734,81.4947738647461,91.02143859863281
2024-08-16,111.55180358886719,135.20901489257812,105.11154174804688,42.37845993041992,484.1537170410156,96.84568786621094,205.34230041503906,37.580299377441406,65.36318969726562,160.2097625732422,265.654296875,132.21514892578125,412.7377624511719,161.7130889892578,523.9031372070312,177.05999755859375,74.14662170410156,105.53820037841797,81.82260131835938,91.37964630126953
2024-08-19,111.89163970947266,136.31381225585938,105.64098358154297,42.927364349365234,484.5569763183594,97.14163970947266,206.76263427734375,37.89553451538086,65.1742172241211,161.32350158691406,274.2967224121094,131.53195190429688,415.7558288574219,165.3946990966797,525.7506713867188,178.22000122070312,74.8827133178711,105.93290710449219,82.10591888427734,91.94522857666016
2024-08-20,108.1628646850586,134.32704162597656,103.8541488647461,41.66868209838867,477.5096435546875,96.215576171875,205.87014770507812,36.959373474121094,65.55213928222656,163.20755004882812,272.4652099609375,131.7821502685547,418.9810485839844,165.90077209472656,523.2175903320312,178.8800048828125,74.53353881835938,105.61337280273438,81.97370147705078,92.03949737548828
2024-08-21,107.47373962402344,134.91192626953125,103.63670349121094,41.82957077026367,476.66473388671875,96.1296615600586,205.94691467285156,37.01668930053711,65.7316665649414,162.61354064941406,276.357177734375,132.5519561767578,418.33013916015625,164.5809783935547,531.5914306640625,180.11000061035156,75.15638732910156,105.94230651855469,82.70088958740234,92.38826751708984
2024-08-22,108.30445861816406,135.2925567626953,103.96760559082031,41.75385665893555,477.9032897949219,96.00553131103516,207.8950653076172,37.484779357910156,65.5049057006836,163.10543823242188,275.88018798828125,131.59933471679688,409.8577880859375,162.54666137695312,528.3829956054688,176.1300048828125,74.47692108154297,105.36902618408203,81.60539245605469,92.65221405029297
2024-08-23,109.80540466308594,137.04721069335938,105.31954193115234,42.70022964477539,489.1080322265625,97.27530670166016,209.50730895996094,37.991058349609375,65.93952941894531,163.22610473632812,276.1759033203125,130.4061279296875,411.0807800292969,164.35272216796875,524.4791870117188,177.0399932861328,75.17525482177734,105.5945816040039,81.3315200805664,92.61450958251953
2024-08-26,112.15595245361328,137.86415100097656,107.36165618896484,43.15448760986328,487.6197814941406,97.69537353515625,210.3326416015625,38.13434600830078,66.93159484863281,163.3188934326172,275.3746337890625,129.85760498046875,407.8259582519531,164.88861083984375,517.6451416015625,175.5,76.10008239746094,106.20545196533203,81.68093872070312,93.34033966064453
2024-08-27,111.08924865722656,136.42518615722656,106.29332733154297,42.6245231628418,487.0340881347656,97.45670318603516,211.30189514160156,37.89553451538086,67.55518341064453,162.69708251953125,276.2904052734375,130.07037353515625,408.171142578125,163.41990661621094,515.638671875,173.1199951171875,75.1280746459961,105.16226959228516,80.97264099121094,92.88787841796875
2024-08-28,109.99420928955078,135.54322814941406,106.02861785888672,41.39424133300781,483.26080322265625,97.57125854492188,212.36717224121094,38.16301345825195,67.79138946533203,161.41627502441406,273.8197021484375,131.1824951171875,404.9755859375,161.6039276123047,513.3341064453125,170.8000030517578,74.93933868408203,105.91410064697266,80.98209381103516,92.88787841796875
2024-08-29,111.5140380859375,136.8615264892578,108.12743377685547,41.81064224243164,489.7608947753906,97.9531478881836,213.25006103515625,38.3731689453125,68.07483673095703,159.71783447265625,274.5924072265625,130.79566955566406,407.4610595703125,160.54212951660156,514.764404296875,172.1199951171875,75.52442932128906,106.1866455078125,81.02930450439453,94.02847290039062
2024-08-30,111.33468627929688,137.3535614013672,107.5791015625,41.630836486816406,492.80316162109375,98.91740417480469,215.73562622070312,38.92723083496094,68.47166442871094,160.4510498046875,275.35552978515625,130.47654724121094,411.426025390625,162.1298828125,517.8338623046875,178.5,76.46949005126953,107.0888442993164,81.595947265625,94.528076171875
2024-09-03,109.00301361083984,134.29920959472656,103.8541488647461,40.02199935913086,470.79241943359375,94.77396392822266,211.4170684814453,38.87946701049805,68.98187255859375,164.77603149414062,273.9451599121094,129.08396911621094,403.8314514160156,156.15594482421875,508.3475646972656,176.25,75.91859436035156,108.81805419921875,83.96639251708984,95.74407196044922
2024-09-04,107.67198181152344,131.89471435546875,102.6345443725586,39.35997772216797,473.8637390136719,95.6141128540039,210.4862060546875,38.688411712646484,68.55669403076172,165.68557739257812,276.35333251953125,130.3701629638672,403.2988586425781,155.25291442871094,509.3209533691406,173.3300018310547,77.01090240478516,110.0115737915039,84.17414855957031,96.55474853515625
2024-09-05,106.83182525634766,130.8363494873047,101.58514404296875,39.26471710205078,471.19805908203125,95.05082702636719,208.854736328125,38.344512939453125,67.24337768554688,166.4095001220703,276.29583740234375,130.07037353515625,402.79583740234375,156.03684997558594,513.4135131835938,177.88999938964844,76.29852294921875,109.8142318725586,84.53301239013672,97.18631744384766
2024-09-06,106.33151245117188,128.63607788085938,100.23320007324219,38.693172454833984,463.2107849121094,92.21533966064453,203.8931884765625,37.26763153076172,67.21504974365234,165.84371948242188,277.7734069824219,129.46112060546875,396.197509765625,149.7652130126953,496.93414306640625,171.38999938964844,75.96610260009766,109.57928466796875,83.49419403076172,96.1965560913086
2024-09-09,108.56878662109375,130.25148010253906,99.83612060546875,38.49313735961914,471.8644714355469,93.73332977294922,208.0677947998047,37.9503059387207,67.88587188720703,166.6386260986328,279.48126220703125,128.658447265625,400.16241455078125,147.7679443359375,501.4240417480469,175.39999389648438,77.11537170410156,110.10556030273438,84.35359191894531,97.7142105102539
2024-09-10,104.61344146728516,128.32972717285156,98.32344818115234,37.712032318115234,451.15753173828125,92.24397277832031,197.27142333984375,37.767616271972656,67.60242462158203,166.28323364257812,279.4620361328125,128.51339721679688,408.52630615234375,147.71826171875,501.4240417480469,179.5500030517578,78.1696548461914,109.88941192626953,84.65579223632812,97.30886840820312
2024-09-11,103.57504272460938,128.00479125976562,96.97151184082031,37.6929817199707,455.0594482421875,92.63541412353516,198.8740692138672,37.49839782714844,67.15835571289062,164.3848419189453,278.46417236328125,129.61585998535156,417.2452087402344,150.20240783691406,508.4170837402344,184.52000427246094,79.2429428100586,109.20336151123047,83.83417510986328,97.13919067382812
2024-09-12,105.00048065185547,129.2395477294922,97.28349304199219,37.912071228027344,457.8505859375,92.26309204101562,198.26947021484375,37.286865234375,67.30008697509766,165.7595672607422,280.49822998046875,129.0162811279297,421.1509094238281,153.71005249023438,522.09521484375,187.0,79.27144622802734,108.98722076416016,83.56973266601562,97.08262634277344
2024-09-13,104.92495727539062,130.53927612304688,97.85073852539062,38.064483642578125,462.61199951171875,93.80016326904297,196.08143615722656,37.16187286376953,67.93269348144531,165.8624267578125,284.5087890625,129.2483673095703,424.69171142578125,156.46250915527344,521.1218872070312,186.49000549316406,80.40172576904297,110.24652862548828,84.46690368652344,98.1949462890625
2024-09-16,106.3975830078125,131.9132537841797,99.78886413574219,38.483612060546875,468.5710754394531,95.55681610107422,199.47866821289062,37.594547271728516,68.589111328125,165.72215270996094,284.66229248046875,130.12838745117188,425.4314880371094,157.0587158203125,530.2294311523438,184.88999938964844,80.39222717285156,110.61304473876953,84.89189147949219,98.93020629882812
2024-09-17,107.78524780273438,133.13873291015625,102.3792953491211,39.531429290771484,468.793212890625,95.31815338134766,200.81260681152344,38.027217864990234,68.3037109375,165.4041748046875,281.8414611816406,127.9912109375,429.1893005371094,158.31072998046875,533.2520751953125,186.8800048828125,80.70567321777344,109.70144653320312,84.66523742675781,98.23265075683594
2024-09-18,108.1628646850586,133.6493377685547,102.6912841796875,39.455223083496094,468.0108642578125,94.8026123046875,199.1619873046875,38.09452438354492,68.25614166259766,163.85179138183594,280.1912536621094,126.298828125,424.90869140625,158.79762268066406,534.8726806640625,186.42999267578125,80.05028533935547,108.90263366699219,84.06082153320312,97.2994384765625
2024-09-19,109.5033187866211,134.60556030273438,104.51593780517578,40.72214126586914,486.6026306152344,96.16783905029297,201.99305725097656,39.29639434814453,67.18116760253906,163.3374481201172,281.93743896484375,126.77265930175781,432.6807556152344,161.11285400390625,555.9016723632812,189.8699951171875,78.16016387939453,108.20719146728516,83.91915130615234,95.9043197631836
2024-09-20,108.814208984375,135.2461395263672,103.87305450439453,40.39826202392578,481.3873291015625,97.82904052734375,202.5784454345703,38.7194938659668,68.15150451660156,160.08303833007812,284.796630859375,125.43814086914062,429.3076171875,162.55368041992188,558.1388549804688,191.60000610351562,78.60658264160156,109.3631362915039,84.71246337890625,96.29080963134766
2024-09-23,110.78716278076172,136.9729461669922,103.702880859375,40.865028381347656,480.4022216796875,97.82904052734375,202.9143524169922,38.33489990234375,68.23711395263672,160.9527587890625,286.9361877441406,126.0763931274414,427.5717468261719,160.82469177246094,561.1812133789062,193.8800048828125,80.56319427490234,110.24652862548828,85.48685455322266,96.64901733398438
2024-09-24,110.49452209472656,136.88937377929688,102.96546173095703,40.941226959228516,480.99127197265625,97.9340591430664,203.0582733154297,37.931068420410156,67.85659790039062,158.9047088623047,288.09716796875,129.3934326171875,423.2912292480469,161.2618865966797,560.1074829101562,193.9600067138672,80.0597915649414,108.99661254882812,84.74079132080078,95.59326171875
2024-09-25,108.34222412109375,133.65863037109375,99.95903015136719,39.82672882080078,474.3465881347656,97.70491790771484,201.7147216796875,37.73876953125,67.97074890136719,158.41842651367188,288.2890930175781,128.70681762695312,426.19091796875,160.46697998046875,565.0590209960938,192.52999877929688,80.37322998046875,109.2127685546875,84.38190460205078,95.3481674194336
2024-09-26,106.48255157470703,131.82041931152344,96.72569274902344,39.21708679199219,479.92889404296875,99.86255645751953,201.32125854492188,37.99837875366211,67.92317962646484,158.6896514892578,291.3401184082031,133.52281188964844,425.4018859863281,161.69911193847656,564.5916137695312,191.16000366210938,79.27144622802734,108.23538208007812,84.00415802001953,94.96167755126953
2024-09-27,109.33341217041016,135.06976318359375,99.00415802001953,40.283958435058594,481.4645690917969,99.3947525024414,202.01222229003906,37.882999420166016,68.29419708251953,158.97955322265625,291.3785095214844,135.31187438964844,422.1569519042969,162.91139221191406,564.1144409179688,187.97000122070312,80.2972412109375,108.98722076416016,85.09022521972656,95.99858856201172
2024-09-30,110.6550064086914,136.72227478027344,99.5335922241211,39.96009063720703,478.1808166503906,99.51886749267578,202.35769653320312,38.15221405029297,68.36079406738281,159.02630615234375,292.165283203125,135.10879516601562,424.40570068359375,164.79934692382812,569.1654052734375,186.3300018310547,80.28775024414062,108.3575668334961,85.16577911376953,96.71500396728516
2024-10-01,113.21322631835938,138.9781951904297,103.40035247802734,41.0936393737793,473.4097900390625,99.69071197509766,198.69171142578125,37.709930419921875,68.21808624267578,160.2700958251953,290.69732666015625,134.65428161621094,414.9273681640625,165.93215942382812,573.1723022460938,185.1300048828125,80.99059295654297,109.22216033935547,85.82685089111328,96.3568115234375
2024-10-02,114.71417999267578,140.13870239257812,104.33631896972656,41.855690002441406,475.16754150390625,99.78617858886719,198.93167114257812,37.719539642333984,67.55218505859375,158.55873107910156,291.44573974609375,134.9443817138672,411.4161071777344,164.80929565429688,569.5333251953125,184.75999450683594,81.14257049560547,109.65445709228516,86.49736022949219,95.97032165527344
2024-10-03,115.7148208618164,140.41722106933594,106.28386688232422,42.760623931884766,469.4789123535156,99.83393096923828,196.95469665527344,37.73876953125,67.0860366821289,157.60482788085938,291.14825439453125,132.6911163330078,410.834228515625,164.80929565429688,579.4363403320312,181.9600067138672,80.78165435791016,108.78984832763672,85.6568603515625,95.55554962158203
2024-10-04,117.83879852294922,139.9437713623047,108.28815460205078,43.303585052490234,478.2291259765625,102.99401092529297,203.94537353515625,38.56566619873047,66.7530746459961,157.08116149902344,291.44573974609375,132.07220458984375,410.3607482910156,166.00169372558594,592.5309448242188,186.50999450683594,79.6418685913086,107.18281555175781,85.28853607177734,94.528076171875
2024-10-07,118.34854888916016,140.29652404785156,108.45833587646484,43.427425384521484,477.70758056640625,102.76487731933594,203.66537475585938,38.42143249511719,65.64957427978516,156.3704071044922,288.6536865234375,131.40492248535156,403.93011474609375,161.94752502441406,581.4348754882812,180.8000030517578,76.26053619384766,103.59281921386719,83.94749450683594,92.43540954589844
2024-10-08,115.2050552368164,138.0962677001953,104.7522964477539,42.04620361328125,479.5909118652344,102.62167358398438,203.49156188964844,38.39259338378906,65.81129455566406,159.372314453125,289.66107177734375,130.2831268310547,409.0292663574219,163.3386993408203,589.4983520507812,182.72000122070312,76.45999145507812,104.00634765625,84.32525634765625,92.56737518310547
2024-10-09,115.25225067138672,138.93179321289062,104.91302490234375,42.11288070678711,487.9065246582031,104.10147857666016,206.06959533691406,38.642578125,66.18228912353516,161.3548583984375,291.5128479003906,130.32180786132812,411.7415771484375,160.8346405029297,587.1319580078125,185.1699981689453,76.53598022460938,104.61720275878906,83.98526763916016,92.11491394042969
2024-10-10,116.24345397949219,139.8323211669922,105.75443267822266,42.48438262939453,486.4964599609375,103.18494415283203,205.50958251953125,38.431053161621094,65.87788391113281,161.77572631835938,291.7143249511719,128.88087463378906,410.1437683105469,161.0532684326172,580.490234375,186.64999389648438,76.87789916992188,106.30882263183594,83.35253143310547,91.64359283447266
2024-10-11,116.6871337890625,140.57504272460938,104.45922088623047,42.65584182739258,498.6462707519531,105.45716857910156,214.63409423828125,40.334815979003906,66.18228912353516,163.4777069091797,292.673828125,129.606201171875,410.61724853515625,162.2058868408203,586.5752563476562,188.82000732421875,77.7517318725586,107.29560089111328,84.01360321044922,92.61450958251953
2024-10-14,117.13081359863281,140.9092559814453,103.4948959350586,42.57963943481445,504.8757629394531,107.19473266601562,213.8520050048828,40.296356201171875,66.914794921875,164.68411254882812,297.2791748046875,130.2154083251953,413.3985900878906,163.9149932861328,587.04248046875,187.5399932861328,78.74903869628906,108.16019439697266,84.84466552734375,93.12353515625
2024-10-15,113.60969543457031,137.14932250976562,99.46741485595703,40.91265106201172,504.5184326171875,107.13744354248047,214.7306671142578,40.51750183105469,66.914794921875,164.49705505371094,300.6373291015625,128.83255004882812,413.0040588378906,164.41183471679688,582.916259765625,187.69000244140625,78.63507843017578,110.06798553466797,85.66629028320312,93.94363403320312
2024-10-16,113.90235900878906,138.0777130126953,99.4201431274414,41.60802459716797,511.74261474609375,114.09728240966797,215.93760681152344,41.15208435058594,67.13360595703125,163.1691131591797,300.2343444824219,128.958251953125,410.4199523925781,164.1137237548828,573.4904174804688,186.88999938964844,80.15477752685547,112.56780242919922,87.158447265625,95.50841522216797
2024-10-17,113.60969543457031,140.3708038330078,100.3561019897461,41.9033203125,510.9120178222656,114.03044891357422,216.6907501220703,40.95978927612305,66.49622344970703,163.3468017578125,301.9421691894531,129.3257293701172,411.0117492675781,161.89784240722656,573.6295776367188,187.52999877929688,79.57537841796875,113.31964111328125,87.54564666748047,95.12194061279297
2024-10-18,113.28874969482422,139.9530029296875,99.90229797363281,39.9315071105957,510.4291076660156,115.57707214355469,217.6080322265625,40.69056701660156,67.00992584228516,163.7115020751953,303.726806640625,129.8479461669922,412.4320373535156,162.384765625,573.1723022460938,188.99000549316406,80.14527130126953,113.48880004882812,88.05562591552734,94.91455841064453
2024-10-21,113.3548355102539,140.07373046875,99.25941467285156,40.417320251464844,500.0950012207031,112.92298889160156,215.3196563720703,40.15212631225586,66.0681381225586,163.66476440429688,302.1244812011719,129.58685302734375,413.04351806640625,163.0306396484375,571.869873046875,189.07000732421875,79.81283569335938,112.67117309570312,87.57396697998047,94.41495513916016
2024-10-22,113.94010162353516,140.11085510253906,99.26885986328125,39.9410400390625,500.57794189453125,112.96116638183594,216.40109252929688,40.67133712768555,66.0681381225586,163.0662384033203,301.9326171875,128.96792602539062,421.6539001464844,164.09385681152344,578.6806030273438,189.6999969482422,79.4993896484375,112.66178131103516,87.9045181274414,94.16043853759766
2024-10-23,113.53418731689453,139.70236206054688,98.80561828613281,40.13154983520508,499.5155944824219,112.92298889160156,215.71554565429688,40.709800720214844,64.6982650756836,161.73831176757812,286.4660949707031,129.606201171875,418.7838134765625,161.74880981445312,560.4655151367188,184.7100067138672,80.69615936279297,113.31023406982422,88.91503143310547,95.04652404785156
2024-10-24,112.89227294921875,139.67449951171875,98.67326354980469,39.29329299926758,506.5659484863281,113.77266693115234,217.23146057128906,41.00786209106445,64.0228500366211,160.99952697753906,289.3540954589844,128.77452087402344,418.9119873046875,161.68917846679688,564.5320434570312,186.3800048828125,78.65404510498047,111.85356140136719,88.4050521850586,93.68911743164062
2024-10-25,112.7978744506836,140.0087127685547,98.8528823852539,39.76005172729492,495.07281494140625,111.58639526367188,214.65341186523438,40.277122497558594,63.66133499145508,160.6535186767578,280.7476806640625,128.658447265625,422.2851867675781,164.22305297851562,569.9707641601562,187.8300018310547,77.34333038330078,110.15254974365234,86.771240234375,92.55794525146484
2024-10-28,112.24092102050781,139.758056640625,97.62385559082031,39.4266471862793,505.6773681640625,113.73448181152344,217.73355102539062,40.97901916503906,63.42350387573242,158.82992553710938,284.7582702636719,130.4185333251953,420.7465515136719,165.66383361816406,574.8526611328125,188.38999938964844,78.71106719970703,110.0115737915039,86.68624114990234,93.42518615722656
2024-10-29,110.71163177490234,137.8827667236328,96.73514556884766,38.512184143066406,506.3533935546875,113.89679718017578,215.2230987548828,40.89248275756836,62.367549896240234,156.64161682128906,283.04083251953125,129.55784606933594,426.0331115722656,168.60508728027344,589.8861694335938,190.8300018310547,75.56716918945312,107.5211410522461,84.8257827758789,91.80384063720703
2024-10-30,110.15467834472656,137.44639587402344,97.359130859375,38.24547576904297,506.4694519042969,112.57927703857422,216.68109130859375,40.68095397949219,62.71003723144531,155.43524169921875,279.701904296875,128.99691772460938,426.60516357421875,173.3548126220703,588.4146118164062,192.72999572753906,75.1207504272461,107.1358413696289,84.391357421875,91.81326293945312
2024-10-31,110.23965454101562,138.16127014160156,103.56107330322266,38.16926574707031,500.0852966308594,111.86241149902344,214.27682495117188,40.209815979003906,62.129730224609375,155.31369018554688,280.26800537109375,126.84037780761719,400.7837829589844,170.02603149414062,564.333251953125,186.39999389648438,75.27273559570312,108.32936096191406,85.96849822998047,93.08583068847656
2024-11-01,108.51213836669922,142.10687255859375,101.953857421875,37.87397003173828,501.59197998046875,112.43975067138672,215.26170349121094,40.15212631225586,61.84434509277344,154.8554229736328,283.2422790527344,127.98152160644531,404.7487487792969,170.20489501953125,563.91552734375,197.92999267578125,73.46807861328125,105.89531707763672,83.61695861816406,91.67186737060547
2024-11-04,111.96714782714844,142.94239807128906,102.9181900024414,38.407405853271484,493.9814758300781,111.75656127929688,212.2105712890625,39.738685607910156,61.93946838378906,155.55682373046875,280.97802734375,128.38766479492188,402.8648376464844,168.16787719726562,557.4727172851562,195.77999877929688,74.43689727783203,105.74494171142578,83.2203140258789,92.75589752197266
2024-11-05,112.29755401611328,142.42251586914062,103.24908447265625,38.626495361328125,508.9418640136719,113.36351776123047,213.86167907714844,40.26750946044922,62.18681335449219,156.96890258789062,285.2668151855469,130.2831268310547,405.82379150390625,168.6647186279297,569.1553955078125,199.5,74.70283508300781,107.21101379394531,83.76805877685547,94.64119720458984
2024-11-06,114.22329711914062,146.423828125,107.4278335571289,41.693756103515625,575.6018676757812,126.52721405029297,238.55101013183594,43.661590576171875,60.59812927246094,154.03245544433594,282.0813293457031,129.9446258544922,414.42437744140625,175.39183044433594,568.777587890625,207.08999633789062,70.78012084960938,106.7881088256836,82.55921936035156,90.7292251586914
2024-11-07,114.36491394042969,145.5418701171875,106.26496124267578,41.18889617919922,562.2640380859375,123.59233093261719,228.2388458251953,43.04623794555664,60.56008529663086,153.36851501464844,282.7145690917969,132.5460662841797,419.6024169921875,179.60498046875,588.315185546875,210.0500030517578,70.87509155273438,104.39164733886719,82.09646606445312,90.80464172363281
2024-11-08,114.3271484375,145.6903839111328,106.23641204833984,41.131744384765625,569.1116333007812,124.64118957519531,228.81814575195312,43.39237594604492,60.80741882324219,154.4065399169922,286.8498840332031,132.6911163330078,416.75201416015625,177.22018432617188,585.9686889648438,208.17999267578125,73.1071548461914,106.41219329833984,83.71139526367188,91.7564697265625
2024-11-11,113.72297668457031,145.2912139892578,106.6743392944336,42.18909454345703,581.744384765625,128.48060607910156,231.04861450195312,44.30580520629883,60.27469253540039,153.61163330078125,289.30609130859375,132.12054443359375,412.28411865234375,179.20753479003906,579.8339233398438,206.83999633789062,72.10034942626953,105.68855285644531,83.41863250732422,89.95750427246094
2024-11-12,113.60969543457031,144.1678466796875,105.33199310302734,42.22719192504883,572.3278198242188,127.31624603271484,231.30931091308594,44.09427261352539,60.12248229980469,153.6864776611328,286.5428466796875,130.1767578125,417.23529052734375,180.46946716308594,581.4744873046875,208.91000366210938,70.53316497802734,105.14348602294922,82.83309936523438,88.48216247558594
2024-11-13,114.6669921875,147.35220336914062,106.45538330078125,41.52229309082031,573.9019165039062,127.74928283691406,232.8542022705078,44.103878021240234,59.93222427368164,154.06053161621094,285.2955627441406,130.8053436279297,419.3755798339844,177.746826171875,576.6821899414062,214.10000610351562,70.51416015625,104.60780334472656,82.65367126464844,88.8343505859375
2024-11-14,114.74311828613281,150.21160888671875,107.50260162353516,41.38893508911133,568.4838256835938,127.43172454833984,233.5397491455078,44.132728576660156,59.50413131713867,154.44393920898438,286.4565124511719,132.23663330078125,421.0424499511719,174.4677276611328,573.8583984375,211.47999572753906,71.50196838378906,104.01573944091797,81.9548110961914,89.24363708496094
2024-11-15,113.55342864990234,149.8588104248047,106.93138122558594,41.131744384765625,573.2452392578125,129.00021362304688,236.86126708984375,44.95000457763672,58.73358154296875,148.3372802734375,280.76690673828125,129.19033813476562,409.3153076171875,171.39732360839844,550.9105224609375,202.61000061035156,72.51826477050781,106.42079162597656,83.0408706665039,91.67079162597656
2024-11-18,114.50517272949219,150.76852416992188,108.30229187011719,41.427040100097656,567.8850708007812,128.73077392578125,236.5908966064453,44.92115783691406,58.847740173339844,148.06605529785156,279.2989501953125,129.59652709960938,410.0649108886719,174.18948364257812,551.2285766601562,201.6999969482422,72.55625915527344,107.72059631347656,83.8311996459961,91.84213256835938
2024-11-19,112.90623474121094,149.68064880371094,107.66444396972656,41.05553436279297,561.5010375976562,127.24891662597656,234.71771240234375,44.62309646606445,59.54219055175781,146.5604248046875,278.9439697265625,127.7881088256836,412.06707763671875,176.99163818359375,557.8803100585938,204.61000061035156,73.21163177490234,107.75853729248047,84.06924438476562,92.04202270507812
2024-11-20,114.51470184326172,151.3031005859375,107.98812866210938,41.46513748168945,562.0322875976562,126.71967315673828,232.48728942871094,44.28657150268555,59.922706604003906,148.44947814941406,279.11663818359375,128.50372314453125,409.7985534667969,174.86517333984375,562.2849731445312,202.8800048828125,73.02166748046875,107.91033172607422,83.7645263671875,92.13719177246094
2024-11-21,116.0470199584961,151.58444213867188,106.53153228759766,41.96999740600586,575.7273559570312,129.8951416015625,236.33021545410156,44.67116928100586,60.65521240234375,149.94578552246094,276.7755432128906,129.79959106445312,408.0295715332031,166.56808471679688,559.868896484375,198.3800048828125,73.47757720947266,108.97293090820312,83.92640686035156,93.35553741455078
2024-11-22,115.91377258300781,152.26910400390625,106.38874053955078,42.131935119628906,582.1693725585938,129.60643005371094,239.98968505859375,45.19037628173828,60.80741882324219,151.49815368652344,278.5121765136719,130.81503295898438,412.1111145019531,163.71627807617188,555.9414672851562,197.1199951171875,72.66961669921875,108.82112121582031,83.41221618652344,92.88914489746094
2024-11-25,114.18159484863281,150.39340209960938,101.0097885131836,41.674705505371094,582.4108276367188,128.61529541015625,241.66973876953125,45.67112731933594,61.245018005371094,152.48007202148438,284.1825866699219,132.53639221191406,413.88018798828125,166.5879669189453,561.8772583007812,201.4499969482422,73.28155517578125,109.10574340820312,84.1930160522461,93.37458038330078
2024-11-26,112.27809143066406,152.4285125732422,101.65715789794922,41.41750717163086,584.7963256835938,126.32514953613281,241.3607940673828,45.9114990234375,61.40674591064453,151.64776611328125,284.31689453125,134.06436157226562,422.9722900390625,168.0486297607422,570.2591552734375,207.86000061035156,74.09431457519531,111.04119110107422,85.05952453613281,94.54533386230469
2024-11-27,111.98303985595703,152.03463745117188,102.23789978027344,41.58897399902344,584.7286987304688,126.25778198242188,241.18698120117188,45.93073654174805,61.29258728027344,152.17149353027344,283.1175842285156,134.74130249023438,418.0309143066406,168.15794372558594,565.9437866210938,205.74000549316406,75.07917022705078,111.40172576904297,85.44992065429688,95.07836151123047
2024-11-29,112.26856994628906,151.86582946777344,103.14232635498047,41.855690002441406,587.7613525390625,126.64270782470703,241.11940002441406,45.68074035644531,61.4219856262207,152.85414123535156,284.0098876953125,134.36415100097656,418.49542236328125,167.8797149658203,571.03466796875,207.88999938964844,75.22261047363281,111.0506820678711,84.86907958984375,95.04979705810547
2024-12-02,112.16387939453125,152.12841796875,101.04786682128906,41.560394287109375,584.014892578125,126.08456420898438,237.7688751220703,45.22883605957031,61.00982666015625,152.48007202148438,282.2724609375,135.10267639160156,425.9272766113281,170.4036407470703,589.4387817382812,210.7100067138672,73.69271850585938,109.27652740478516,83.57410430908203,93.4887924194336
2024-12-03,111.9925537109375,151.85643005371094,100.96219635009766,41.57944869995117,584.3739624023438,125.51685333251953,236.38815307617188,45.01730728149414,60.885215759277344,151.2176055908203,284.2608642578125,133.82968139648438,426.14471435546875,170.25457763671875,610.1396484375,213.44000244140625,72.94689178466797,107.8154525756836,82.13629150390625,92.34658813476562
2024-12-04,108.76612091064453,148.4801788330078,98.54405212402344,40.97073745727539,581.1030883789062,125.08381652832031,235.01705932617188,44.584632873535156,59.629554748535156,149.796142578125,284.8302917480469,134.2572479248047,432.291748046875,173.26535034179688,610.2689208984375,218.16000366210938,72.4209976196289,107.47391510009766,81.74588012695312,91.61368560791016
2024-12-05,109.24198913574219,149.4274139404297,99.429443359375,40.28053665161133,579.249267578125,125.40135955810547,237.02540588378906,45.19037628173828,60.31010055541992,150.0860595703125,289.05804443359375,134.22811889648438,437.4308166503906,171.5463409423828,605.4466552734375,220.5500030517578,72.86083984375,108.16650390625,82.06962585449219,92.75587463378906
2024-12-06,108.09037780761719,145.59161376953125,98.2679672241211,39.2644157409668,582.0444946289062,125.05496215820312,238.84068298339844,45.20004653930664,59.936279296875,148.81752014160156,288.5851135253906,133.7422332763672,438.3696594238281,173.60325622558594,620.2017822265625,227.02999877929688,71.9428939819336,106.35438537597656,80.7555923461914,91.23295593261719
2024-12-09,107.45270538330078,147.3172607421875,98.2108383178711,39.46572494506836,576.6480712890625,123.72705078125,235.4129180908203,44.38788986206055,60.00337219238281,150.40199279785156,290.8919677734375,135.1512908935547,440.7909240722656,174.458740234375,610.06005859375,226.08999633789062,71.42657470703125,106.1266860961914,80.27950286865234,90.97595977783203
2024-12-10,107.23380279541016,147.24221801757812,97.44921875,39.17814254760742,567.8253784179688,122.00460052490234,234.4956512451172,44.23319625854492,60.30051040649414,150.7509307861328,290.25494384765625,134.31556701660156,438.1324768066406,184.2078399658203,615.7772827148438,225.0399932861328,70.89112091064453,105.41513061523438,80.35568237304688,90.51908111572266
2024-12-11,106.5199966430664,146.5013427734375,97.2873764038086,39.83958053588867,575.1338500976562,122.77440643310547,235.142578125,44.55226135253906,60.04171371459961,147.8555145263672,285.80523681640625,134.62652587890625,443.72613525390625,194.3846893310547,629.0608520507812,230.25999450683594,70.7381362915039,103.97303771972656,79.27018737792969,89.1198959350586
2024-12-12,106.42481994628906,145.0945281982422,96.06878662109375,39.39862060546875,574.2118530273438,123.08234405517578,233.21144104003906,44.55226135253906,61.19194030761719,149.86439514160156,286.3167724609375,134.7237091064453,444.2894287109375,190.9625701904297,627.181640625,228.97000122070312,70.01143646240234,103.56507873535156,79.38444519042969,88.37745666503906
2024-12-13,105.49209594726562,144.30674743652344,96.17350769042969,38.555057525634766,568.26220703125,122.59158325195312,231.67620849609375,44.155845642089844,60.50180435180664,148.98728942871094,286.287841796875,133.13003540039062,442.0262756347656,188.83367919921875,616.8013916015625,227.4600067138672,70.3938980102539,103.24250030517578,79.22257232666016,88.24420928955078
2024-12-16,103.2364501953125,140.07705688476562,94.7930679321289,38.229129791259766,569.0872192382812,124.1600570678711,231.32862854003906,43.96247863769531,59.95545196533203,147.148193359375,287.3592224121094,131.23512268066406,446.2956237792969,195.63812255859375,621.169677734375,232.92999267578125,69.60027313232422,101.93323516845703,77.96566772460938,87.34949493408203
2024-12-17,102.79865264892578,138.90475463867188,93.5459213256836,37.31845474243164,557.77978515625,122.91875457763672,230.150634765625,43.556400299072266,60.77019119262695,147.2613525390625,285.7859191894531,130.9241485595703,449.1319885253906,194.40457153320312,616.393310546875,231.14999389648438,69.10305786132812,102.36017608642578,79.29874420166016,87.49226379394531
2024-12-18,101.28536224365234,135.12522888183594,91.25154876708984,35.784690856933594,534.0681762695312,116.47162628173828,222.43582153320312,42.05780029296875,60.24300765991211,145.64857482910156,280.7667236328125,127.74652862548828,432.2621154785156,187.4210662841797,594.2527465820312,220.52000427246094,67.42974853515625,100.33934783935547,77.60384368896484,86.53092193603516
2024-12-19,100.41925811767578,132.3773193359375,90.61367797851562,35.3820686340332,537.6981811523438,115.9520034790039,224.93661499023438,41.941776275634766,59.85960006713867,142.8568878173828,280.1392822265625,126.6775894165039,431.9062805175781,187.53050231933594,592.6407470703125,223.2899932861328,66.71261596679688,101.59169006347656,77.87045288085938,86.84502410888672
2024-12-20,100.76190185546875,133.9716796875,90.55656433105469,35.30538558959961,549.4520874023438,118.78103637695312,229.4168243408203,42.70558166503906,59.95545196533203,144.10182189941406,282.5041198730469,128.62110900878906,431.48138427734375,190.41542053222656,582.3714599609375,224.9199981689453,68.52934265136719,102.73017120361328,78.89881896972656,88.28228759765625
2024-12-23,101.17115020751953,134.08421325683594,91.75611877441406,35.71758270263672,553.9944458007812,119.75292205810547,230.17959594726562,42.43486404418945,59.79250717163086,142.6871337890625,281.1624755859375,130.0787353515625,430.147216796875,193.61871337890625,596.899658203125,225.05999755859375,69.31341552734375,102.9958267211914,79.07022094726562,88.3869857788086
2024-12-24,101.26631927490234,134.90011596679688,92.45109558105469,36.16812515258789,565.6512451171875,122.26439666748047,233.964599609375,42.90861892700195,60.233421325683594,144.12069702148438,283.7685852050781,131.1865234375,434.1793518066406,195.0909881591797,604.7608642578125,229.0500030517578,69.71501159667969,103.38481903076172,79.18449401855469,87.92058563232422
2024-12-26,101.35198211669922,135.03143310546875,92.24165344238281,36.16812515258789,564.1370849609375,123.19779205322266,234.76602172851562,43.07298278808594,59.9746208190918,143.77174377441406,284.5504150390625,132.15826416015625,432.9736633300781,194.5836639404297,600.3824462890625,227.0500030517578,69.19868469238281,102.75865936279297,78.87977600097656,87.6255111694336
2024-12-27,101.34246063232422,135.05018615722656,92.27019500732422,36.235225677490234,559.2356567382812,121.97574615478516,232.86387634277344,42.86994171142578,59.85960006713867,144.19615173339844,283.41143798828125,131.41000366210938,425.48248291015625,191.7584228515625,596.85986328125,223.75,68.9500732421875,102.78710174560547,79.16543579101562,88.05384826660156
2024-12-30,100.65719604492188,134.17799377441406,92.43205261230469,36.244815826416016,556.6829223632812,121.00386047363281,231.0775909423828,42.454200744628906,59.4570198059082,143.09268188476562,279.53125,129.7483367919922,419.849365234375,190.24630737304688,588.3319702148438,221.3000030517578,68.61541748046875,102.18939971923828,78.44176483154297,87.6255111694336
2024-12-31,102.37986755371094,135.83795166015625,94.41226196289062,36.75288009643555,555.7803344726562,120.97498321533203,231.45416259765625,42.49287796020508,59.67747497558594,143.41336059570312,279.8111572265625,130.37026977539062,416.55841064453125,188.31637573242188,582.6301879882812,219.38999938964844,68.5484848022461,102.21786499023438,78.38463592529297,87.7873306274414
2025-01-02,102.13240814208984,137.59176635742188,95.27860260009766,36.810394287109375,558.0611572265625,120.07046508789062,231.73416137695312,42.82160568237305,59.274898529052734,141.6685333251953,282.34002685546875,129.78720092773438,413.672607421875,188.44569396972656,596.2926025390625,220.22000122070312,68.47196960449219,102.29375457763672,78.14659118652344,87.51130676269531
2025-01-03,102.6558837890625,138.66091918945312,96.24014282226562,36.99252700805664,563.0694580078125,121.18667602539062,234.90118408203125,43.32435989379883,59.188636779785156,141.140380859375,284.5311279296875,129.67059326171875,418.38671875,190.79342651367188,601.6560668945312,224.19000244140625,68.8353271484375,102.25581359863281,78.38463592529297,87.61600494384766
2025-01-06,102.54166412353516,138.10757446289062,95.19292449951172,37.155487060546875,566.2337036132812,123.78477478027344,233.7559356689453,43.89480209350586,58.287628173828125,137.9525909423828,282.021484375,126.49295806884766,422.833984375,195.84703063964844,627.1004028320312,227.61000061035156,68.1181869506836,100.91808319091797,77.08966064453125,85.96934509277344
2025-01-07,103.50293731689453,140.2927703857422,96.79232788085938,37.740238189697266,563.0597534179688,122.09120178222656,236.0076141357422,44.55226135253906,58.31637954711914,137.13206481933594,279.2802429199219,124.91873168945312,417.4181823730469,194.47421264648438,614.8508911132812,222.11000061035156,67.34368896484375,101.33553314208984,77.21343231201172,86.11211395263672
2025-01-08,101.77075958251953,140.95864868164062,96.7447280883789,37.20341873168945,562.9627685546875,123.03421783447266,235.9687957763672,44.677947998046875,59.150291442871094,138.2072296142578,276.925048828125,124.13159942626953,419.5824890136719,192.9422149658203,607.7161254882812,222.1300048828125,67.5636215209961,102.6827392578125,79.0511703491211,87.8158950805664
2025-01-10,101.39957427978516,143.62213134765625,97.03032684326172,37.02128219604492,543.531494140625,118.7906723022461,232.8048095703125,43.614418029785156,58.536834716796875,134.5290069580078,272.4946594238281,119.7684326171875,414.0382995605469,191.04214477539062,612.8309326171875,218.94000244140625,64.42733001708984,100.44371032714844,77.43245697021484,89.00567626953125
2025-01-13,104.01689147949219,145.6947784423828,99.22950744628906,38.20036315917969,546.3947143554688,119.31029510498047,237.01698303222656,43.56607437133789,59.0927848815918,136.28323364257812,273.768798828125,120.2348861694336,412.2989501953125,190.01747131347656,605.3380126953125,218.4600067138672,64.0257568359375,100.69986724853516,77.9561538696289,89.9860610961914
2025-01-14,104.42613220214844,147.1484375,99.84832000732422,38.219539642333984,554.722412109375,119.91651153564453,240.1809539794922,44.26219940185547,59.46660232543945,136.70767211914062,271.7900390625,121.18718719482422,410.7967224121094,188.67453002929688,591.3272705078125,217.75999450683594,65.00106048583984,101.37347412109375,78.12755584716797,89.947998046875
2025-01-15,106.12977600097656,148.4895477294922,100.41954040527344,38.95766830444336,588.1010131835938,125.62269592285156,244.917236328125,45.5384407043457,59.207801818847656,136.54730224609375,272.4850158691406,122.21724700927734,421.3119812011719,194.53392028808594,614.0847778320312,223.35000610351562,66.25364685058594,100.99398040771484,78.40367889404297,90.53812408447266
2025-01-16,105.94894409179688,149.47430419921875,100.54329681396484,39.389034271240234,594.9630737304688,130.6841583251953,246.78067016601562,45.09368896484375,59.66789627075195,138.2072296142578,270.0140075683594,122.67396545410156,419.60223388671875,191.90762329101562,608.2932739257812,220.66000366210938,68.24250793457031,103.47020721435547,79.87958526611328,92.1562271118164
2025-01-17,106.90068817138672,151.4344024658203,100.77178955078125,41.775962829589844,607.5323486328125,132.6664276123047,251.5266571044922,44.98733901977539,60.10880661010742,139.82000732421875,271.18194580078125,121.77997589111328,424.0001220703125,194.98158264160156,609.7562255859375,225.94000244140625,67.65924072265625,103.65995788574219,79.88910675048828,92.5655288696289
2025-01-21,106.0916976928711,148.4051513671875,99.27711486816406,41.92933654785156,616.073486328125,132.11793518066406,255.28268432617188,45.11302947998047,59.83083724975586,140.10293579101562,272.78424072265625,122.14922332763672,423.476318359375,197.0209197998047,613.427978515625,230.7100067138672,67.74528503417969,105.0925521850586,80.67942810058594,93.09854125976562
2025-01-22,104.24530792236328,146.68887329101562,98.11563110351562,39.906681060791016,614.12255859375,130.8669891357422,255.0982666015625,44.271873474121094,59.21739196777344,139.66909790039062,271.5680236816406,122.654541015625,440.9688415527344,197.3392333984375,620.433349609375,235.00999450683594,65.48870849609375,103.24250030517578,78.57506561279297,92.79396057128906
2025-01-23,104.83539581298828,146.31375122070312,99.00101470947266,40.29012680053711,620.693603515625,132.59906005859375,258.11663818359375,44.85197830200195,58.97775650024414,140.16896057128906,274.54095458984375,123.4222183227539,441.4728088378906,196.95127868652344,633.3196411132812,235.4199981689453,66.19628143310547,103.73584747314453,78.3275146484375,92.7749252319336
2025-01-24,103.41728210449219,145.97610473632812,96.94464111328125,40.501014709472656,618.1700439453125,132.61831665039062,257.0393371582031,44.977664947509766,59.351585388183594,140.64051818847656,275.5351867675781,124.63690185546875,438.8538818359375,199.1697235107422,644.3053588867188,234.85000610351562,69.63851928710938,104.22919464111328,79.48918914794922,93.45072174072266
2025-01-27,104.85441589355469,147.45791625976562,97.76338958740234,40.779014587402344,614.6564331054688,131.49246215820312,258.0196228027344,45.52877426147461,61.22069549560547,145.81834411621094,282.89984130859375,127.19263458251953,429.46527099609375,190.81333923339844,656.6343994140625,235.4199981689453,70.59471130371094,106.84774017333984,82.36481475830078,97.68636322021484
2025-01-28,102.82719421386719,146.5013427734375,96.51622772216797,39.609519958496094,619.0435180664062,133.31112670898438,259.2716064453125,45.28705978393555,59.77333450317383,141.70628356933594,281.0273132324219,125.5892333984375,441.9571228027344,194.28521728515625,671.0133666992188,238.14999389648438,67.44886779785156,105.6048812866211,79.54631805419922,95.18305969238281
2025-01-29,103.42679595947266,146.01364135742188,96.6875991821289,39.245243072509766,618.6358642578125,133.47471618652344,258.72802734375,45.20004653930664,60.22384262084961,141.81944274902344,280.0234680175781,125.52120971679688,437.1441345214844,194.39463806152344,673.1627197265625,237.07000732421875,67.78353118896484,104.95025634765625,78.8702621459961,93.32699584960938
2025-01-30,104.28337097167969,146.6044921875,96.59239959716797,39.321937561035156,626.7112426757812,134.6582794189453,260.3294982910156,45.17103576660156,61.393226623535156,143.26243591308594,280.2261962890625,127.03713989257812,410.12469482421875,199.82627868652344,683.6210327148438,234.63999938964844,68.17556762695312,106.50618743896484,80.86986541748047,93.30795288085938
2025-01-31,101.67556762695312,139.91763305664062,94.08857727050781,38.61256790161133,621.5670776367188,134.09161376953125,259.4268493652344,44.76496505737305,60.84687423706055,142.12127685546875,278.6624755859375,126.81363677978516,410.19390869140625,202.95993041992188,685.790283203125,237.67999267578125,68.42416381835938,106.2500228881836,79.93670654296875,93.62206268310547
2025-02-03,101.92303466796875,140.05828857421875,93.75537109375,38.497535705566406,613.773193359375,132.86143493652344,258.9512634277344,44.677947998046875,60.722267150878906,141.72512817382812,279.965576171875,127.785400390625,406.10247802734375,200.18441772460938,694.0296020507812,237.4199981689453,67.9365234375,107.39801025390625,79.95576477050781,94.57389068603516
2025-02-04,104.65454864501953,143.69715881347656,95.7546157836914,39.51365280151367,615.5299682617188,132.483642578125,260.0480041503906,45.1613655090332,60.07046890258789,135.3306884765625,279.6952819824219,127.7562484741211,407.535400390625,205.30763244628906,700.7264404296875,242.05999755859375,66.8369140625,106.66747283935547,79.22257232666016,93.16516876220703
2025-02-05,104.57841491699219,143.4814453125,95.40235900878906,39.39299774169922,626.4685668945312,134.57595825195312,262.4646911621094,45.5481071472168,60.50180435180664,137.37728881835938,278.7879638671875,127.54244995117188,408.44464111328125,190.33584594726562,701.4031372070312,236.1699981689453,66.16758728027344,108.0241928100586,79.86054229736328,94.6024398803711
2025-02-06,103.1983871459961,142.4591827392578,95.14532470703125,38.659385681152344,638.863037109375,136.6585693359375,268.744140625,46.157222747802734,60.73185348510742,137.08489990234375,284.12567138671875,139.94200134277344,410.9449768066406,190.6044158935547,708.4880981445312,238.8300018310547,66.2345199584961,108.65035247802734,79.78437042236328,95.34486389160156
2025-02-07,103.63617706298828,143.1344451904297,93.64112091064453,38.765567779541016,636.6112060546875,135.59304809570312,267.6764831542969,45.82849884033203,61.19194030761719,136.35870361328125,284.06781005859375,139.5047149658203,404.9461364746094,184.376953125,711.0056762695312,229.14999389648438,65.27833557128906,109.09626007080078,80.5365982055664,95.51619720458984
2025-02-10,105.61583709716797,146.08868408203125,94.70738983154297,39.77910614013672,631.3992309570312,133.00672912597656,263.0567321777344,45.12269592285156,61.872493743896484,136.14178466796875,297.6968994140625,143.96505737304688,407.3871765136719,185.5010986328125,713.8715209960938,233.13999938964844,66.64568328857422,109.67499542236328,81.4221420288086,96.87083435058594
2025-02-11,106.28206634521484,147.65487670898438,96.83040618896484,40.329315185546875,628.2058715820312,133.47164916992188,266.8903503417969,45.23872375488281,64.79598236083984,137.35841369628906,299.4246520996094,142.5074005126953,406.6163330078125,184.35708618164062,716.2597045898438,232.75999450683594,67.24807739257812,110.70914459228516,82.31720733642578,97.87959289550781
2025-02-12,103.08436584472656,145.27273559570312,93.67920684814453,40.010772705078125,629.9141235351562,132.81297302246094,267.3368835449219,44.677947998046875,65.85993194580078,135.80223083496094,296.9053649902344,142.37136840820312,404.24444580078125,182.6559600830078,721.8123168945312,228.92999267578125,66.24408721923828,110.40554809570312,82.65999603271484,98.33113861083984
2025-02-13,103.83338165283203,146.19183349609375,92.25117492675781,40.618900299072266,629.8656005859375,132.55145263671875,268.1811828613281,44.793975830078125,66.61717224121094,136.35870361328125,299.2412414550781,144.54812622070312,405.72686767578125,185.1728057861328,724.9766235351562,230.3699951171875,65.59387969970703,108.10956573486328,82.63142395019531,97.02454376220703
2025-02-14,103.93901062011719,147.30128479003906,92.38553619384766,40.300357818603516,641.1243896484375,134.5953369140625,268.4432373046875,45.403076171875,66.01331329345703,135.23635864257812,297.8223571777344,143.7318572998047,403.6416015625,184.26754760742188,733.0467529296875,228.67999267578125,65.0775375366211,106.86000061035156,81.4887924194336,97.8315658569336
2025-02-18,105.76351165771484,148.07884216308594,93.52762603759766,41.16910934448242,652.4221801757812,136.3001708984375,271.7043151855469,44.98733901977539,66.18584442138672,135.90599060058594,294.2316589355469,142.97389221191406,404.8374328613281,182.8151092529297,712.8465576171875,226.64999389648438,65.49825286865234,106.18016052246094,82.4778823852539,98.1870346069336
2025-02-19,105.91715240478516,149.09347534179688,95.56230163574219,40.71542739868164,648.5010375976562,136.28079223632812,271.02490234375,44.48457717895508,67.16352844238281,137.51873779296875,291.4421691894531,144.10108947753906,409.9073181152344,184.30734252929688,700.30859375,226.6300048828125,66.03372192382812,107.04193115234375,83.04444122314453,99.04208374023438
2025-02-20,107.54959869384766,150.57275390625,97.89450073242188,41.1208381652832,623.3723754882812,130.12979125976562,258.94158935546875,43.79811477661133,67.13477325439453,140.6216583251953,292.5135803222656,146.6956787109375,412.0760192871094,183.60101318359375,691.4224853515625,222.8800048828125,67.06640625,108.35374450683594,84.3311996459961,100.25260925292969
2025-02-21,106.29165649414062,148.7995147705078,93.99791717529297,40.290706634521484,607.2022705078125,127.56285858154297,256.45703125,43.32435989379883,68.39042663574219,144.77145385742188,294.2124328613281,145.23117065429688,404.2331237792969,178.72647094726562,680.18798828125,216.5800018310547,68.44329833984375,110.6422348022461,84.8881607055664,101.19413757324219
2025-02-24,106.8486099243164,149.71932983398438,94.84249877929688,40.08799362182617,607.7265014648438,125.8967514038086,253.64239501953125,42.985965728759766,67.66194152832031,145.1015625,296.8764343261719,146.6761474609375,400.0641174316406,178.31861877441406,664.8439331054688,212.7100067138672,67.69747924804688,110.99651336669922,85.35868835449219,102.11643981933594
2025-02-25,105.36981201171875,148.32540893554688,93.17252349853516,39.58604431152344,596.82666015625,125.5383529663086,249.8184814453125,42.48320388793945,68.52461242675781,147.52542114257812,299.91693115234375,150.50341796875,394.0235595703125,174.5084991455078,654.26611328125,212.8000030517578,68.15644073486328,112.30833435058594,86.28054809570312,103.41343688964844
2025-02-26,105.11053466796875,147.11163330078125,92.2607650756836,39.190284729003906,599.6025390625,126.94290924072266,251.1675262451172,42.48320388793945,67.86325073242188,142.89462280273438,293.691162109375,147.9161376953125,395.8357238769531,171.83248901367188,670.386474609375,214.35000610351562,67.89827728271484,111.36994171142578,85.22425842285156,102.69288635253906
2025-02-27,105.77310943603516,148.5624542236328,93.45085906982422,39.489524841308594,590.119873046875,125.18963623046875,251.4198455810547,42.6572380065918,67.93035125732422,143.37562561035156,299.1737060546875,150.0738525390625,388.7059020996094,167.62445068359375,655.0025024414062,208.74000549316406,66.3396987915039,110.9677963256836,84.78253173828125,101.03082275390625
2025-02-28,106.9062271118164,150.4115447998047,95.15921020507812,40.21348190307617,606.9846801757812,128.93833923339844,256.85491943359375,44.57159423828125,68.25623321533203,144.74317932128906,297.6099853515625,152.67091369628906,393.1224060058594,169.39520263671875,664.91357421875,212.27999877929688,67.64793395996094,112.49983215332031,86.22294616699219,101.88587188720703
2025-03-03,103.47808837890625,145.167724609375,88.90164947509766,38.4373664855957,590.37353515625,125.08308410644531,252.94361877441406,44.04949951171875,69.32019805908203,147.119873046875,295.4062805175781,153.2176513671875,384.7052307128906,166.14218139648438,651.828125,205.02000427246094,69.04581451416016,113.62970733642578,87.24082946777344,103.47107696533203
2025-03-04,103.26681518554688,144.13414001464844,86.99174499511719,37.72306823730469,566.8467407226562,117.90531158447266,242.87908935546875,41.25531005859375,67.2785415649414,145.42222595214844,296.8430480957031,154.66265869140625,384.8240661621094,170.03187561035156,636.8521118164062,203.8000030517578,68.30348205566406,111.46570587158203,86.31896209716797,101.107666015625
2025-03-05,101.2502670288086,143.00570678710938,85.30257415771484,38.060916900634766,578.4832763671875,119.87168884277344,244.12135314941406,40.887908935546875,67.17311096191406,145.12985229492188,298.4740295410156,155.59994506835938,397.1131286621094,172.12098693847656,653.2412719726562,208.36000061035156,67.94679260253906,110.33582305908203,85.12822723388672,99.33031463623047
2025-03-06,103.3436508178711,145.03497314453125,85.03384399414062,38.37945556640625,553.7080688476562,115.62895965576172,239.27835083007812,40.085426330566406,67.53734588623047,145.81834411621094,301.3088073730469,155.49253845214844,393.0234069824219,171.45445251464844,624.8414916992188,200.6999969482422,67.49369049072266,109.96238708496094,85.19544219970703,98.56172180175781
2025-03-07,104.6880111694336,148.24952697753906,86.98213195800781,39.93355178833008,545.9047241210938,115.55146789550781,235.14382934570312,40.28002166748047,68.46710205078125,146.9458465576172,311.9099426269531,158.6851806640625,389.4783020019531,172.95663452148438,622.582763671875,199.25,70.21232604980469,111.78168487548828,87.76898193359375,100.51200866699219
2025-03-10,107.35755920410156,149.4158935546875,89.16077423095703,39.7115364074707,518.5836181640625,108.18965148925781,225.380126953125,38.75249481201172,68.48628234863281,148.6680145263672,307.9878845214844,154.3502197265625,376.4563903808594,165.1981658935547,595.048828125,194.5399932861328,73.42263793945312,113.4669418334961,89.26699829101562,103.10599517822266
2025-03-11,104.82245635986328,146.1064910888672,91.56974792480469,38.6883430480957,518.359375,108.52867889404297,222.39085388183594,38.53844451904297,68.09329223632812,144.93821716308594,297.80419921875,152.9931182861328,376.74359130859375,163.3755645751953,602.7308959960938,196.58999633789062,71.36918640136719,112.70091247558594,86.52062225341797,100.32947540283203
2025-03-12,104.79364776611328,144.7694549560547,93.81555938720703,38.659385681152344,522.5341186523438,110.42724609375,221.1873779296875,38.83032989501953,67.03892517089844,140.98008728027344,290.6590270996094,150.74752807617188,379.53607177734375,166.43313598632812,616.5126953125,198.88999938964844,70.29907989501953,111.6859359741211,85.15704345703125,98.91719055175781
2025-03-13,104.35192108154297,145.66079711914062,92.31835174560547,38.54355239868164,511.9021911621094,108.1799545288086,218.5572052001953,38.59681701660156,66.73218536376953,141.14183044433594,288.81451416015625,149.7906951904297,375.0799560546875,162.1007537841797,587.7349243164062,193.88999938964844,70.11591339111328,113.18925476074219,86.06929779052734,100.14693450927734
2025-03-14,107.45357513427734,148.89434814453125,94.9672622680664,39.67292022705078,528.0938720703125,111.72525024414062,225.59364318847656,39.7838134765625,66.78047180175781,141.37969970703125,291.0764465332031,151.3821563720703,384.7745361328125,164.81971740722656,605.1494750976562,197.9499969482422,70.90644836425781,115.01813507080078,86.78949737548828,101.41510009765625
2025-03-17,109.23966979980469,150.50637817382812,95.36075592041016,39.99147033691406,537.7796630859375,114.26314544677734,227.03976440429688,40.31893539428711,67.70744323730469,143.9962615966797,295.09564208984375,153.4129180908203,384.9132080078125,163.6245574951172,602.46044921875,195.74000549316406,69.5182113647461,115.67882537841797,86.94315338134766,101.70331573486328
2025-03-18,109.12443542480469,152.48822021484375,96.4836654663086,39.70188522338867,538.2088623046875,114.40845489501953,228.04913330078125,40.523258209228516,66.9928970336914,141.76031494140625,294.73638916015625,153.5789337158203,379.7836608886719,160.0192108154297,580.01123046875,192.82000732421875,68.15888214111328,115.63094329833984,86.64546203613281,101.82821655273438
2025-03-19,110.82410430908203,155.560546875,97.25147247314453,39.65362548828125,543.632080078125,116.09391784667969,232.06719970703125,41.0681037902832,66.8963394165039,140.92300415039062,297.95953369140625,153.783935546875,384.0417785644531,163.22618103027344,581.7044067382812,195.5399932861328,67.966064453125,114.24252319335938,86.04048156738281,101.68411254882812
2025-03-20,111.29463195800781,156.2432861328125,98.1920166015625,39.84667205810547,548.8407592773438,116.6944808959961,231.97010803222656,41.330806732177734,67.31153869628906,140.00958251953125,298.037109375,154.15496826171875,383.0712585449219,162.14059448242188,583.6365966796875,194.9499969482422,68.59270477294922,115.05643463134766,86.39579010009766,102.03958129882812
2025-03-21,110.91051483154297,156.2243194580078,97.81771850585938,39.566749572753906,551.240234375,116.37482452392578,234.51296997070312,41.32107162475586,66.30732727050781,138.39207458496094,296.5226745605469,153.04193115234375,387.4482727050781,163.32579040527344,593.84521484375,196.2100067138672,68.33241271972656,114.04145050048828,85.81002807617188,100.98278045654297
2025-03-24,111.1986083984375,156.48036193847656,98.07685089111328,40.25209426879883,565.832275390625,120.37539672851562,240.75357055664062,41.90483856201172,66.57769012451172,139.34353637695312,296.7460021972656,152.13392639160156,389.2505187988281,167.00082397460938,616.3540649414062,203.25999450683594,67.55152130126953,113.1318130493164,85.34908294677734,100.08928680419922
2025-03-25,111.95720672607422,157.35276794433594,98.42236328125,40.81195068359375,571.5286254882812,121.27623748779297,243.73316955566406,42.10916519165039,66.44251251220703,138.47769165039062,297.95953369140625,152.1143798828125,391.3102722167969,169.8691864013672,623.7839965820312,205.7100067138672,66.12471771240234,111.14971923828125,84.2447738647461,98.47525787353516
2025-03-26,113.5704574584961,159.2777099609375,99.04619598388672,40.94709396362305,559.8042602539062,118.3702621459961,243.63609313964844,41.66160202026367,67.61087036132812,141.42727661132812,304.4250183105469,154.92625427246094,386.1708068847656,164.39144897460938,608.5158081054688,201.1300048828125,67.22374725341797,112.13597869873047,85.52193450927734,99.8202896118164
2025-03-27,113.20555114746094,158.0260009765625,98.68148803710938,40.63820266723633,545.1731567382812,115.27054595947266,240.8118133544922,41.40864181518555,68.30610656738281,142.4073028564453,303.56103515625,153.92062377929688,386.7748718261719,161.58287048339844,600.149658203125,201.36000061035156,67.5129623413086,112.65303802490234,86.45339965820312,101.02120971679688
2025-03-28,113.05192565917969,157.49497985839844,98.2496109008789,40.425846099853516,529.7617797851562,111.715576171875,235.697021484375,40.13407897949219,67.94883728027344,142.02671813964844,298.12451171875,152.07534790039062,375.109619140625,153.70489501953125,574.4138793945312,192.72000122070312,67.91785430908203,114.33829498291016,87.50970458984375,102.7601318359375
2025-03-31,114.20423126220703,158.6328887939453,100.79293060302734,40.34861755371094,532.8538208007812,113.0135726928711,238.07485961914062,40.60109329223633,69.15582275390625,142.66419982910156,303.2503967285156,153.6374969482422,371.7328796386719,154.01365661621094,574.0354614257812,190.25999450683594,68.34204864501953,116.78955841064453,88.29712677001953,104.97942352294922
2025-04-01,114.30986785888672,159.78973388671875,101.1480484008789,40.73473358154297,534.9607543945312,112.11272430419922,236.48318481445312,40.367584228515625,69.39723205566406,142.4073028564453,304.4736022949219,155.1605682373047,378.46661376953125,156.43382263183594,583.6365966796875,192.1699981689453,68.37096405029297,115.92778015136719,88.17229461669922,104.1147689819336
2025-04-02,113.95457458496094,157.85531616210938,101.8294677734375,40.725074768066406,549.2503662109375,115.53208923339844,238.57957458496094,40.71784210205078,68.87580871582031,141.8839874267578,302.4833984375,154.48690795898438,378.4171447753906,156.40391540527344,581.5748901367188,196.00999450683594,67.94679260253906,115.27665710449219,87.67296600341797,103.51911163330078
2025-04-03,107.96250915527344,148.04090881347656,91.41619110107422,37.84855270385742,498.65618896484375,104.5474853515625,221.9541015625,36.21310043334961,70.66215515136719,144.02481079101562,308.9781188964844,157.63072204589844,369.4750671386719,150.1095428466797,529.4759521484375,178.41000366210938,69.547119140625,118.78121185302734,88.88289642333984,104.8257064819336
2025-04-04,100.1939697265625,135.86538696289062,82.81682586669922,33.57236862182617,459.23028564453125,96.70133972167969,205.34344482421875,33.459659576416016,67.52397918701172,139.4958038330078,291.3482971191406,144.3329315185547,356.3343811035156,145.01028442382812,502.69439697265625,171.0,64.50511169433594,113.87866973876953,85.4067153930664,100.37751770019531
2025-04-07,98.849609375,132.8973388671875,82.2217788696289,31.98931121826172,454.0606689453125,97.75718688964844,209.40577697753906,34.61746597290039,66.01764678955078,136.2417449951172,291.13470458984375,141.50152587890625,354.3736267089844,146.15562438964844,514.1678466796875,175.25999450683594,62.721588134765625,111.89659881591797,83.75504302978516,97.58177947998047
2025-04-08,96.76583862304688,129.84397888183594,79.33293914794922,30.840633392333984,450.8515625,97.16629791259766,211.77871704101562,34.08234405517578,66.06592559814453,133.4919891357422,291.0764465332031,138.03553771972656,351.1058044433594,144.11390686035156,508.39129638671875,170.66000366210938,61.80574035644531,111.0252456665039,83.40933227539062,97.30316925048828
2025-04-09,101.59596252441406,138.47308349609375,87.82672119140625,34.73070526123047,504.15740966796875,108.19933319091797,228.83859252929688,36.14499282836914,67.54328918457031,138.5252685546875,295.0859069824219,142.0092315673828,386.6857604980469,158.0671844482422,583.4075317382812,191.10000610351562,65.1510238647461,111.36994171142578,84.31200408935547,98.33113861083984
2025-04-10,95.9592056274414,127.99490356445312,79.93757629394531,31.410146713256836,477.75323486328125,103.23979949951172,221.77833557128906,34.880157470703125,68.3254165649414,137.14564514160156,297.82354736328125,142.0580596923828,377.634765625,152.20103454589844,544.0867309570312,181.22000122070312,64.32193756103516,111.87743377685547,85.35868835449219,99.14776611328125
2025-04-11,99.04166412353516,128.61126708984375,82.91280364990234,32.78084182739258,482.27911376953125,104.73152923583984,230.65492248535156,34.97745895385742,68.97235870361328,137.4215545654297,300.8525085449219,141.5698699951172,384.6656799316406,156.5035400390625,541.3777465820312,184.8699951171875,63.444637298583984,113.88824462890625,86.2901611328125,100.52162170410156
2025-04-14,99.2817153930664,128.3173065185547,82.97037506103516,32.742225646972656,491.5844421386719,105.69049835205078,229.2096710205078,35.677978515625,69.95726013183594,139.6289825439453,306.8423767089844,142.54623413085938,384.0318603515625,158.42572021484375,529.33642578125,182.1199951171875,65.25706481933594,115.47773742675781,87.53852081298828,102.39505004882812
2025-04-15,99.00325012207031,127.5776596069336,82.26976776123047,32.58778381347656,495.39837646484375,106.97882080078125,227.65701293945312,36.9622688293457,69.38758087158203,135.90870666503906,303.357177734375,141.2672119140625,381.9721374511719,155.6768798828125,519.4166259765625,179.58999633789062,65.2281494140625,115.3724136352539,87.4040756225586,102.49112701416016
2025-04-16,100.04993438720703,128.35523986816406,82.8840103149414,32.96424865722656,486.7757263183594,104.47968292236328,224.2196502685547,36.320125579833984,69.2137680053711,133.2921600341797,300.0758361816406,139.1973876953125,367.9896545410156,152.70896911621094,500.2840881347656,174.3300018310547,63.2807502746582,115.23837280273438,86.87592315673828,101.7609634399414
2025-04-17,102.67146301269531,130.7353515625,85.39855194091797,33.89091110229492,496.9589538574219,105.75831604003906,226.5144805908203,36.39795684814453,70.48834228515625,135.90870666503906,302.21160888671875,139.9198455810547,364.1969909667969,150.5477294921875,499.4574890136719,172.61000061035156,63.926666259765625,116.62678527832031,88.1626968383789,103.48068237304688
2025-04-21,101.1638412475586,126.80956268310547,84.02610778808594,33.41792678833008,489.0289001464844,102.96856689453125,223.61419677734375,35.92121124267578,70.2662582397461,134.8525848388672,299.7069396972656,137.1860809326172,355.6213684082031,147.07188415527344,482.705322265625,167.32000732421875,62.355255126953125,115.06600189208984,86.64546203613281,101.38628387451172
2025-04-22,103.99662017822266,130.19485473632812,86.14716339111328,33.40827178955078,507.20068359375,106.92070770263672,230.0592498779297,37.28334045410156,71.35738372802734,136.4986572265625,309.7644348144531,141.6186981201172,363.24639892578125,150.8564910888672,498.2622985839844,173.17999267578125,64.24480438232422,117.32575988769531,88.21070861816406,103.90341186523438
2025-04-23,103.10357666015625,129.60693359375,86.31031799316406,32.848411560058594,516.29150390625,108.79021453857422,235.22506713867188,37.70171356201172,70.77802276611328,135.3568878173828,309.1820068359375,142.70245361328125,370.7426452636719,154.7207794189453,518.1716918945312,180.60000610351562,64.8521728515625,116.2629165649414,87.50970458984375,102.81777954101562
2025-04-24,104.31350708007812,131.87326049804688,88.10504913330078,33.717159271240234,531.9564819335938,111.97710418701172,238.89678955078125,38.50925827026367,70.02486419677734,128.74412536621094,306.9879455566406,144.08885192871094,383.5268249511719,158.63487243652344,530.999755859375,186.5399932861328,63.965232849121094,115.57349395751953,87.43289184570312,102.51033782958984
2025-04-25,104.25588989257812,131.55084228515625,88.02826690673828,33.32139587402344,531.4590454101562,112.37425994873047,237.83238220214844,38.61628341674805,69.43585205078125,126.90776824951172,307.4927978515625,143.81549072265625,388.0325012207031,161.30401611328125,545.0628051757812,188.99000549316406,63.714569091796875,114.75959014892578,86.83751678466797,102.54877471923828
2025-04-28,104.31350708007812,132.84994506835938,89.18956756591797,32.915977478027344,532.9612426757812,112.19989776611328,237.5101318359375,38.70384216308594,69.31997680664062,127.26932525634766,307.56072998046875,144.25482177734375,387.3492431640625,159.95947265625,547.5228881835938,187.6999969482422,63.81098175048828,115.5447769165039,87.14480590820312,102.856201171875
2025-04-29,104.05424499511719,132.09132385253906,88.18182373046875,32.925636291503906,535.419189453125,112.5679931640625,238.87725830078125,38.90816879272461,69.86071014404297,127.79264068603516,305.31817626953125,144.19625854492188,390.201171875,159.51129150390625,552.2039184570312,187.38999938964844,64.83287811279297,116.5310287475586,87.81698608398438,104.23966217041016
2025-04-30,101.43272399902344,129.0189971923828,85.53292083740234,32.09549331665039,534.0828857421875,112.6998062133789,238.87725830078125,38.80113983154297,70.0538330078125,129.0010223388672,310.3178405761719,146.88121032714844,391.4092712402344,158.1568145751953,546.7858276367188,184.4199981689453,64.47618103027344,116.83743286132812,88.23950958251953,104.0859375
2025-05-01,101.5767593383789,129.2086639404297,87.00133514404297,32.5684814453125,540.20849609375,114.00823211669922,241.09397888183594,39.08329391479492,68.83718872070312,127.06951904296875,304.4833068847656,145.08473205566406,421.2556457519531,160.6466827392578,569.9021606445312,190.1999969482422,63.67601776123047,116.17675018310547,87.82659149169922,103.31736755371094
2025-05-02,101.98966979980469,131.33274841308594,87.73075103759766,33.524105072021484,552.1766357421875,117.38668823242188,246.58203125,39.958946228027344,69.18479919433594,127.25979614257812,302.85235595703125,145.6119384765625,431.0393981933594,163.36561584472656,594.6122436523438,189.97999572753906,64.67862701416016,116.41612243652344,87.43289184570312,103.46147155761719
2025-05-05,99.1664810180664,128.4879913330078,84.08369445800781,32.58778381347656,545.7974853515625,116.78128814697266,246.63084411621094,40.007591247558594,69.23307037353516,125.5852279663086,306.5025939941406,143.1125030517578,431.92071533203125,163.54490661621094,596.8531494140625,186.35000610351562,63.72420883178711,115.62136840820312,87.43289184570312,103.2212905883789
2025-05-06,100.54927062988281,128.58282470703125,84.10289001464844,32.41403579711914,535.8483276367188,115.54122924804688,243.3985595703125,39.73516845703125,69.25239562988281,124.39586639404297,307.5413513183594,144.77227783203125,429.0885925292969,162.56884765625,584.9413452148438,185.00999450683594,64.14839172363281,117.7183609008789,87.59613800048828,103.2212905883789
2025-05-07,100.4532470703125,128.76296997070312,84.17967224121094,32.336814880371094,538.3453369140625,116.29307556152344,243.53526306152344,39.82273864746094,69.90898895263672,125.51861572265625,308.84222412109375,145.9438934326172,429.1282043457031,150.76686096191406,594.4029541015625,188.7100067138672,64.93892669677734,117.3927993774414,88.45077514648438,103.25971984863281
2025-05-08,101.85523223876953,129.9482879638672,85.24500274658203,33.12833786010742,551.7864379882812,119.00756072998047,247.51950073242188,40.474605560302734,68.72130584716797,125.05237579345703,304.3376770019531,144.4793701171875,433.9012451171875,153.6551055908203,595.59814453125,192.0800018310547,65.86441802978516,114.9032211303711,86.72228240966797,101.05963134765625
2025-05-09,103.04595947265625,131.32327270507812,85.02424621582031,33.3503532409668,553.1519775390625,118.83180236816406,247.13864135742188,40.65947341918945,68.09367370605469,124.11044311523438,304.5221252441406,143.6494903564453,434.4557800292969,152.13128662109375,590.1004028320312,193.05999755859375,67.78289794921875,115.21920776367188,86.76069641113281,101.46674346923828
2025-05-12,104.82245635986328,134.29127502441406,88.5561294555664,34.60521697998047,576.7958984375,124.06546783447266,253.9449920654297,42.18699645996094,67.13774108886719,125.29025268554688,302.81353759765625,143.32730102539062,444.8832092285156,157.8181915283203,636.8510131835938,208.63999938964844,67.18518829345703,110.92949676513672,84.29278564453125,97.89000701904297
2025-05-13,105.11053466796875,134.98350524902344,90.37964630126953,34.8561897277832,588.9591064453125,126.301513671875,256.8355712890625,43.08210754394531,66.58735656738281,123.98674011230469,299.6778259277344,142.27285766601562,444.764404296875,158.88385009765625,653.3841552734375,211.3699951171875,69.5182113647461,108.2675552368164,82.17058563232422,96.50390625
2025-05-14,104.16947937011719,134.3386993408203,88.84406280517578,34.75966262817383,596.5574951171875,127.95166778564453,259.4038391113281,43.529666900634766,66.78047180175781,122.21699523925781,298.5225830078125,141.72610473632812,448.52734375,164.70021057128906,656.70068359375,210.25,69.59532928466797,107.6834716796875,81.53680419921875,95.56367492675781
2025-05-15,105.2258071899414,134.89816284179688,89.21836853027344,34.479732513427734,600.7518310546875,129.3870391845703,261.2103271484375,43.17940139770508,69.14617156982422,125.1189956665039,305.29876708984375,143.57139587402344,449.5392761230469,163.29591369628906,641.2831420898438,205.1699981689453,71.8705062866211,111.01567077636719,83.90868377685547,98.49097442626953
2025-05-16,104.84785461425781,134.7464599609375,88.7096939086914,34.52799987792969,603.8048095703125,129.0648193359375,261.27874755859375,43.48101043701172,69.52275085449219,125.5757064819336,309.3081970214844,144.5672607421875,450.67022705078125,165.51687622070312,637.7573852539062,205.58999633789062,72.3043212890625,112.33458709716797,85.18584442138672,99.87709045410156
2025-05-19,103.18097686767578,132.92283630371094,87.50947570800781,33.89091110229492,597.2402954101562,127.75640106201172,258.6616516113281,43.55885314941406,69.45515441894531,125.39492797851562,311.8517150878906,146.10987854003906,455.2337951660156,165.86544799804688,637.8470458984375,206.16000366210938,71.2052993774414,113.03993225097656,86.64806365966797,100.59436798095703
2025-05-20,101.70793151855469,131.7518768310547,86.81256866455078,33.369659423828125,591.6024780273438,126.08670043945312,259.4428405761719,43.48101043701172,69.22342681884766,125.40444946289062,310.4634704589844,145.50454711914062,454.5393371582031,163.31582641601562,634.5304565429688,204.07000732421875,71.73553466796875,113.34912872314453,87.95532989501953,100.54590606689453
2025-05-21,100.4577865600586,130.110595703125,84.35405731201172,32.693965911865234,578.86376953125,122.34696197509766,254.91175842285156,42.0799674987793,69.37792205810547,123.83450317382812,307.2015380859375,142.9660186767578,448.9837341308594,167.87725830078125,632.9369506835938,201.1199951171875,68.96869659423828,112.50850677490234,86.8223648071289,99.77046203613281
2025-05-22,99.78910064697266,129.85145568847656,83.36677551269531,32.57813262939453,583.516357421875,123.28433990478516,254.55047607421875,42.13835144042969,68.69234466552734,123.80595397949219,305.1337585449219,142.0580596923828,451.2555847167969,170.1779022216797,634.0026245117188,203.10000610351562,64.53401947021484,111.66787719726562,86.02830505371094,98.6751480102539
2025-05-23,99.84724426269531,131.05120849609375,82.45693969726562,32.49126052856445,583.8187255859375,123.09880828857422,254.5895233154297,42.03132629394531,69.30066680908203,123.06380462646484,305.38616943359375,142.0092315673828,446.6126708984375,167.78762817382812,624.5309448242188,200.99000549316406,65.32455444335938,112.55681610107422,86.80298614501953,99.72199249267578
2025-05-27,100.32210540771484,132.2893524169922,82.8053970336914,32.75188446044922,600.5859985351562,126.1648178100586,259.06201171875,43.02373123168945,69.3103256225586,124.99530792236328,305.755126953125,141.3715057373047,457.03936767578125,172.19969177246094,639.7293701171875,206.02000427246094,65.59449005126953,112.45052337646484,87.07413482666016,99.7510757446289
2025-05-28,98.9556655883789,130.5521240234375,81.86651611328125,32.41403579711914,593.4752807617188,124.50487518310547,257.3042297363281,42.86806106567383,68.7020034790039,124.32926940917969,303.7066955566406,140.44921875,453.7357482910156,171.66188049316406,640.9844360351562,204.72000122070312,64.7943115234375,110.585693359375,85.42794036865234,98.55883026123047
2025-05-29,99.51774597167969,132.36614990234375,82.85379028320312,32.510562896728516,589.9833374023438,125.13955688476562,258.1636047363281,43.04319381713867,69.0302963256836,125.51861572265625,302.7552795410156,141.32241821289062,455.0452880859375,171.16392517089844,642.4483642578125,205.6999969482422,66.51034545898438,111.55193328857422,85.941162109375,99.38273620605469
2025-05-30,99.13980865478516,131.20477294921875,82.61180877685547,31.902435302734375,588.6011962890625,125.01261138916016,257.80230712890625,42.9361686706543,69.61930847167969,125.07142639160156,304.6871643066406,141.22433471679688,456.71197509765625,171.04440307617188,644.8785400390625,205.00999450683594,68.10104370117188,113.74529266357422,87.15159606933594,100.31327056884766
2025-06-02,99.86663818359375,132.2989501953125,83.9378662109375,32.18236541748047,586.9052734375,125.3739013671875,258.4468078613281,42.88752365112305,69.52275085449219,124.55763244628906,305.27294921875,141.9013214111328,458.3092041015625,168.34535217285156,668.1942138671875,206.64999389648438,68.17587280273438,113.27183532714844,87.09349822998047,100.0127944946289
2025-06-03,100.59346771240234,133.9402313232422,85.08967590332031,32.925636291503906,591.9144287109375,125.64728546142578,260.01898193359375,43.442100524902344,68.71165466308594,125.4520263671875,304.9898376464844,141.25375366210938,459.3013000488281,165.50689697265625,664.1604614257812,205.7100067138672,68.9533462524414,112.78871154785156,86.75457000732422,99.67353057861328
2025-06-04,99.13980865478516,131.84783935546875,83.19255065917969,32.3561897277832,587.3856201171875,125.13955688476562,258.01708984375,43.15994644165039,68.91443634033203,125.34736633300781,304.1892395019531,141.29299926757812,460.1941833496094,167.3693389892578,685.1754150390625,207.22999572753906,67.91346740722656,112.06403350830078,85.49571990966797,98.7236099243164
2025-06-05,98.684326171875,131.396728515625,82.61180877685547,32.200443267822266,593.9240112304688,127.54158020019531,255.80043029785156,43.17940139770508,68.47026062011719,124.74793243408203,301.6606140136719,140.184326171875,463.9739685058594,167.5286865234375,681.8588256835938,207.91000366210938,69.48787689208984,111.83213806152344,85.5828628540039,98.64606475830078
2025-06-06,101.04894256591797,134.5736846923828,84.42180633544922,32.96943664550781,601.8837890625,128.7133026123047,259.49169921875,44.01128005981445,68.8951187133789,125.0778579711914,300.0789794921875,142.0975341796875,466.652587890625,172.9765167236328,694.89599609375,213.57000732421875,70.12930297851562,111.33936309814453,85.4666748046875,98.66545104980469
2025-06-09,101.72732543945312,135.1015625,85.21551513671875,33.21278762817383,601.4132080078125,128.84024047851562,260.47796630859375,43.91341018676758,69.30066680908203,125.01053619384766,297.56005859375,140.43942260742188,469.0038146972656,175.58908081054688,691.2606811523438,216.97999572753906,69.87662506103516,111.57125854492188,85.6990737915039,98.29712677001953
2025-06-10,103.9078140258789,137.5874481201172,88.25477600097656,34.575565338134766,602.736572265625,128.7133026123047,262.2943420410156,44.12872314453125,69.86071014404297,126.8093032836914,293.3131408691406,141.20469665527344,467.1883239746094,178.09194946289062,699.567138671875,217.61000061035156,70.7610092163086,112.40222930908203,86.4737548828125,98.74300384521484
2025-06-11,105.9332504272461,138.9599609375,90.35514831542969,34.74103927612305,611.85302734375,128.7035369873047,261.8548889160156,43.776397705078125,69.59034729003906,124.95280456542969,294.5726013183594,140.70433044433594,468.8748474121094,176.8455047607422,691.3403930664062,213.1999969482422,70.94566345214844,112.42154693603516,86.7158432006836,98.81085968017578
2025-06-12,106.34028625488281,139.142333984375,91.65216827392578,34.682640075683594,612.7745361328125,128.81094360351562,261.9427490234375,43.66874313354492,69.7544937133789,127.26139831542969,295.9784851074219,141.25375366210938,475.0752868652344,175.2001953125,690.5635375976562,213.24000549316406,71.76202392578125,113.32014465332031,87.50020599365234,99.8576889038086
2025-06-13,108.65644836425781,140.04454040527344,93.8493423461914,35.3348274230957,601.432861328125,126.43822479248047,258.7300109863281,43.15004348754883,69.06404113769531,125.86664581298828,294.758056640625,141.28318786621094,471.1962890625,174.17312622070312,680.1159057617188,212.10000610351562,72.67557525634766,112.91432189941406,87.49051666259766,99.74137878417969
2025-06-16,109.00533294677734,140.15972900390625,91.95221710205078,34.955196380615234,615.4603881835938,127.81497955322266,264.0129699707031,43.46321487426758,68.57781982421875,126.40530395507812,289.2712097167969,139.26205444335938,475.3431701660156,176.26715087890625,699.8262939453125,216.10000610351562,71.70372009277344,111.50362396240234,86.12515258789062,98.7817611694336
2025-06-17,110.47836303710938,142.8663787841797,92.4361801147461,35.12067794799805,612.3138427734375,127.02406311035156,263.19268798828125,43.287052154541016,67.70260620117188,124.36603546142578,285.385498046875,137.34886169433594,474.25189208984375,175.44947814941406,694.9522094726562,214.82000732421875,69.8377456665039,110.9142074584961,85.6216049194336,98.50067901611328
2025-06-18,109.69339752197266,142.23287963867188,90.79072570800781,34.896793365478516,622.70458984375,129.39682006835938,267.5284423828125,44.099365234375,67.30390167236328,124.1544189453125,282.76898193359375,135.74961853027344,476.4344482421875,172.82696533203125,693.4970703125,212.52000427246094,69.555908203125,110.7113037109375,85.824951171875,98.09355926513672
2025-06-20,111.15673828125,143.5382080078125,91.65216827392578,34.88705825805664,628.1548461914062,129.58233642578125,268.5440673828125,44.52998352050781,66.944091796875,124.1544189453125,280.650390625,136.43638610839844,473.616943359375,166.1659698486328,680.120849609375,209.69000244140625,69.51702880859375,111.50362396240234,86.4737548828125,98.6266860961914
2025-06-23,108.28817749023438,140.9563446044922,88.76776123046875,32.833160400390625,634.1149291992188,130.8419189453125,271.7372741699219,45.312923431396484,67.81929779052734,124.17365264892578,282.6615905761719,138.72244262695312,482.1488037109375,164.72010803222656,696.248046875,208.47000122070312,68.73955535888672,113.0206069946289,87.8003921508789,100.13880157470703
2025-06-24,104.99320983886719,137.7794189453125,86.5221939086914,32.609275817871094,649.0443725585938,132.6971435546875,274.6571044921875,45.665252685546875,68.27635955810547,126.05902862548828,284.5654296875,140.00772094726562,486.2261962890625,166.29559326171875,709.8733520507812,212.77000427246094,69.39069366455078,113.00127410888672,88.01343536376953,100.1097183227539
2025-06-25,105.02228546142578,137.47227478027344,86.14470672607422,32.29778289794922,656.6511840820312,134.47425842285156,277.391357421875,45.851200103759766,67.71233367919922,123.1444091796875,278.78564453125,144.40318298339844,488.3691101074219,170.19447326660156,706.3648681640625,211.99000549316406,68.36051177978516,112.03504180908203,87.5389404296875,98.29712677001953
2025-06-26,106.59224700927734,138.63363647460938,87.97407531738281,32.93050003051758,673.6000366210938,136.45639038085938,281.9712219238281,46.44819641113281,67.55674743652344,123.3367919921875,278.86370849609375,144.27565002441406,493.508056640625,173.04632568359375,723.7180786132812,217.1199951171875,68.99222564697266,112.32492065429688,87.49051666259766,99.20825958251953
2025-06-27,106.00109100341797,138.009765625,87.27717590332031,33.105712890625,677.177978515625,137.37425231933594,280.3697509765625,46.11544418334961,68.39305114746094,126.04939270019531,284.6434631347656,145.6099853515625,492.010009765625,178.0221405029297,731.2333984375,223.3000030517578,68.8950424194336,112.97229766845703,88.02311706542969,99.31488800048828
